1.563844192868761600e+16
6.538236230893568000e+15
2.013988816683008000e+15
2.658354405048320000e+14
3.194383394406400000e+13
4.739437019791360000e+14
1.076539055669248000e+15
1.560986267942912000e+15
1.812336209821696000e+15
1.820316930146304000e+15
1.633270164881408000e+15
1.324369003413504000e+15
9.685325064437760000e+14
6.283172081827840000e+14
3.471918350991360000e+14
1.480636791521280000e+14
3.550811783168000000e+13
5.508783308800000000e+10
2.332731165900800000e+13
8.304163238707200000e+13
1.572416551649280000e+14
2.273866583900160000e+14
2.801949422387200000e+14
3.082855047495680000e+14
3.098602142433280000e+14
2.876460394086400000e+14
2.475080936325120000e+14
1.968818712739840000e+14
1.433813427159040000e+14
9.364231631667200000e+13
5.259121603379200000e+13
2.307946604134400000e+13
5.891222405120000000e+12
4.101804441600000000e+10
3.250098536448000000e+12
1.250987973017600000e+13
2.463810296217600000e+13
3.674074827980800000e+13
4.655694217216000000e+13
5.263614541824000000e+13
5.438273748992000000e+13
5.196171391795200000e+13
4.613088896614400000e+13
3.801658425344000000e+13
2.887782288588800000e+13
1.990980743987200000e+13
1.208291845734400000e+13
6.050402009088000000e+12
2.113121419264000000e+12
2.440861122560000000e+11
1.508604477440000000e+11
1.365351202816000000e+12
3.340133728256000000e+12
5.537290780672000000e+12
7.502842298368000000e+12
8.909082329088000000e+12
9.578643193856000000e+12
9.479799177216000000e+12
8.701368860672000000e+12
7.417161056256000000e+12
5.846682042368000000e+12
4.212284981248000000e+12
2.710411411456000000e+12
1.486056587264000000e+12
6.216560148480000000e+11
1.376850903040000000e+11
3.582222080000000000e+08
1.365255536640000000e+11
4.507295744000000000e+11
8.428428328960000000e+11
1.222633979904000000e+12
1.520614113280000000e+12
1.693286006784000000e+12
1.725587652608000000e+12
1.625686671360000000e+12
1.420881952768000000e+12
1.149482958848000000e+12
8.527735029760000000e+11
5.692624732160000000e+11
3.290004193280000000e+11
1.511785594880000000e+11
4.307926220800000000e+10
1.321709696000000000e+09
1.423093760000000000e+10
6.495265177600000000e+10
1.349558190080000000e+11
2.066515066880000000e+11
2.660751114240000000e+11
3.038246010880000000e+11
3.157697167360000000e+11
3.025372119040000000e+11
2.684884090880000000e+11
2.204144599040000000e+11
1.660861644800000000e+11
1.129681305600000000e+11
6.697693593600000000e+10
3.203808256000000000e+10
1.005940736000000000e+10
6.505801600000000000e+08
1.846720896000000000e+09
1.057498828800000000e+10
2.335481651200000000e+10
3.685679104000000000e+10
4.827471462400000000e+10
5.579427840000000000e+10
5.841568972800000000e+10
5.636647731200000000e+10
5.026629222400000000e+10
4.144189030400000000e+10
3.132789964800000000e+10
2.134245171200000000e+10
1.265973760000000000e+10
6.073695744000000000e+09
1.904885632000000000e+09
1.228178800000000000e+08
3.529792320000000000e+08
2.009069824000000000e+09
4.439636992000000000e+09
6.978297856000000000e+09
9.134287872000000000e+09
1.049754931200000000e+10
1.098166988800000000e+10
1.052941824000000000e+10
9.336619008000000000e+09
7.637229568000000000e+09
5.719908352000000000e+09
3.847879424000000000e+09
2.231966464000000000e+09
1.024851904000000000e+09
2.917835840000000000e+08
8.310844000000000000e+06
9.947798400000000000e+07
4.462451840000000000e+08
9.241658240000000000e+08
1.402132096000000000e+09
1.797676928000000000e+09
2.030309376000000000e+09
2.073465472000000000e+09
1.960171136000000000e+09
1.717678336000000000e+09
1.379402624000000000e+09
1.012243136000000000e+09
6.572048640000000000e+08
3.629586240000000000e+08
1.539156000000000000e+08
3.440888000000000000e+07
1.075080781250000000e+05
3.297360800000000000e+07
1.105466640000000000e+08
2.081811680000000000e+08
2.949774400000000000e+08
3.621204160000000000e+08
3.975251840000000000e+08
3.975251840000000000e+08
3.644433600000000000e+08
3.125571520000000000e+08
2.418163520000000000e+08
1.680438560000000000e+08
1.053471680000000000e+08
5.429546000000000000e+07
2.018534800000000000e+07
2.978121000000000000e+06
8.256960625000000000e+05
1.112490300000000000e+07
2.781606800000000000e+07
4.518452400000000000e+07
6.325163200000000000e+07
7.687584800000000000e+07
7.836852800000000000e+07
7.804740000000000000e+07
6.888504800000000000e+07
5.668874800000000000e+07
4.040750000000000000e+07
2.585081200000000000e+07
1.424567500000000000e+07
6.114931500000000000e+06
1.487385000000000000e+06
1.522768457031250000e+04
1.747870500000000000e+06
5.220665000000000000e+06
9.364581000000000000e+06
1.267043900000000000e+07
1.431405200000000000e+07
1.444764100000000000e+07
1.445497100000000000e+07
1.404102800000000000e+07
1.193613500000000000e+07
9.426634000000000000e+06
6.762572000000000000e+06
4.102831000000000000e+06
2.292497750000000000e+06
1.006163625000000000e+06
2.457216562500000000e+05
2.288359069824218750e+01
2.307920781250000000e+05
7.657183750000000000e+05
1.654304750000000000e+06
2.043443250000000000e+06
2.289425750000000000e+06
2.337307000000000000e+06
2.340913250000000000e+06
2.310043750000000000e+06
2.283761500000000000e+06
2.124295500000000000e+06
1.803964500000000000e+06
1.482299750000000000e+06
1.236414625000000000e+06
9.788588125000000000e+05
7.979900000000000000e+05
3.843416875000000000e+05
2.043644687500000000e+05
1.269717031250000000e+05
3.147928515625000000e+04
1.983683471679687500e+03
7.066483398437500000e+03
3.829407812500000000e+04
5.172728515625000000e+04
6.110288281250000000e+04
8.785528125000000000e+04
1.134516875000000000e+05
1.082848906250000000e+05
1.153356718750000000e+05
1.153356718750000000e+05
1.153356718750000000e+05
1.153356718750000000e+05
1.153356718750000000e+05
1.153356718750000000e+05
1.050664843750000000e+05
1.082848906250000000e+05
1.134516875000000000e+05
1.134516875000000000e+05
1.032696875000000000e+05
7.780809375000000000e+04
6.815129687500000000e+04
5.172728515625000000e+04
5.022568359375000000e+04
4.204408203125000000e+04
3.110008789062500000e+04
2.003608203125000000e+04
1.744288476562500000e+04
1.199768457031250000e+04
8.747684570312500000e+03
5.684083496093750000e+03
2.574883544921875000e+03
1.885683837890625000e+03
6.900836791992187500e+02
3.032835693359375000e+02
2.428835601806640625e+02
2.360835876464843750e+02
2.360835876464843750e+02
8.128359222412109375e+01
8.128359222412109375e+01
8.128359222412109375e+01
8.128359222412109375e+01
8.128359222412109375e+01
1.048358726501464844e+01
2.488358688354492188e+01
2.488358688354492188e+01
2.488358688354492188e+01
2.488358688354492188e+01
2.488358688354492188e+01
2.488358688354492188e+01
2.488358688354492188e+01
2.488358688354492188e+01
2.488358688354492188e+01
2.488358688354492188e+01
2.488358688354492188e+01
2.488358688354492188e+01
2.488358688354492188e+01
2.488358688354492188e+01
2.488358688354492188e+01
2.488358688354492188e+01
2.488358688354492188e+01
2.488358688354492188e+01
2.488358688354492188e+01
2.488358688354492188e+01
2.488358688354492188e+01
2.488358688354492188e+01
2.488358688354492188e+01
2.488358688354492188e+01
2.488358688354492188e+01
2.488358688354492188e+01
2.488358688354492188e+01
2.488358688354492188e+01
2.488358688354492188e+01
2.488358688354492188e+01
2.488358688354492188e+01
2.488358688354492188e+01
2.488358688354492188e+01
2.488358688354492188e+01
2.488358688354492188e+01
2.488358688354492188e+01
2.488358688354492188e+01
2.488358688354492188e+01
2.488358688354492188e+01
2.488358688354492188e+01
2.488358688354492188e+01
2.488358688354492188e+01
2.488358688354492188e+01
2.488358688354492188e+01
2.488358688354492188e+01
2.488358688354492188e+01
2.488358688354492188e+01
2.488358688354492188e+01
2.488358688354492188e+01
2.488358688354492188e+01
2.488358688354492188e+01
2.488358688354492188e+01
2.488358688354492188e+01
2.488358688354492188e+01
2.488358688354492188e+01
2.488358688354492188e+01
2.488358688354492188e+01
2.488358688354492188e+01
2.488358688354492188e+01
2.488358688354492188e+01
2.488358688354492188e+01
2.488358688354492188e+01
2.488358688354492188e+01
2.488358688354492188e+01
2.488358688354492188e+01
2.488358688354492188e+01
2.488358688354492188e+01
2.488358688354492188e+01
2.488358688354492188e+01
2.488358688354492188e+01
2.488358688354492188e+01
2.488358688354492188e+01
2.488358688354492188e+01
2.488358688354492188e+01
2.488358688354492188e+01
2.488358688354492188e+01
2.488358688354492188e+01
2.488358688354492188e+01
2.488358688354492188e+01
2.488358688354492188e+01
2.488358688354492188e+01
2.488358688354492188e+01
2.488358688354492188e+01
2.488358688354492188e+01
2.488358688354492188e+01
2.488358688354492188e+01
2.488358688354492188e+01
2.488358688354492188e+01
2.488358688354492188e+01
2.488358688354492188e+01
2.488358688354492188e+01
2.488358688354492188e+01
2.488358688354492188e+01
2.488358688354492188e+01
2.488358688354492188e+01
2.488358688354492188e+01
2.488358688354492188e+01
2.488358688354492188e+01
1.244836044311523438e+02
1.244836044311523438e+02
1.244836044311523438e+02
1.244836044311523438e+02
1.244836044311523438e+02
1.244836044311523438e+02
1.244836044311523438e+02
1.244836044311523438e+02
1.244836044311523438e+02
1.244836044311523438e+02
1.244836044311523438e+02
1.244836044311523438e+02
1.244836044311523438e+02
1.244836044311523438e+02
1.244836044311523438e+02
1.244836044311523438e+02
1.244836044311523438e+02
1.244836044311523438e+02
1.244836044311523438e+02
1.244836044311523438e+02
1.244836044311523438e+02
1.244836044311523438e+02
1.244836044311523438e+02
1.244836044311523438e+02
1.244836044311523438e+02
1.244836044311523438e+02
1.244836044311523438e+02
1.244836044311523438e+02
1.244836044311523438e+02
1.244836044311523438e+02
1.244836044311523438e+02
1.244836044311523438e+02
1.244836044311523438e+02
1.244836044311523438e+02
1.244836044311523438e+02
8.128359222412109375e+01
8.128359222412109375e+01
8.128359222412109375e+01
8.128359222412109375e+01
8.128359222412109375e+01
8.128359222412109375e+01
8.128359222412109375e+01
8.128359222412109375e+01
8.128359222412109375e+01
8.128359222412109375e+01
8.128359222412109375e+01
8.128359222412109375e+01
8.128359222412109375e+01
8.128359222412109375e+01
8.128359222412109375e+01
8.128359222412109375e+01
8.128359222412109375e+01
8.128359222412109375e+01
8.128359222412109375e+01
8.128359222412109375e+01
8.128359222412109375e+01
8.128359222412109375e+01
2.060835876464843750e+02
2.060835876464843750e+02
2.060835876464843750e+02
2.060835876464843750e+02
2.060835876464843750e+02
2.060835876464843750e+02
2.060835876464843750e+02
2.060835876464843750e+02
2.060835876464843750e+02
2.060835876464843750e+02
8.128359222412109375e+01
8.128359222412109375e+01
8.128359222412109375e+01
8.128359222412109375e+01
8.128359222412109375e+01
8.128359222412109375e+01
8.128359222412109375e+01
8.128359222412109375e+01
8.128359222412109375e+01
8.128359222412109375e+01
8.128359222412109375e+01
2.060835876464843750e+02
2.060835876464843750e+02
2.060835876464843750e+02
2.060835876464843750e+02
2.060835876464843750e+02
8.128359222412109375e+01
8.128359222412109375e+01
8.128359222412109375e+01
8.128359222412109375e+01
8.128359222412109375e+01
8.128359222412109375e+01
8.128359222412109375e+01
2.060835876464843750e+02
2.060835876464843750e+02
2.060835876464843750e+02
2.060835876464843750e+02
8.128359222412109375e+01
8.128359222412109375e+01
8.128359222412109375e+01
8.128359222412109375e+01
8.128359222412109375e+01
8.128359222412109375e+01
2.060835876464843750e+02
2.060835876464843750e+02
2.060835876464843750e+02
2.060835876464843750e+02
8.128359222412109375e+01
8.128359222412109375e+01
8.128359222412109375e+01
8.128359222412109375e+01
8.128359222412109375e+01
8.128359222412109375e+01
2.060835876464843750e+02
2.060835876464843750e+02
2.060835876464843750e+02
2.060835876464843750e+02
8.128359222412109375e+01
8.128359222412109375e+01
8.128359222412109375e+01
8.128359222412109375e+01
8.128359222412109375e+01
8.128359222412109375e+01
8.128359222412109375e+01
2.060835876464843750e+02
2.060835876464843750e+02
2.060835876464843750e+02
2.060835876464843750e+02
8.128359222412109375e+01
8.128359222412109375e+01
8.128359222412109375e+01
8.128359222412109375e+01
8.128359222412109375e+01
8.128359222412109375e+01
2.060835876464843750e+02
2.060835876464843750e+02
2.060835876464843750e+02
2.060835876464843750e+02
8.128359222412109375e+01
8.128359222412109375e+01
8.128359222412109375e+01
8.128359222412109375e+01
8.128359222412109375e+01
8.128359222412109375e+01
2.060835876464843750e+02
2.060835876464843750e+02
2.060835876464843750e+02
2.060835876464843750e+02
8.128359222412109375e+01
8.128359222412109375e+01
8.128359222412109375e+01
8.128359222412109375e+01
8.128359222412109375e+01
8.128359222412109375e+01
2.060835876464843750e+02
2.060835876464843750e+02
2.060835876464843750e+02
2.060835876464843750e+02
8.128359222412109375e+01
8.128359222412109375e+01
8.128359222412109375e+01
8.128359222412109375e+01
8.128359222412109375e+01
8.128359222412109375e+01
2.060835876464843750e+02
2.060835876464843750e+02
2.060835876464843750e+02
2.060835876464843750e+02
8.128359222412109375e+01
8.128359222412109375e+01
8.128359222412109375e+01
8.128359222412109375e+01
8.128359222412109375e+01
8.128359222412109375e+01
2.060835876464843750e+02
2.060835876464843750e+02
2.060835876464843750e+02
2.060835876464843750e+02
8.128359222412109375e+01
8.128359222412109375e+01
8.128359222412109375e+01
8.128359222412109375e+01
8.128359222412109375e+01
8.128359222412109375e+01
2.060835876464843750e+02
2.060835876464843750e+02
2.060835876464843750e+02
2.060835876464843750e+02
8.128359222412109375e+01
8.128359222412109375e+01
8.128359222412109375e+01
8.128359222412109375e+01
8.128359222412109375e+01
8.128359222412109375e+01
2.060835876464843750e+02
2.060835876464843750e+02
2.060835876464843750e+02
8.128359222412109375e+01
8.128359222412109375e+01
8.128359222412109375e+01
8.128359222412109375e+01
8.128359222412109375e+01
2.060835876464843750e+02
2.060835876464843750e+02
2.060835876464843750e+02
8.128359222412109375e+01
8.128359222412109375e+01
8.128359222412109375e+01
8.128359222412109375e+01
8.128359222412109375e+01
2.060835876464843750e+02
2.060835876464843750e+02
2.060835876464843750e+02
8.128359222412109375e+01
8.128359222412109375e+01
8.128359222412109375e+01
8.128359222412109375e+01
8.128359222412109375e+01
2.060835876464843750e+02
2.060835876464843750e+02
2.060835876464843750e+02
8.128359222412109375e+01
8.128359222412109375e+01
8.128359222412109375e+01
8.128359222412109375e+01
8.128359222412109375e+01
2.060835876464843750e+02
2.060835876464843750e+02
2.060835876464843750e+02
8.128359222412109375e+01
8.128359222412109375e+01
8.128359222412109375e+01
8.128359222412109375e+01
8.128359222412109375e+01
2.060835876464843750e+02
2.060835876464843750e+02
2.060835876464843750e+02
8.128359222412109375e+01
8.128359222412109375e+01
8.128359222412109375e+01
8.128359222412109375e+01
8.128359222412109375e+01
2.060835876464843750e+02
2.060835876464843750e+02
2.060835876464843750e+02
8.128359222412109375e+01
8.128359222412109375e+01
8.128359222412109375e+01
8.128359222412109375e+01
8.128359222412109375e+01
2.060835876464843750e+02
2.060835876464843750e+02
2.060835876464843750e+02
8.128359222412109375e+01
8.128359222412109375e+01
8.128359222412109375e+01
8.128359222412109375e+01
8.128359222412109375e+01
2.060835876464843750e+02
2.060835876464843750e+02
2.060835876464843750e+02
8.128359222412109375e+01
8.128359222412109375e+01
8.128359222412109375e+01
8.128359222412109375e+01
8.128359222412109375e+01
2.060835876464843750e+02
2.060835876464843750e+02
2.060835876464843750e+02
8.128359222412109375e+01
8.128359222412109375e+01
8.128359222412109375e+01
8.128359222412109375e+01
8.128359222412109375e+01
2.060835876464843750e+02
2.060835876464843750e+02
2.060835876464843750e+02
8.128359222412109375e+01
8.128359222412109375e+01
8.128359222412109375e+01
8.128359222412109375e+01
8.128359222412109375e+01
2.060835876464843750e+02
2.060835876464843750e+02
2.060835876464843750e+02
8.128359222412109375e+01
8.128359222412109375e+01
8.128359222412109375e+01
8.128359222412109375e+01
8.128359222412109375e+01
2.060835876464843750e+02
2.060835876464843750e+02
2.060835876464843750e+02
8.128359222412109375e+01
8.128359222412109375e+01
8.128359222412109375e+01
8.128359222412109375e+01
8.128359222412109375e+01
2.060835876464843750e+02
2.060835876464843750e+02
2.060835876464843750e+02
8.128359222412109375e+01
8.128359222412109375e+01
8.128359222412109375e+01
8.128359222412109375e+01
8.128359222412109375e+01
2.060835876464843750e+02
2.060835876464843750e+02
2.060835876464843750e+02
8.128359222412109375e+01
8.128359222412109375e+01
8.128359222412109375e+01
8.128359222412109375e+01
8.128359222412109375e+01
2.060835876464843750e+02
2.060835876464843750e+02
2.060835876464843750e+02
8.128359222412109375e+01
8.128359222412109375e+01
8.128359222412109375e+01
8.128359222412109375e+01
8.128359222412109375e+01
2.060835876464843750e+02
2.060835876464843750e+02
2.060835876464843750e+02
8.128359222412109375e+01
8.128359222412109375e+01
8.128359222412109375e+01
8.128359222412109375e+01
8.128359222412109375e+01
2.060835876464843750e+02
2.060835876464843750e+02
2.060835876464843750e+02
8.128359222412109375e+01
8.128359222412109375e+01
8.128359222412109375e+01
8.128359222412109375e+01
8.128359222412109375e+01
2.060835876464843750e+02
2.060835876464843750e+02
2.060835876464843750e+02
8.128359222412109375e+01
8.128359222412109375e+01
8.128359222412109375e+01
8.128359222412109375e+01
8.128359222412109375e+01
2.060835876464843750e+02
2.060835876464843750e+02
2.060835876464843750e+02
8.128359222412109375e+01
8.128359222412109375e+01
8.128359222412109375e+01
8.128359222412109375e+01
8.128359222412109375e+01
2.060835876464843750e+02
2.060835876464843750e+02
2.060835876464843750e+02
8.128359222412109375e+01
8.128359222412109375e+01
8.128359222412109375e+01
8.128359222412109375e+01
8.128359222412109375e+01
2.060835876464843750e+02
2.060835876464843750e+02
2.060835876464843750e+02
8.128359222412109375e+01
8.128359222412109375e+01
8.128359222412109375e+01
8.128359222412109375e+01
8.128359222412109375e+01
2.060835876464843750e+02
2.060835876464843750e+02
2.060835876464843750e+02
8.128359222412109375e+01
8.128359222412109375e+01
8.128359222412109375e+01
8.128359222412109375e+01
8.128359222412109375e+01
2.060835876464843750e+02
2.060835876464843750e+02
2.060835876464843750e+02
8.128359222412109375e+01
8.128359222412109375e+01
8.128359222412109375e+01
8.128359222412109375e+01
8.128359222412109375e+01
2.060835876464843750e+02
2.060835876464843750e+02
2.060835876464843750e+02
8.128359222412109375e+01
8.128359222412109375e+01
8.128359222412109375e+01
8.128359222412109375e+01
8.128359222412109375e+01
2.060835876464843750e+02
2.060835876464843750e+02
2.060835876464843750e+02
8.128359222412109375e+01
8.128359222412109375e+01
8.128359222412109375e+01
8.128359222412109375e+01
8.128359222412109375e+01
2.060835876464843750e+02
2.060835876464843750e+02
2.060835876464843750e+02
8.128359222412109375e+01
8.128359222412109375e+01
8.128359222412109375e+01
8.128359222412109375e+01
8.128359222412109375e+01
2.060835876464843750e+02
2.060835876464843750e+02
2.060835876464843750e+02
8.128359222412109375e+01
8.128359222412109375e+01
8.128359222412109375e+01
8.128359222412109375e+01
8.128359222412109375e+01
2.060835876464843750e+02
2.060835876464843750e+02
2.060835876464843750e+02
8.128359222412109375e+01
8.128359222412109375e+01
8.128359222412109375e+01
8.128359222412109375e+01
8.128359222412109375e+01
2.060835876464843750e+02
2.060835876464843750e+02
2.060835876464843750e+02
8.128359222412109375e+01
8.128359222412109375e+01
8.128359222412109375e+01
8.128359222412109375e+01
8.128359222412109375e+01
2.060835876464843750e+02
2.060835876464843750e+02
2.060835876464843750e+02
8.128359222412109375e+01
8.128359222412109375e+01
8.128359222412109375e+01
8.128359222412109375e+01
8.128359222412109375e+01
2.060835876464843750e+02
2.060835876464843750e+02
2.060835876464843750e+02
8.128359222412109375e+01
8.128359222412109375e+01
8.128359222412109375e+01
8.128359222412109375e+01
8.128359222412109375e+01
2.060835876464843750e+02
2.060835876464843750e+02
2.060835876464843750e+02
8.128359222412109375e+01
8.128359222412109375e+01
8.128359222412109375e+01
8.128359222412109375e+01
8.128359222412109375e+01
2.060835876464843750e+02
2.060835876464843750e+02
2.060835876464843750e+02
8.128359222412109375e+01
8.128359222412109375e+01
8.128359222412109375e+01
8.128359222412109375e+01
8.128359222412109375e+01
2.060835876464843750e+02
2.060835876464843750e+02
2.060835876464843750e+02
8.128359222412109375e+01
8.128359222412109375e+01
8.128359222412109375e+01
8.128359222412109375e+01
8.128359222412109375e+01
2.060835876464843750e+02
2.060835876464843750e+02
2.060835876464843750e+02
8.128359222412109375e+01
8.128359222412109375e+01
8.128359222412109375e+01
8.128359222412109375e+01
8.128359222412109375e+01
2.060835876464843750e+02
2.060835876464843750e+02
2.060835876464843750e+02
8.128359222412109375e+01
8.128359222412109375e+01
8.128359222412109375e+01
8.128359222412109375e+01
8.128359222412109375e+01
2.060835876464843750e+02
2.060835876464843750e+02
2.060835876464843750e+02
8.128359222412109375e+01
8.128359222412109375e+01
8.128359222412109375e+01
8.128359222412109375e+01
8.128359222412109375e+01
2.060835876464843750e+02
2.060835876464843750e+02
2.060835876464843750e+02
8.128359222412109375e+01
8.128359222412109375e+01
8.128359222412109375e+01
8.128359222412109375e+01
8.128359222412109375e+01
2.060835876464843750e+02
2.060835876464843750e+02
2.060835876464843750e+02
8.128359222412109375e+01
8.128359222412109375e+01
8.128359222412109375e+01
8.128359222412109375e+01
8.128359222412109375e+01
2.060835876464843750e+02
2.060835876464843750e+02
2.060835876464843750e+02
8.128359222412109375e+01
8.128359222412109375e+01
8.128359222412109375e+01
8.128359222412109375e+01
8.128359222412109375e+01
2.060835876464843750e+02
2.060835876464843750e+02
2.060835876464843750e+02
8.128359222412109375e+01
8.128359222412109375e+01
8.128359222412109375e+01
8.128359222412109375e+01
2.060835876464843750e+02
2.060835876464843750e+02
2.060835876464843750e+02
8.128359222412109375e+01
8.128359222412109375e+01
8.128359222412109375e+01
8.128359222412109375e+01
8.128359222412109375e+01
8.128359222412109375e+01
2.060835876464843750e+02
2.060835876464843750e+02
2.060835876464843750e+02
8.128359222412109375e+01
8.128359222412109375e+01
8.128359222412109375e+01
8.128359222412109375e+01
2.060835876464843750e+02
2.060835876464843750e+02
2.060835876464843750e+02
8.128359222412109375e+01
8.128359222412109375e+01
8.128359222412109375e+01
8.128359222412109375e+01
8.128359222412109375e+01
2.060835876464843750e+02
2.060835876464843750e+02
2.060835876464843750e+02
8.128359222412109375e+01
8.128359222412109375e+01
8.128359222412109375e+01
8.128359222412109375e+01
8.128359222412109375e+01
2.060835876464843750e+02
2.060835876464843750e+02
2.060835876464843750e+02
8.128359222412109375e+01
8.128359222412109375e+01
8.128359222412109375e+01
8.128359222412109375e+01
2.060835876464843750e+02
2.060835876464843750e+02
2.060835876464843750e+02
8.128359222412109375e+01
8.128359222412109375e+01
8.128359222412109375e+01
8.128359222412109375e+01
8.128359222412109375e+01
8.128359222412109375e+01
2.060835876464843750e+02
2.060835876464843750e+02
2.060835876464843750e+02
8.128359222412109375e+01
8.128359222412109375e+01
8.128359222412109375e+01
8.128359222412109375e+01
2.060835876464843750e+02
2.060835876464843750e+02
2.060835876464843750e+02
8.128359222412109375e+01
8.128359222412109375e+01
8.128359222412109375e+01
8.128359222412109375e+01
8.128359222412109375e+01
2.060835876464843750e+02
2.060835876464843750e+02
2.060835876464843750e+02
8.128359222412109375e+01
8.128359222412109375e+01
8.128359222412109375e+01
8.128359222412109375e+01
2.060835876464843750e+02
2.060835876464843750e+02
8.128359222412109375e+01
8.128359222412109375e+01
8.128359222412109375e+01
8.128359222412109375e+01
2.060835876464843750e+02
2.060835876464843750e+02
2.060835876464843750e+02
8.128359222412109375e+01
8.128359222412109375e+01
8.128359222412109375e+01
8.128359222412109375e+01
8.128359222412109375e+01
2.060835876464843750e+02
2.060835876464843750e+02
2.060835876464843750e+02
8.128359222412109375e+01
8.128359222412109375e+01
8.128359222412109375e+01
8.128359222412109375e+01
2.060835876464843750e+02
2.060835876464843750e+02
8.128359222412109375e+01
8.128359222412109375e+01
8.128359222412109375e+01
8.128359222412109375e+01
2.060835876464843750e+02
2.060835876464843750e+02
2.060835876464843750e+02
8.128359222412109375e+01
8.128359222412109375e+01
8.128359222412109375e+01
8.128359222412109375e+01
2.060835876464843750e+02
2.060835876464843750e+02
8.128359222412109375e+01
8.128359222412109375e+01
8.128359222412109375e+01
8.128359222412109375e+01
2.060835876464843750e+02
2.060835876464843750e+02
2.060835876464843750e+02
8.128359222412109375e+01
8.128359222412109375e+01
8.128359222412109375e+01
8.128359222412109375e+01
2.060835876464843750e+02
2.060835876464843750e+02
8.128359222412109375e+01
8.128359222412109375e+01
8.128359222412109375e+01
8.128359222412109375e+01
2.060835876464843750e+02
2.060835876464843750e+02
2.060835876464843750e+02
8.128359222412109375e+01
8.128359222412109375e+01
8.128359222412109375e+01
8.128359222412109375e+01
2.060835876464843750e+02
2.060835876464843750e+02
8.128359222412109375e+01
8.128359222412109375e+01
8.128359222412109375e+01
8.128359222412109375e+01
2.060835876464843750e+02
2.060835876464843750e+02
2.060835876464843750e+02
8.128359222412109375e+01
8.128359222412109375e+01
8.128359222412109375e+01
8.128359222412109375e+01
2.060835876464843750e+02
2.060835876464843750e+02
8.128359222412109375e+01
8.128359222412109375e+01
8.128359222412109375e+01
8.128359222412109375e+01
2.060835876464843750e+02
2.060835876464843750e+02
2.060835876464843750e+02
8.128359222412109375e+01
8.128359222412109375e+01
8.128359222412109375e+01
8.128359222412109375e+01
2.060835876464843750e+02
2.060835876464843750e+02
8.128359222412109375e+01
8.128359222412109375e+01
8.128359222412109375e+01
8.128359222412109375e+01
2.060835876464843750e+02
2.060835876464843750e+02
2.060835876464843750e+02
8.128359222412109375e+01
8.128359222412109375e+01
8.128359222412109375e+01
8.128359222412109375e+01
2.060835876464843750e+02
2.060835876464843750e+02
8.128359222412109375e+01
8.128359222412109375e+01
8.128359222412109375e+01
8.128359222412109375e+01
2.060835876464843750e+02
2.060835876464843750e+02
2.060835876464843750e+02
8.128359222412109375e+01
8.128359222412109375e+01
8.128359222412109375e+01
8.128359222412109375e+01
2.060835876464843750e+02
2.060835876464843750e+02
8.128359222412109375e+01
8.128359222412109375e+01
8.128359222412109375e+01
8.128359222412109375e+01
2.060835876464843750e+02
2.060835876464843750e+02
2.060835876464843750e+02
8.128359222412109375e+01
8.128359222412109375e+01
8.128359222412109375e+01
8.128359222412109375e+01
8.128359222412109375e+01
2.060835876464843750e+02
2.060835876464843750e+02
2.060835876464843750e+02
8.128359222412109375e+01
8.128359222412109375e+01
8.128359222412109375e+01
8.128359222412109375e+01
2.060835876464843750e+02
2.060835876464843750e+02
8.128359222412109375e+01
8.128359222412109375e+01
8.128359222412109375e+01
2.060835876464843750e+02
2.060835876464843750e+02
8.128359222412109375e+01
8.128359222412109375e+01
8.128359222412109375e+01
8.128359222412109375e+01
2.060835876464843750e+02
2.060835876464843750e+02
2.060835876464843750e+02
8.128359222412109375e+01
8.128359222412109375e+01
8.128359222412109375e+01
8.128359222412109375e+01
8.128359222412109375e+01
2.060835876464843750e+02
2.060835876464843750e+02
2.060835876464843750e+02
8.128359222412109375e+01
8.128359222412109375e+01
8.128359222412109375e+01
8.128359222412109375e+01
2.060835876464843750e+02
2.060835876464843750e+02
8.128359222412109375e+01
8.128359222412109375e+01
8.128359222412109375e+01
2.060835876464843750e+02
2.060835876464843750e+02
8.128359222412109375e+01
8.128359222412109375e+01
8.128359222412109375e+01
8.128359222412109375e+01
2.060835876464843750e+02
2.060835876464843750e+02
2.060835876464843750e+02
8.128359222412109375e+01
8.128359222412109375e+01
8.128359222412109375e+01
8.128359222412109375e+01
8.128359222412109375e+01
2.060835876464843750e+02
2.060835876464843750e+02
2.060835876464843750e+02
8.128359222412109375e+01
8.128359222412109375e+01
8.128359222412109375e+01
8.128359222412109375e+01
2.060835876464843750e+02
2.060835876464843750e+02
8.128359222412109375e+01
8.128359222412109375e+01
8.128359222412109375e+01
2.060835876464843750e+02
2.060835876464843750e+02
8.128359222412109375e+01
8.128359222412109375e+01
8.128359222412109375e+01
8.128359222412109375e+01
2.060835876464843750e+02
2.060835876464843750e+02
2.060835876464843750e+02
8.128359222412109375e+01
8.128359222412109375e+01
8.128359222412109375e+01
8.128359222412109375e+01
8.128359222412109375e+01
2.060835876464843750e+02
2.060835876464843750e+02
2.060835876464843750e+02
8.128359222412109375e+01
8.128359222412109375e+01
8.128359222412109375e+01
8.128359222412109375e+01
8.128359222412109375e+01
2.060835876464843750e+02
2.060835876464843750e+02
2.060835876464843750e+02
8.128359222412109375e+01
8.128359222412109375e+01
8.128359222412109375e+01
8.128359222412109375e+01
2.060835876464843750e+02
2.060835876464843750e+02
8.128359222412109375e+01
8.128359222412109375e+01
8.128359222412109375e+01
2.060835876464843750e+02
2.060835876464843750e+02
8.128359222412109375e+01
8.128359222412109375e+01
8.128359222412109375e+01
2.060835876464843750e+02
2.060835876464843750e+02
8.128359222412109375e+01
8.128359222412109375e+01
8.128359222412109375e+01
8.128359222412109375e+01
2.060835876464843750e+02
2.060835876464843750e+02
8.128359222412109375e+01
8.128359222412109375e+01
8.128359222412109375e+01
2.060835876464843750e+02
2.060835876464843750e+02
8.128359222412109375e+01
8.128359222412109375e+01
8.128359222412109375e+01
2.060835876464843750e+02
2.060835876464843750e+02
8.128359222412109375e+01
8.128359222412109375e+01
8.128359222412109375e+01
2.060835876464843750e+02
2.060835876464843750e+02
8.128359222412109375e+01
8.128359222412109375e+01
8.128359222412109375e+01
8.128359222412109375e+01
2.060835876464843750e+02
2.060835876464843750e+02
8.128359222412109375e+01
8.128359222412109375e+01
8.128359222412109375e+01
2.060835876464843750e+02
2.060835876464843750e+02
8.128359222412109375e+01
8.128359222412109375e+01
8.128359222412109375e+01
2.060835876464843750e+02
2.060835876464843750e+02
8.128359222412109375e+01
8.128359222412109375e+01
8.128359222412109375e+01
2.060835876464843750e+02
2.060835876464843750e+02
8.128359222412109375e+01
8.128359222412109375e+01
8.128359222412109375e+01
8.128359222412109375e+01
2.060835876464843750e+02
2.060835876464843750e+02
8.128359222412109375e+01
8.128359222412109375e+01
8.128359222412109375e+01
2.060835876464843750e+02
2.060835876464843750e+02
8.128359222412109375e+01
8.128359222412109375e+01
8.128359222412109375e+01
2.060835876464843750e+02
2.060835876464843750e+02
8.128359222412109375e+01
8.128359222412109375e+01
8.128359222412109375e+01
2.060835876464843750e+02
2.060835876464843750e+02
8.128359222412109375e+01
8.128359222412109375e+01
8.128359222412109375e+01
8.128359222412109375e+01
2.060835876464843750e+02
2.060835876464843750e+02
8.128359222412109375e+01
8.128359222412109375e+01
8.128359222412109375e+01
2.060835876464843750e+02
2.060835876464843750e+02
8.128359222412109375e+01
8.128359222412109375e+01
8.128359222412109375e+01
2.060835876464843750e+02
2.060835876464843750e+02
8.128359222412109375e+01
8.128359222412109375e+01
8.128359222412109375e+01
2.060835876464843750e+02
2.060835876464843750e+02
8.128359222412109375e+01
8.128359222412109375e+01
8.128359222412109375e+01
2.060835876464843750e+02
2.060835876464843750e+02
8.128359222412109375e+01
8.128359222412109375e+01
8.128359222412109375e+01
8.128359222412109375e+01
2.060835876464843750e+02
2.060835876464843750e+02
8.128359222412109375e+01
8.128359222412109375e+01
8.128359222412109375e+01
2.060835876464843750e+02
2.060835876464843750e+02
8.128359222412109375e+01
8.128359222412109375e+01
8.128359222412109375e+01
2.060835876464843750e+02
2.060835876464843750e+02
8.128359222412109375e+01
8.128359222412109375e+01
8.128359222412109375e+01
2.060835876464843750e+02
2.060835876464843750e+02
8.128359222412109375e+01
8.128359222412109375e+01
8.128359222412109375e+01
2.060835876464843750e+02
2.060835876464843750e+02
8.128359222412109375e+01
8.128359222412109375e+01
8.128359222412109375e+01
2.060835876464843750e+02
2.060835876464843750e+02
8.128359222412109375e+01
8.128359222412109375e+01
8.128359222412109375e+01
8.128359222412109375e+01
2.060835876464843750e+02
2.060835876464843750e+02
8.128359222412109375e+01
8.128359222412109375e+01
8.128359222412109375e+01
2.060835876464843750e+02
2.060835876464843750e+02
8.128359222412109375e+01
8.128359222412109375e+01
8.128359222412109375e+01
2.060835876464843750e+02
2.060835876464843750e+02
8.128359222412109375e+01
8.128359222412109375e+01
8.128359222412109375e+01
2.060835876464843750e+02
2.060835876464843750e+02
8.128359222412109375e+01
8.128359222412109375e+01
8.128359222412109375e+01
2.060835876464843750e+02
2.060835876464843750e+02
8.128359222412109375e+01
8.128359222412109375e+01
8.128359222412109375e+01
2.060835876464843750e+02
2.060835876464843750e+02
8.128359222412109375e+01
8.128359222412109375e+01
8.128359222412109375e+01
2.060835876464843750e+02
2.060835876464843750e+02
8.128359222412109375e+01
8.128359222412109375e+01
8.128359222412109375e+01
2.060835876464843750e+02
2.060835876464843750e+02
8.128359222412109375e+01
8.128359222412109375e+01
8.128359222412109375e+01
2.060835876464843750e+02
2.060835876464843750e+02
8.128359222412109375e+01
8.128359222412109375e+01
8.128359222412109375e+01
2.060835876464843750e+02
2.060835876464843750e+02
8.128359222412109375e+01
8.128359222412109375e+01
8.128359222412109375e+01
2.060835876464843750e+02
2.060835876464843750e+02
8.128359222412109375e+01
8.128359222412109375e+01
8.128359222412109375e+01
2.060835876464843750e+02
2.060835876464843750e+02
8.128359222412109375e+01
8.128359222412109375e+01
8.128359222412109375e+01
2.060835876464843750e+02
2.060835876464843750e+02
8.128359222412109375e+01
8.128359222412109375e+01
8.128359222412109375e+01
2.060835876464843750e+02
2.060835876464843750e+02
8.128359222412109375e+01
8.128359222412109375e+01
8.128359222412109375e+01
2.060835876464843750e+02
2.060835876464843750e+02
8.128359222412109375e+01
8.128359222412109375e+01
8.128359222412109375e+01
2.060835876464843750e+02
2.060835876464843750e+02
8.128359222412109375e+01
8.128359222412109375e+01
8.128359222412109375e+01
2.060835876464843750e+02
2.060835876464843750e+02
8.128359222412109375e+01
8.128359222412109375e+01
8.128359222412109375e+01
2.060835876464843750e+02
2.060835876464843750e+02
8.128359222412109375e+01
8.128359222412109375e+01
8.128359222412109375e+01
2.060835876464843750e+02
2.060835876464843750e+02
8.128359222412109375e+01
8.128359222412109375e+01
8.128359222412109375e+01
2.060835876464843750e+02
2.060835876464843750e+02
8.128359222412109375e+01
8.128359222412109375e+01
8.128359222412109375e+01
2.060835876464843750e+02
2.060835876464843750e+02
8.128359222412109375e+01
8.128359222412109375e+01
8.128359222412109375e+01
2.060835876464843750e+02
2.060835876464843750e+02
8.128359222412109375e+01
8.128359222412109375e+01
8.128359222412109375e+01
2.060835876464843750e+02
2.060835876464843750e+02
8.128359222412109375e+01
8.128359222412109375e+01
8.128359222412109375e+01
2.060835876464843750e+02
2.060835876464843750e+02
8.128359222412109375e+01
8.128359222412109375e+01
8.128359222412109375e+01
2.060835876464843750e+02
2.060835876464843750e+02
8.128359222412109375e+01
8.128359222412109375e+01
8.128359222412109375e+01
2.060835876464843750e+02
2.060835876464843750e+02
8.128359222412109375e+01
8.128359222412109375e+01
8.128359222412109375e+01
2.060835876464843750e+02
2.060835876464843750e+02
8.128359222412109375e+01
8.128359222412109375e+01
8.128359222412109375e+01
2.060835876464843750e+02
2.060835876464843750e+02
8.128359222412109375e+01
8.128359222412109375e+01
8.128359222412109375e+01
2.060835876464843750e+02
2.060835876464843750e+02
8.128359222412109375e+01
8.128359222412109375e+01
8.128359222412109375e+01
2.060835876464843750e+02
2.060835876464843750e+02
8.128359222412109375e+01
8.128359222412109375e+01
8.128359222412109375e+01
2.060835876464843750e+02
2.060835876464843750e+02
8.128359222412109375e+01
8.128359222412109375e+01
8.128359222412109375e+01
2.060835876464843750e+02
2.060835876464843750e+02
8.128359222412109375e+01
8.128359222412109375e+01
8.128359222412109375e+01
2.060835876464843750e+02
2.060835876464843750e+02
8.128359222412109375e+01
8.128359222412109375e+01
8.128359222412109375e+01
2.060835876464843750e+02
2.060835876464843750e+02
8.128359222412109375e+01
8.128359222412109375e+01
8.128359222412109375e+01
2.060835876464843750e+02
2.060835876464843750e+02
8.128359222412109375e+01
8.128359222412109375e+01
8.128359222412109375e+01
2.060835876464843750e+02
2.060835876464843750e+02
8.128359222412109375e+01
8.128359222412109375e+01
8.128359222412109375e+01
2.060835876464843750e+02
2.060835876464843750e+02
8.128359222412109375e+01
8.128359222412109375e+01
8.128359222412109375e+01
8.128359222412109375e+01
2.060835876464843750e+02
2.060835876464843750e+02
8.128359222412109375e+01
8.128359222412109375e+01
8.128359222412109375e+01
2.060835876464843750e+02
2.060835876464843750e+02
8.128359222412109375e+01
8.128359222412109375e+01
8.128359222412109375e+01
2.060835876464843750e+02
2.060835876464843750e+02
8.128359222412109375e+01
8.128359222412109375e+01
8.128359222412109375e+01
2.060835876464843750e+02
2.060835876464843750e+02
8.128359222412109375e+01
8.128359222412109375e+01
8.128359222412109375e+01
2.060835876464843750e+02
2.060835876464843750e+02
8.128359222412109375e+01
8.128359222412109375e+01
8.128359222412109375e+01
2.060835876464843750e+02
2.060835876464843750e+02
8.128359222412109375e+01
8.128359222412109375e+01
8.128359222412109375e+01
2.060835876464843750e+02
2.060835876464843750e+02
8.128359222412109375e+01
8.128359222412109375e+01
8.128359222412109375e+01
8.128359222412109375e+01
2.060835876464843750e+02
2.060835876464843750e+02
8.128359222412109375e+01
8.128359222412109375e+01
8.128359222412109375e+01
2.060835876464843750e+02
2.060835876464843750e+02
8.128359222412109375e+01
8.128359222412109375e+01
8.128359222412109375e+01
2.060835876464843750e+02
2.060835876464843750e+02
8.128359222412109375e+01
8.128359222412109375e+01
8.128359222412109375e+01
2.060835876464843750e+02
2.060835876464843750e+02
8.128359222412109375e+01
8.128359222412109375e+01
8.128359222412109375e+01
2.060835876464843750e+02
2.060835876464843750e+02
8.128359222412109375e+01
8.128359222412109375e+01
8.128359222412109375e+01
2.060835876464843750e+02
2.060835876464843750e+02
8.128359222412109375e+01
8.128359222412109375e+01
8.128359222412109375e+01
8.128359222412109375e+01
2.060835876464843750e+02
2.060835876464843750e+02
8.128359222412109375e+01
8.128359222412109375e+01
8.128359222412109375e+01
2.060835876464843750e+02
2.060835876464843750e+02
8.128359222412109375e+01
8.128359222412109375e+01
8.128359222412109375e+01
2.060835876464843750e+02
2.060835876464843750e+02
8.128359222412109375e+01
8.128359222412109375e+01
8.128359222412109375e+01
2.060835876464843750e+02
2.060835876464843750e+02
8.128359222412109375e+01
8.128359222412109375e+01
8.128359222412109375e+01
2.060835876464843750e+02
2.060835876464843750e+02
8.128359222412109375e+01
8.128359222412109375e+01
8.128359222412109375e+01
8.128359222412109375e+01
2.060835876464843750e+02
2.060835876464843750e+02
8.128359222412109375e+01
8.128359222412109375e+01
8.128359222412109375e+01
2.060835876464843750e+02
2.060835876464843750e+02
8.128359222412109375e+01
8.128359222412109375e+01
8.128359222412109375e+01
2.060835876464843750e+02
2.060835876464843750e+02
8.128359222412109375e+01
8.128359222412109375e+01
8.128359222412109375e+01
2.060835876464843750e+02
2.060835876464843750e+02
8.128359222412109375e+01
8.128359222412109375e+01
8.128359222412109375e+01
2.060835876464843750e+02
2.060835876464843750e+02
8.128359222412109375e+01
8.128359222412109375e+01
8.128359222412109375e+01
8.128359222412109375e+01
2.060835876464843750e+02
2.060835876464843750e+02
8.128359222412109375e+01
8.128359222412109375e+01
8.128359222412109375e+01
2.060835876464843750e+02
2.060835876464843750e+02
8.128359222412109375e+01
8.128359222412109375e+01
8.128359222412109375e+01
2.060835876464843750e+02
2.060835876464843750e+02
8.128359222412109375e+01
8.128359222412109375e+01
8.128359222412109375e+01
2.060835876464843750e+02
2.060835876464843750e+02
8.128359222412109375e+01
8.128359222412109375e+01
8.128359222412109375e+01
2.060835876464843750e+02
2.060835876464843750e+02
8.128359222412109375e+01
8.128359222412109375e+01
8.128359222412109375e+01
8.128359222412109375e+01
2.060835876464843750e+02
2.060835876464843750e+02
8.128359222412109375e+01
8.128359222412109375e+01
8.128359222412109375e+01
2.060835876464843750e+02
2.060835876464843750e+02
8.128359222412109375e+01
8.128359222412109375e+01
8.128359222412109375e+01
2.060835876464843750e+02
2.060835876464843750e+02
8.128359222412109375e+01
8.128359222412109375e+01
8.128359222412109375e+01
2.060835876464843750e+02
2.060835876464843750e+02
8.128359222412109375e+01
8.128359222412109375e+01
8.128359222412109375e+01
8.128359222412109375e+01
2.060835876464843750e+02
2.060835876464843750e+02
8.128359222412109375e+01
8.128359222412109375e+01
8.128359222412109375e+01
2.060835876464843750e+02
2.060835876464843750e+02
8.128359222412109375e+01
8.128359222412109375e+01
8.128359222412109375e+01
2.060835876464843750e+02
2.060835876464843750e+02
8.128359222412109375e+01
8.128359222412109375e+01
8.128359222412109375e+01
2.060835876464843750e+02
2.060835876464843750e+02
8.128359222412109375e+01
8.128359222412109375e+01
8.128359222412109375e+01
8.128359222412109375e+01
2.060835876464843750e+02
2.060835876464843750e+02
8.128359222412109375e+01
8.128359222412109375e+01
8.128359222412109375e+01
2.060835876464843750e+02
2.060835876464843750e+02
8.128359222412109375e+01
8.128359222412109375e+01
8.128359222412109375e+01
2.060835876464843750e+02
2.060835876464843750e+02
8.128359222412109375e+01
8.128359222412109375e+01
8.128359222412109375e+01
2.060835876464843750e+02
2.060835876464843750e+02
8.128359222412109375e+01
8.128359222412109375e+01
8.128359222412109375e+01
8.128359222412109375e+01
2.060835876464843750e+02
2.060835876464843750e+02
8.128359222412109375e+01
8.128359222412109375e+01
8.128359222412109375e+01
2.060835876464843750e+02
2.060835876464843750e+02
8.128359222412109375e+01
8.128359222412109375e+01
8.128359222412109375e+01
2.060835876464843750e+02
2.060835876464843750e+02
8.128359222412109375e+01
8.128359222412109375e+01
8.128359222412109375e+01
2.060835876464843750e+02
2.060835876464843750e+02
8.128359222412109375e+01
8.128359222412109375e+01
8.128359222412109375e+01
8.128359222412109375e+01
2.060835876464843750e+02
2.060835876464843750e+02
8.128359222412109375e+01
8.128359222412109375e+01
2.060835876464843750e+02
8.128359222412109375e+01
8.128359222412109375e+01
2.060835876464843750e+02
2.060835876464843750e+02
8.128359222412109375e+01
8.128359222412109375e+01
8.128359222412109375e+01
8.128359222412109375e+01
2.060835876464843750e+02
2.060835876464843750e+02
8.128359222412109375e+01
8.128359222412109375e+01
8.128359222412109375e+01
2.060835876464843750e+02
2.060835876464843750e+02
8.128359222412109375e+01
8.128359222412109375e+01
8.128359222412109375e+01
2.060835876464843750e+02
2.060835876464843750e+02
8.128359222412109375e+01
8.128359222412109375e+01
8.128359222412109375e+01
2.060835876464843750e+02
2.060835876464843750e+02
8.128359222412109375e+01
8.128359222412109375e+01
8.128359222412109375e+01
8.128359222412109375e+01
2.060835876464843750e+02
2.060835876464843750e+02
8.128359222412109375e+01
8.128359222412109375e+01
2.060835876464843750e+02
8.128359222412109375e+01
8.128359222412109375e+01
2.060835876464843750e+02
2.060835876464843750e+02
8.128359222412109375e+01
8.128359222412109375e+01
8.128359222412109375e+01
8.128359222412109375e+01
2.060835876464843750e+02
2.060835876464843750e+02
8.128359222412109375e+01
8.128359222412109375e+01
8.128359222412109375e+01
2.060835876464843750e+02
2.060835876464843750e+02
8.128359222412109375e+01
8.128359222412109375e+01
8.128359222412109375e+01
2.060835876464843750e+02
2.060835876464843750e+02
8.128359222412109375e+01
8.128359222412109375e+01
8.128359222412109375e+01
8.128359222412109375e+01
2.060835876464843750e+02
2.060835876464843750e+02
8.128359222412109375e+01
8.128359222412109375e+01
2.060835876464843750e+02
8.128359222412109375e+01
8.128359222412109375e+01
2.060835876464843750e+02
2.060835876464843750e+02
8.128359222412109375e+01
8.128359222412109375e+01
8.128359222412109375e+01
8.128359222412109375e+01
2.060835876464843750e+02
2.060835876464843750e+02
8.128359222412109375e+01
8.128359222412109375e+01
2.060835876464843750e+02
8.128359222412109375e+01
8.128359222412109375e+01
2.060835876464843750e+02
2.060835876464843750e+02
8.128359222412109375e+01
8.128359222412109375e+01
8.128359222412109375e+01
8.128359222412109375e+01
8.128359222412109375e+01
2.060835876464843750e+02
2.060835876464843750e+02
2.060835876464843750e+02
8.128359222412109375e+01
8.128359222412109375e+01
8.128359222412109375e+01
8.128359222412109375e+01
2.060835876464843750e+02
2.060835876464843750e+02
8.128359222412109375e+01
8.128359222412109375e+01
8.128359222412109375e+01
2.060835876464843750e+02
2.060835876464843750e+02
8.128359222412109375e+01
8.128359222412109375e+01
8.128359222412109375e+01
2.060835876464843750e+02
2.060835876464843750e+02
8.128359222412109375e+01
8.128359222412109375e+01
8.128359222412109375e+01
8.128359222412109375e+01
2.060835876464843750e+02
2.060835876464843750e+02
2.060835876464843750e+02
8.128359222412109375e+01
8.128359222412109375e+01
8.128359222412109375e+01
8.128359222412109375e+01
8.128359222412109375e+01
2.060835876464843750e+02
2.060835876464843750e+02
8.128359222412109375e+01
8.128359222412109375e+01
2.060835876464843750e+02
8.128359222412109375e+01
8.128359222412109375e+01
2.060835876464843750e+02
2.060835876464843750e+02
8.128359222412109375e+01
8.128359222412109375e+01
8.128359222412109375e+01
8.128359222412109375e+01
2.060835876464843750e+02
2.060835876464843750e+02
8.128359222412109375e+01
8.128359222412109375e+01
2.060835876464843750e+02
8.128359222412109375e+01
8.128359222412109375e+01
2.060835876464843750e+02
2.060835876464843750e+02
8.128359222412109375e+01
8.128359222412109375e+01
8.128359222412109375e+01
8.128359222412109375e+01
2.060835876464843750e+02
2.060835876464843750e+02
8.128359222412109375e+01
8.128359222412109375e+01
2.060835876464843750e+02
8.128359222412109375e+01
8.128359222412109375e+01
2.060835876464843750e+02
2.060835876464843750e+02
8.128359222412109375e+01
8.128359222412109375e+01
8.128359222412109375e+01
8.128359222412109375e+01
2.060835876464843750e+02
2.060835876464843750e+02
8.128359222412109375e+01
8.128359222412109375e+01
2.060835876464843750e+02
8.128359222412109375e+01
8.128359222412109375e+01
2.060835876464843750e+02
2.060835876464843750e+02
8.128359222412109375e+01
8.128359222412109375e+01
8.128359222412109375e+01
8.128359222412109375e+01
2.060835876464843750e+02
2.060835876464843750e+02
8.128359222412109375e+01
8.128359222412109375e+01
2.060835876464843750e+02
8.128359222412109375e+01
8.128359222412109375e+01
2.060835876464843750e+02
8.128359222412109375e+01
8.128359222412109375e+01
2.060835876464843750e+02
2.060835876464843750e+02
8.128359222412109375e+01
8.128359222412109375e+01
8.128359222412109375e+01
8.128359222412109375e+01
2.060835876464843750e+02
2.060835876464843750e+02
8.128359222412109375e+01
8.128359222412109375e+01
2.060835876464843750e+02
8.128359222412109375e+01
8.128359222412109375e+01
2.060835876464843750e+02
2.060835876464843750e+02
8.128359222412109375e+01
8.128359222412109375e+01
8.128359222412109375e+01
8.128359222412109375e+01
2.060835876464843750e+02
2.060835876464843750e+02
8.128359222412109375e+01
8.128359222412109375e+01
2.060835876464843750e+02
8.128359222412109375e+01
8.128359222412109375e+01
2.060835876464843750e+02
8.128359222412109375e+01
8.128359222412109375e+01
2.060835876464843750e+02
2.060835876464843750e+02
8.128359222412109375e+01
8.128359222412109375e+01
8.128359222412109375e+01
8.128359222412109375e+01
2.060835876464843750e+02
2.060835876464843750e+02
8.128359222412109375e+01
8.128359222412109375e+01
2.060835876464843750e+02
8.128359222412109375e+01
8.128359222412109375e+01
2.060835876464843750e+02
2.060835876464843750e+02
8.128359222412109375e+01
8.128359222412109375e+01
8.128359222412109375e+01
8.128359222412109375e+01
2.060835876464843750e+02
2.060835876464843750e+02
8.128359222412109375e+01
8.128359222412109375e+01
2.060835876464843750e+02
8.128359222412109375e+01
8.128359222412109375e+01
2.060835876464843750e+02
8.128359222412109375e+01
8.128359222412109375e+01
2.060835876464843750e+02
2.060835876464843750e+02
8.128359222412109375e+01
8.128359222412109375e+01
8.128359222412109375e+01
8.128359222412109375e+01
2.060835876464843750e+02
2.060835876464843750e+02
8.128359222412109375e+01
8.128359222412109375e+01
2.060835876464843750e+02
8.128359222412109375e+01
8.128359222412109375e+01
2.060835876464843750e+02
2.060835876464843750e+02
8.128359222412109375e+01
8.128359222412109375e+01
8.128359222412109375e+01
8.128359222412109375e+01
2.060835876464843750e+02
2.060835876464843750e+02
8.128359222412109375e+01
8.128359222412109375e+01
2.060835876464843750e+02
8.128359222412109375e+01
8.128359222412109375e+01
2.060835876464843750e+02
8.128359222412109375e+01
8.128359222412109375e+01
2.060835876464843750e+02
2.060835876464843750e+02
8.128359222412109375e+01
8.128359222412109375e+01
8.128359222412109375e+01
8.128359222412109375e+01
2.060835876464843750e+02
2.060835876464843750e+02
8.128359222412109375e+01
8.128359222412109375e+01
2.060835876464843750e+02
8.128359222412109375e+01
8.128359222412109375e+01
2.060835876464843750e+02
2.060835876464843750e+02
8.128359222412109375e+01
8.128359222412109375e+01
8.128359222412109375e+01
8.128359222412109375e+01
2.060835876464843750e+02
2.060835876464843750e+02
8.128359222412109375e+01
8.128359222412109375e+01
2.060835876464843750e+02
8.128359222412109375e+01
8.128359222412109375e+01
2.060835876464843750e+02
8.128359222412109375e+01
8.128359222412109375e+01
2.060835876464843750e+02
2.060835876464843750e+02
8.128359222412109375e+01
8.128359222412109375e+01
8.128359222412109375e+01
8.128359222412109375e+01
2.060835876464843750e+02
2.060835876464843750e+02
8.128359222412109375e+01
8.128359222412109375e+01
2.060835876464843750e+02
8.128359222412109375e+01
8.128359222412109375e+01
2.060835876464843750e+02
8.128359222412109375e+01
8.128359222412109375e+01
2.060835876464843750e+02
2.060835876464843750e+02
8.128359222412109375e+01
8.128359222412109375e+01
8.128359222412109375e+01
8.128359222412109375e+01
2.060835876464843750e+02
2.060835876464843750e+02
8.128359222412109375e+01
8.128359222412109375e+01
2.060835876464843750e+02
8.128359222412109375e+01
8.128359222412109375e+01
2.060835876464843750e+02
8.128359222412109375e+01
8.128359222412109375e+01
2.060835876464843750e+02
2.060835876464843750e+02
8.128359222412109375e+01
8.128359222412109375e+01
8.128359222412109375e+01
8.128359222412109375e+01
2.060835876464843750e+02
2.060835876464843750e+02
8.128359222412109375e+01
8.128359222412109375e+01
2.060835876464843750e+02
8.128359222412109375e+01
8.128359222412109375e+01
2.060835876464843750e+02
8.128359222412109375e+01
8.128359222412109375e+01
2.060835876464843750e+02
2.060835876464843750e+02
8.128359222412109375e+01
8.128359222412109375e+01
8.128359222412109375e+01
8.128359222412109375e+01
2.060835876464843750e+02
2.060835876464843750e+02
8.128359222412109375e+01
8.128359222412109375e+01
2.060835876464843750e+02
8.128359222412109375e+01
8.128359222412109375e+01
2.060835876464843750e+02
8.128359222412109375e+01
8.128359222412109375e+01
2.060835876464843750e+02
2.060835876464843750e+02
8.128359222412109375e+01
8.128359222412109375e+01
8.128359222412109375e+01
8.128359222412109375e+01
2.060835876464843750e+02
2.060835876464843750e+02
8.128359222412109375e+01
8.128359222412109375e+01
2.060835876464843750e+02
8.128359222412109375e+01
8.128359222412109375e+01
2.060835876464843750e+02
8.128359222412109375e+01
8.128359222412109375e+01
2.060835876464843750e+02
2.060835876464843750e+02
8.128359222412109375e+01
8.128359222412109375e+01
8.128359222412109375e+01
8.128359222412109375e+01
2.060835876464843750e+02
2.060835876464843750e+02
8.128359222412109375e+01
8.128359222412109375e+01
2.060835876464843750e+02
8.128359222412109375e+01
8.128359222412109375e+01
2.060835876464843750e+02
8.128359222412109375e+01
8.128359222412109375e+01
2.060835876464843750e+02
2.060835876464843750e+02
8.128359222412109375e+01
8.128359222412109375e+01
8.128359222412109375e+01
8.128359222412109375e+01
2.060835876464843750e+02
2.060835876464843750e+02
8.128359222412109375e+01
8.128359222412109375e+01
2.060835876464843750e+02
8.128359222412109375e+01
8.128359222412109375e+01
2.060835876464843750e+02
8.128359222412109375e+01
8.128359222412109375e+01
2.060835876464843750e+02
2.060835876464843750e+02
8.128359222412109375e+01
8.128359222412109375e+01
8.128359222412109375e+01
8.128359222412109375e+01
2.060835876464843750e+02
2.060835876464843750e+02
8.128359222412109375e+01
8.128359222412109375e+01
2.060835876464843750e+02
8.128359222412109375e+01
8.128359222412109375e+01
2.060835876464843750e+02
8.128359222412109375e+01
8.128359222412109375e+01
2.060835876464843750e+02
2.060835876464843750e+02
8.128359222412109375e+01
8.128359222412109375e+01
8.128359222412109375e+01
8.128359222412109375e+01
2.060835876464843750e+02
2.060835876464843750e+02
8.128359222412109375e+01
8.128359222412109375e+01
2.060835876464843750e+02
8.128359222412109375e+01
8.128359222412109375e+01
2.060835876464843750e+02
8.128359222412109375e+01
8.128359222412109375e+01
2.060835876464843750e+02
2.060835876464843750e+02
8.128359222412109375e+01
8.128359222412109375e+01
8.128359222412109375e+01
8.128359222412109375e+01
2.060835876464843750e+02
2.060835876464843750e+02
8.128359222412109375e+01
8.128359222412109375e+01
2.060835876464843750e+02
8.128359222412109375e+01
8.128359222412109375e+01
2.060835876464843750e+02
8.128359222412109375e+01
2.060835876464843750e+02
8.128359222412109375e+01
8.128359222412109375e+01
2.060835876464843750e+02
8.128359222412109375e+01
8.128359222412109375e+01
2.060835876464843750e+02
8.128359222412109375e+01
2.060835876464843750e+02
8.128359222412109375e+01
8.128359222412109375e+01
2.060835876464843750e+02
8.128359222412109375e+01
8.128359222412109375e+01
2.060835876464843750e+02
2.060835876464843750e+02
8.128359222412109375e+01
8.128359222412109375e+01
8.128359222412109375e+01
8.128359222412109375e+01
2.060835876464843750e+02
2.060835876464843750e+02
8.128359222412109375e+01
8.128359222412109375e+01
2.060835876464843750e+02
8.128359222412109375e+01
8.128359222412109375e+01
2.060835876464843750e+02
8.128359222412109375e+01
8.128359222412109375e+01
2.060835876464843750e+02
2.060835876464843750e+02
8.128359222412109375e+01
8.128359222412109375e+01
8.128359222412109375e+01
8.128359222412109375e+01
2.060835876464843750e+02
2.060835876464843750e+02
8.128359222412109375e+01
8.128359222412109375e+01
2.060835876464843750e+02
8.128359222412109375e+01
8.128359222412109375e+01
2.060835876464843750e+02
8.128359222412109375e+01
2.060835876464843750e+02
8.128359222412109375e+01
8.128359222412109375e+01
2.060835876464843750e+02
8.128359222412109375e+01
8.128359222412109375e+01
2.060835876464843750e+02
8.128359222412109375e+01
2.060835876464843750e+02
8.128359222412109375e+01
8.128359222412109375e+01
2.060835876464843750e+02
8.128359222412109375e+01
8.128359222412109375e+01
2.060835876464843750e+02
2.060835876464843750e+02
8.128359222412109375e+01
8.128359222412109375e+01
8.128359222412109375e+01
8.128359222412109375e+01
2.060835876464843750e+02
2.060835876464843750e+02
8.128359222412109375e+01
8.128359222412109375e+01
8.128359222412109375e+01
2.060835876464843750e+02
2.060835876464843750e+02
8.128359222412109375e+01
8.128359222412109375e+01
8.128359222412109375e+01
2.060835876464843750e+02
2.060835876464843750e+02
8.128359222412109375e+01
8.128359222412109375e+01
8.128359222412109375e+01
8.128359222412109375e+01
2.060835876464843750e+02
2.060835876464843750e+02
2.060835876464843750e+02
8.128359222412109375e+01
8.128359222412109375e+01
8.128359222412109375e+01
8.128359222412109375e+01
8.128359222412109375e+01
2.060835876464843750e+02
2.060835876464843750e+02
2.060835876464843750e+02
8.128359222412109375e+01
8.128359222412109375e+01
8.128359222412109375e+01
8.128359222412109375e+01
8.128359222412109375e+01
2.060835876464843750e+02
2.060835876464843750e+02
2.060835876464843750e+02
8.128359222412109375e+01
8.128359222412109375e+01
8.128359222412109375e+01
8.128359222412109375e+01
2.060835876464843750e+02
2.060835876464843750e+02
8.128359222412109375e+01
8.128359222412109375e+01
8.128359222412109375e+01
2.060835876464843750e+02
2.060835876464843750e+02
8.128359222412109375e+01
8.128359222412109375e+01
8.128359222412109375e+01
2.060835876464843750e+02
2.060835876464843750e+02
8.128359222412109375e+01
8.128359222412109375e+01
8.128359222412109375e+01
8.128359222412109375e+01
2.060835876464843750e+02
2.060835876464843750e+02
8.128359222412109375e+01
8.128359222412109375e+01
8.128359222412109375e+01
2.060835876464843750e+02
2.060835876464843750e+02
8.128359222412109375e+01
8.128359222412109375e+01
8.128359222412109375e+01
2.060835876464843750e+02
2.060835876464843750e+02
8.128359222412109375e+01
8.128359222412109375e+01
8.128359222412109375e+01
2.060835876464843750e+02
8.128359222412109375e+01
2.060835876464843750e+02
8.128359222412109375e+01
8.128359222412109375e+01
2.060835876464843750e+02
8.128359222412109375e+01
8.128359222412109375e+01
2.060835876464843750e+02
2.060835876464843750e+02
8.128359222412109375e+01
8.128359222412109375e+01
8.128359222412109375e+01
8.128359222412109375e+01
2.060835876464843750e+02
2.060835876464843750e+02
8.128359222412109375e+01
8.128359222412109375e+01
2.060835876464843750e+02
8.128359222412109375e+01
8.128359222412109375e+01
2.060835876464843750e+02
8.128359222412109375e+01
2.060835876464843750e+02
8.128359222412109375e+01
8.128359222412109375e+01
2.060835876464843750e+02
8.128359222412109375e+01
8.128359222412109375e+01
2.060835876464843750e+02
2.060835876464843750e+02
8.128359222412109375e+01
8.128359222412109375e+01
8.128359222412109375e+01
8.128359222412109375e+01
2.060835876464843750e+02
2.060835876464843750e+02
8.128359222412109375e+01
8.128359222412109375e+01
8.128359222412109375e+01
2.060835876464843750e+02
2.060835876464843750e+02
8.128359222412109375e+01
8.128359222412109375e+01
8.128359222412109375e+01
2.060835876464843750e+02
2.060835876464843750e+02
8.128359222412109375e+01
8.128359222412109375e+01
8.128359222412109375e+01
2.060835876464843750e+02
8.128359222412109375e+01
2.060835876464843750e+02
8.128359222412109375e+01
8.128359222412109375e+01
2.060835876464843750e+02
8.128359222412109375e+01
8.128359222412109375e+01
2.060835876464843750e+02
2.060835876464843750e+02
8.128359222412109375e+01
8.128359222412109375e+01
8.128359222412109375e+01
8.128359222412109375e+01
2.060835876464843750e+02
2.060835876464843750e+02
8.128359222412109375e+01
8.128359222412109375e+01
2.060835876464843750e+02
8.128359222412109375e+01
8.128359222412109375e+01
2.060835876464843750e+02
8.128359222412109375e+01
2.060835876464843750e+02
8.128359222412109375e+01
8.128359222412109375e+01
8.128359222412109375e+01
2.060835876464843750e+02
2.060835876464843750e+02
8.128359222412109375e+01
8.128359222412109375e+01
8.128359222412109375e+01
2.060835876464843750e+02
2.060835876464843750e+02
8.128359222412109375e+01
8.128359222412109375e+01
8.128359222412109375e+01
2.060835876464843750e+02
2.060835876464843750e+02
8.128359222412109375e+01
8.128359222412109375e+01
8.128359222412109375e+01
8.128359222412109375e+01
2.060835876464843750e+02
2.060835876464843750e+02
8.128359222412109375e+01
8.128359222412109375e+01
2.060835876464843750e+02
8.128359222412109375e+01
8.128359222412109375e+01
2.060835876464843750e+02
2.060835876464843750e+02
8.128359222412109375e+01
8.128359222412109375e+01
8.128359222412109375e+01
8.128359222412109375e+01
2.060835876464843750e+02
2.060835876464843750e+02
8.128359222412109375e+01
8.128359222412109375e+01
8.128359222412109375e+01
2.060835876464843750e+02
2.060835876464843750e+02
8.128359222412109375e+01
8.128359222412109375e+01
8.128359222412109375e+01
2.060835876464843750e+02
2.060835876464843750e+02
8.128359222412109375e+01
8.128359222412109375e+01
8.128359222412109375e+01
8.128359222412109375e+01
2.060835876464843750e+02
2.060835876464843750e+02
2.060835876464843750e+02
8.128359222412109375e+01
8.128359222412109375e+01
8.128359222412109375e+01
8.128359222412109375e+01
8.128359222412109375e+01
8.128359222412109375e+01
2.060835876464843750e+02
2.060835876464843750e+02
2.060835876464843750e+02
2.060835876464843750e+02
8.128359222412109375e+01
8.128359222412109375e+01
8.128359222412109375e+01
8.128359222412109375e+01
8.128359222412109375e+01
8.128359222412109375e+01
2.060835876464843750e+02
2.060835876464843750e+02
2.060835876464843750e+02
8.128359222412109375e+01
8.128359222412109375e+01
8.128359222412109375e+01
8.128359222412109375e+01
2.060835876464843750e+02
2.060835876464843750e+02
8.128359222412109375e+01
8.128359222412109375e+01
8.128359222412109375e+01
2.060835876464843750e+02
2.060835876464843750e+02
8.128359222412109375e+01
8.128359222412109375e+01
8.128359222412109375e+01
2.060835876464843750e+02
8.128359222412109375e+01
2.060835876464843750e+02
8.128359222412109375e+01
8.128359222412109375e+01
2.060835876464843750e+02
8.128359222412109375e+01
2.060835876464843750e+02
8.128359222412109375e+01
8.128359222412109375e+01
8.128359222412109375e+01
2.060835876464843750e+02
2.060835876464843750e+02
8.128359222412109375e+01
8.128359222412109375e+01
8.128359222412109375e+01
2.060835876464843750e+02
2.060835876464843750e+02
8.128359222412109375e+01
8.128359222412109375e+01
8.128359222412109375e+01
2.060835876464843750e+02
8.128359222412109375e+01
2.060835876464843750e+02
8.128359222412109375e+01
8.128359222412109375e+01
8.128359222412109375e+01
2.060835876464843750e+02
2.060835876464843750e+02
2.060835876464843750e+02
8.128359222412109375e+01
8.128359222412109375e+01
8.128359222412109375e+01
8.128359222412109375e+01
8.128359222412109375e+01
8.128359222412109375e+01
2.060835876464843750e+02
2.060835876464843750e+02
2.060835876464843750e+02
2.060835876464843750e+02
8.128359222412109375e+01
8.128359222412109375e+01
8.128359222412109375e+01
8.128359222412109375e+01
8.128359222412109375e+01
8.128359222412109375e+01
2.060835876464843750e+02
2.060835876464843750e+02
2.060835876464843750e+02
8.128359222412109375e+01
8.128359222412109375e+01
8.128359222412109375e+01
8.128359222412109375e+01
2.060835876464843750e+02
2.060835876464843750e+02
8.128359222412109375e+01
8.128359222412109375e+01
8.128359222412109375e+01
2.060835876464843750e+02
2.060835876464843750e+02
8.128359222412109375e+01
8.128359222412109375e+01
8.128359222412109375e+01
8.128359222412109375e+01
2.060835876464843750e+02
2.060835876464843750e+02
2.060835876464843750e+02
8.128359222412109375e+01
8.128359222412109375e+01
8.128359222412109375e+01
8.128359222412109375e+01
8.128359222412109375e+01
2.060835876464843750e+02
2.060835876464843750e+02
2.060835876464843750e+02
8.128359222412109375e+01
8.128359222412109375e+01
8.128359222412109375e+01
8.128359222412109375e+01
8.128359222412109375e+01
2.060835876464843750e+02
2.060835876464843750e+02
2.060835876464843750e+02
8.128359222412109375e+01
8.128359222412109375e+01
8.128359222412109375e+01
8.128359222412109375e+01
8.128359222412109375e+01
2.060835876464843750e+02
2.060835876464843750e+02
2.060835876464843750e+02
8.128359222412109375e+01
8.128359222412109375e+01
8.128359222412109375e+01
8.128359222412109375e+01
2.060835876464843750e+02
2.060835876464843750e+02
8.128359222412109375e+01
8.128359222412109375e+01
8.128359222412109375e+01
8.128359222412109375e+01
2.060835876464843750e+02
2.060835876464843750e+02
2.060835876464843750e+02
8.128359222412109375e+01
8.128359222412109375e+01
8.128359222412109375e+01
8.128359222412109375e+01
2.060835876464843750e+02
2.060835876464843750e+02
8.128359222412109375e+01
8.128359222412109375e+01
8.128359222412109375e+01
8.128359222412109375e+01
2.060835876464843750e+02
2.060835876464843750e+02
2.060835876464843750e+02
8.128359222412109375e+01
8.128359222412109375e+01
8.128359222412109375e+01
8.128359222412109375e+01
2.060835876464843750e+02
2.060835876464843750e+02
8.128359222412109375e+01
8.128359222412109375e+01
8.128359222412109375e+01
8.128359222412109375e+01
2.060835876464843750e+02
2.060835876464843750e+02
2.060835876464843750e+02
8.128359222412109375e+01
8.128359222412109375e+01
8.128359222412109375e+01
8.128359222412109375e+01
8.128359222412109375e+01
2.060835876464843750e+02
2.060835876464843750e+02
2.060835876464843750e+02
8.128359222412109375e+01
8.128359222412109375e+01
8.128359222412109375e+01
8.128359222412109375e+01
2.060835876464843750e+02
2.060835876464843750e+02
8.128359222412109375e+01
8.128359222412109375e+01
8.128359222412109375e+01
8.128359222412109375e+01
2.060835876464843750e+02
2.060835876464843750e+02
2.060835876464843750e+02
8.128359222412109375e+01
8.128359222412109375e+01
8.128359222412109375e+01
8.128359222412109375e+01
2.060835876464843750e+02
2.060835876464843750e+02
8.128359222412109375e+01
8.128359222412109375e+01
8.128359222412109375e+01
8.128359222412109375e+01
2.060835876464843750e+02
2.060835876464843750e+02
2.060835876464843750e+02
8.128359222412109375e+01
8.128359222412109375e+01
8.128359222412109375e+01
8.128359222412109375e+01
8.128359222412109375e+01
2.060835876464843750e+02
2.060835876464843750e+02
2.060835876464843750e+02
8.128359222412109375e+01
8.128359222412109375e+01
8.128359222412109375e+01
8.128359222412109375e+01
2.060835876464843750e+02
2.060835876464843750e+02
8.128359222412109375e+01
8.128359222412109375e+01
8.128359222412109375e+01
8.128359222412109375e+01
2.060835876464843750e+02
2.060835876464843750e+02
2.060835876464843750e+02
8.128359222412109375e+01
8.128359222412109375e+01
8.128359222412109375e+01
8.128359222412109375e+01
2.060835876464843750e+02
2.060835876464843750e+02
8.128359222412109375e+01
8.128359222412109375e+01
8.128359222412109375e+01
8.128359222412109375e+01
2.060835876464843750e+02
2.060835876464843750e+02
2.060835876464843750e+02
8.128359222412109375e+01
8.128359222412109375e+01
8.128359222412109375e+01
8.128359222412109375e+01
8.128359222412109375e+01
2.060835876464843750e+02
2.060835876464843750e+02
2.060835876464843750e+02
8.128359222412109375e+01
8.128359222412109375e+01
8.128359222412109375e+01
8.128359222412109375e+01
8.128359222412109375e+01
2.060835876464843750e+02
2.060835876464843750e+02
2.060835876464843750e+02
8.128359222412109375e+01
8.128359222412109375e+01
8.128359222412109375e+01
8.128359222412109375e+01
2.060835876464843750e+02
2.060835876464843750e+02
8.128359222412109375e+01
8.128359222412109375e+01
8.128359222412109375e+01
2.060835876464843750e+02
2.060835876464843750e+02
8.128359222412109375e+01
8.128359222412109375e+01
8.128359222412109375e+01
8.128359222412109375e+01
2.060835876464843750e+02
2.060835876464843750e+02
2.060835876464843750e+02
8.128359222412109375e+01
8.128359222412109375e+01
8.128359222412109375e+01
8.128359222412109375e+01
8.128359222412109375e+01
2.060835876464843750e+02
2.060835876464843750e+02
2.060835876464843750e+02
8.128359222412109375e+01
8.128359222412109375e+01
8.128359222412109375e+01
8.128359222412109375e+01
8.128359222412109375e+01
2.060835876464843750e+02
2.060835876464843750e+02
2.060835876464843750e+02
8.128359222412109375e+01
8.128359222412109375e+01
8.128359222412109375e+01
8.128359222412109375e+01
8.128359222412109375e+01
2.060835876464843750e+02
2.060835876464843750e+02
2.060835876464843750e+02
8.128359222412109375e+01
8.128359222412109375e+01
8.128359222412109375e+01
8.128359222412109375e+01
2.060835876464843750e+02
2.060835876464843750e+02
8.128359222412109375e+01
8.128359222412109375e+01
8.128359222412109375e+01
2.060835876464843750e+02
2.060835876464843750e+02
8.128359222412109375e+01
8.128359222412109375e+01
8.128359222412109375e+01
8.128359222412109375e+01
2.060835876464843750e+02
2.060835876464843750e+02
2.060835876464843750e+02
8.128359222412109375e+01
8.128359222412109375e+01
8.128359222412109375e+01
8.128359222412109375e+01
8.128359222412109375e+01
2.060835876464843750e+02
2.060835876464843750e+02
2.060835876464843750e+02
8.128359222412109375e+01
8.128359222412109375e+01
8.128359222412109375e+01
8.128359222412109375e+01
8.128359222412109375e+01
2.060835876464843750e+02
2.060835876464843750e+02
2.060835876464843750e+02
8.128359222412109375e+01
8.128359222412109375e+01
8.128359222412109375e+01
8.128359222412109375e+01
8.128359222412109375e+01
2.060835876464843750e+02
2.060835876464843750e+02
2.060835876464843750e+02
8.128359222412109375e+01
8.128359222412109375e+01
8.128359222412109375e+01
8.128359222412109375e+01
2.060835876464843750e+02
2.060835876464843750e+02
8.128359222412109375e+01
8.128359222412109375e+01
8.128359222412109375e+01
2.060835876464843750e+02
8.128359222412109375e+01
2.060835876464843750e+02
8.128359222412109375e+01
8.128359222412109375e+01
2.060835876464843750e+02
8.128359222412109375e+01
2.060835876464843750e+02
8.128359222412109375e+01
8.128359222412109375e+01
2.060835876464843750e+02
8.128359222412109375e+01
8.128359222412109375e+01
2.060835876464843750e+02
2.060835876464843750e+02
8.128359222412109375e+01
8.128359222412109375e+01
8.128359222412109375e+01
8.128359222412109375e+01
2.060835876464843750e+02
2.060835876464843750e+02
8.128359222412109375e+01
8.128359222412109375e+01
8.128359222412109375e+01
2.060835876464843750e+02
2.060835876464843750e+02
8.128359222412109375e+01
8.128359222412109375e+01
8.128359222412109375e+01
2.060835876464843750e+02
8.128359222412109375e+01
2.060835876464843750e+02
8.128359222412109375e+01
8.128359222412109375e+01
2.060835876464843750e+02
8.128359222412109375e+01
2.060835876464843750e+02
8.128359222412109375e+01
8.128359222412109375e+01
2.060835876464843750e+02
8.128359222412109375e+01
8.128359222412109375e+01
2.060835876464843750e+02
8.128359222412109375e+01
2.060835876464843750e+02
8.128359222412109375e+01
8.128359222412109375e+01
2.060835876464843750e+02
8.128359222412109375e+01
2.060835876464843750e+02
8.128359222412109375e+01
8.128359222412109375e+01
8.128359222412109375e+01
2.060835876464843750e+02
2.060835876464843750e+02
8.128359222412109375e+01
8.128359222412109375e+01
8.128359222412109375e+01
2.060835876464843750e+02
2.060835876464843750e+02
8.128359222412109375e+01
8.128359222412109375e+01
8.128359222412109375e+01
2.060835876464843750e+02
8.128359222412109375e+01
2.060835876464843750e+02
8.128359222412109375e+01
8.128359222412109375e+01
2.060835876464843750e+02
8.128359222412109375e+01
2.060835876464843750e+02
8.128359222412109375e+01
8.128359222412109375e+01
8.128359222412109375e+01
2.060835876464843750e+02
2.060835876464843750e+02
2.060835876464843750e+02
8.128359222412109375e+01
8.128359222412109375e+01
8.128359222412109375e+01
8.128359222412109375e+01
8.128359222412109375e+01
8.128359222412109375e+01
2.060835876464843750e+02
2.060835876464843750e+02
2.060835876464843750e+02
2.060835876464843750e+02
8.128359222412109375e+01
8.128359222412109375e+01
8.128359222412109375e+01
8.128359222412109375e+01
8.128359222412109375e+01
8.128359222412109375e+01
8.128359222412109375e+01
2.060835876464843750e+02
2.060835876464843750e+02
2.060835876464843750e+02
2.060835876464843750e+02
8.128359222412109375e+01
8.128359222412109375e+01
8.128359222412109375e+01
8.128359222412109375e+01
8.128359222412109375e+01
8.128359222412109375e+01
2.060835876464843750e+02
2.060835876464843750e+02
2.060835876464843750e+02
8.128359222412109375e+01
8.128359222412109375e+01
8.128359222412109375e+01
8.128359222412109375e+01
2.060835876464843750e+02
2.060835876464843750e+02
2.060835876464843750e+02
8.128359222412109375e+01
8.128359222412109375e+01
8.128359222412109375e+01
8.128359222412109375e+01
8.128359222412109375e+01
8.128359222412109375e+01
2.060835876464843750e+02
2.060835876464843750e+02
2.060835876464843750e+02
2.060835876464843750e+02
8.128359222412109375e+01
8.128359222412109375e+01
8.128359222412109375e+01
8.128359222412109375e+01
8.128359222412109375e+01
8.128359222412109375e+01
8.128359222412109375e+01
2.060835876464843750e+02
2.060835876464843750e+02
2.060835876464843750e+02
2.060835876464843750e+02
8.128359222412109375e+01
8.128359222412109375e+01
8.128359222412109375e+01
8.128359222412109375e+01
8.128359222412109375e+01
8.128359222412109375e+01
2.060835876464843750e+02
2.060835876464843750e+02
2.060835876464843750e+02
2.060835876464843750e+02
8.128359222412109375e+01
8.128359222412109375e+01
8.128359222412109375e+01
8.128359222412109375e+01
8.128359222412109375e+01
8.128359222412109375e+01
8.128359222412109375e+01
2.060835876464843750e+02
2.060835876464843750e+02
2.060835876464843750e+02
2.060835876464843750e+02
8.128359222412109375e+01
8.128359222412109375e+01
8.128359222412109375e+01
8.128359222412109375e+01
8.128359222412109375e+01
8.128359222412109375e+01
2.060835876464843750e+02
2.060835876464843750e+02
2.060835876464843750e+02
2.060835876464843750e+02
8.128359222412109375e+01
8.128359222412109375e+01
8.128359222412109375e+01
8.128359222412109375e+01
8.128359222412109375e+01
8.128359222412109375e+01
8.128359222412109375e+01
2.060835876464843750e+02
2.624835815429687500e+02
2.624835815429687500e+02
2.060835876464843750e+02
8.128359222412109375e+01
8.128359222412109375e+01
8.128359222412109375e+01
8.128359222412109375e+01
8.128359222412109375e+01
8.128359222412109375e+01
8.128359222412109375e+01
2.624835815429687500e+02
2.624835815429687500e+02
2.624835815429687500e+02
2.624835815429687500e+02
8.128359222412109375e+01
8.128359222412109375e+01
8.128359222412109375e+01
8.128359222412109375e+01
8.128359222412109375e+01
8.128359222412109375e+01
8.128359222412109375e+01
2.624835815429687500e+02
2.624835815429687500e+02
2.624835815429687500e+02
8.128359222412109375e+01
8.128359222412109375e+01
8.128359222412109375e+01
8.128359222412109375e+01
8.128359222412109375e+01
2.060835876464843750e+02
2.060835876464843750e+02
2.060835876464843750e+02
8.128359222412109375e+01
8.128359222412109375e+01
8.128359222412109375e+01
8.128359222412109375e+01
2.060835876464843750e+02
2.060835876464843750e+02
8.128359222412109375e+01
8.128359222412109375e+01
8.128359222412109375e+01
2.060835876464843750e+02
8.128359222412109375e+01
2.060835876464843750e+02
8.128359222412109375e+01
8.128359222412109375e+01
2.060835876464843750e+02
2.060835876464843750e+02
8.128359222412109375e+01
8.128359222412109375e+01
8.128359222412109375e+01
8.128359222412109375e+01
2.060835876464843750e+02
2.060835876464843750e+02
8.128359222412109375e+01
8.128359222412109375e+01
2.060835876464843750e+02
8.128359222412109375e+01
8.128359222412109375e+01
2.060835876464843750e+02
8.128359222412109375e+01
2.060835876464843750e+02
8.128359222412109375e+01
8.128359222412109375e+01
8.128359222412109375e+01
2.060835876464843750e+02
2.060835876464843750e+02
8.128359222412109375e+01
8.128359222412109375e+01
8.128359222412109375e+01
2.060835876464843750e+02
2.060835876464843750e+02
8.128359222412109375e+01
8.128359222412109375e+01
8.128359222412109375e+01
2.060835876464843750e+02
8.128359222412109375e+01
2.060835876464843750e+02
8.128359222412109375e+01
8.128359222412109375e+01
2.060835876464843750e+02
8.128359222412109375e+01
2.060835876464843750e+02
8.128359222412109375e+01
8.128359222412109375e+01
8.128359222412109375e+01
2.060835876464843750e+02
2.060835876464843750e+02
8.128359222412109375e+01
8.128359222412109375e+01
8.128359222412109375e+01
2.060835876464843750e+02
2.060835876464843750e+02
8.128359222412109375e+01
8.128359222412109375e+01
8.128359222412109375e+01
8.128359222412109375e+01
2.060835876464843750e+02
2.060835876464843750e+02
2.060835876464843750e+02
8.128359222412109375e+01
8.128359222412109375e+01
8.128359222412109375e+01
8.128359222412109375e+01
8.128359222412109375e+01
2.060835876464843750e+02
2.060835876464843750e+02
2.060835876464843750e+02
8.128359222412109375e+01
8.128359222412109375e+01
8.128359222412109375e+01
8.128359222412109375e+01
8.128359222412109375e+01
2.060835876464843750e+02
2.060835876464843750e+02
2.060835876464843750e+02
8.128359222412109375e+01
8.128359222412109375e+01
8.128359222412109375e+01
8.128359222412109375e+01
8.128359222412109375e+01
2.060835876464843750e+02
2.060835876464843750e+02
2.060835876464843750e+02
8.128359222412109375e+01
8.128359222412109375e+01
8.128359222412109375e+01
8.128359222412109375e+01
2.060835876464843750e+02
2.060835876464843750e+02
8.128359222412109375e+01
8.128359222412109375e+01
8.128359222412109375e+01
2.060835876464843750e+02
8.128359222412109375e+01
2.060835876464843750e+02
8.128359222412109375e+01
8.128359222412109375e+01
2.060835876464843750e+02
2.060835876464843750e+02
8.128359222412109375e+01
8.128359222412109375e+01
8.128359222412109375e+01
8.128359222412109375e+01
2.060835876464843750e+02
2.060835876464843750e+02
8.128359222412109375e+01
8.128359222412109375e+01
8.128359222412109375e+01
2.060835876464843750e+02
2.060835876464843750e+02
8.128359222412109375e+01
8.128359222412109375e+01
8.128359222412109375e+01
8.128359222412109375e+01
2.060835876464843750e+02
2.060835876464843750e+02
2.060835876464843750e+02
8.128359222412109375e+01
8.128359222412109375e+01
8.128359222412109375e+01
8.128359222412109375e+01
8.128359222412109375e+01
2.060835876464843750e+02
2.060835876464843750e+02
2.060835876464843750e+02
8.128359222412109375e+01
8.128359222412109375e+01
8.128359222412109375e+01
8.128359222412109375e+01
8.128359222412109375e+01
2.060835876464843750e+02
2.060835876464843750e+02
2.060835876464843750e+02
8.128359222412109375e+01
8.128359222412109375e+01
8.128359222412109375e+01
8.128359222412109375e+01
2.060835876464843750e+02
2.060835876464843750e+02
8.128359222412109375e+01
8.128359222412109375e+01
8.128359222412109375e+01
2.060835876464843750e+02
8.128359222412109375e+01
2.060835876464843750e+02
8.128359222412109375e+01
8.128359222412109375e+01
2.060835876464843750e+02
8.128359222412109375e+01
2.060835876464843750e+02
8.128359222412109375e+01
8.128359222412109375e+01
8.128359222412109375e+01
2.060835876464843750e+02
2.060835876464843750e+02
2.060835876464843750e+02
8.128359222412109375e+01
8.128359222412109375e+01
8.128359222412109375e+01
8.128359222412109375e+01
8.128359222412109375e+01
8.128359222412109375e+01
2.060835876464843750e+02
2.060835876464843750e+02
2.060835876464843750e+02
8.128359222412109375e+01
8.128359222412109375e+01
8.128359222412109375e+01
8.128359222412109375e+01
2.060835876464843750e+02
2.060835876464843750e+02
2.060835876464843750e+02
8.128359222412109375e+01
8.128359222412109375e+01
8.128359222412109375e+01
8.128359222412109375e+01
8.128359222412109375e+01
8.128359222412109375e+01
2.060835876464843750e+02
2.624835815429687500e+02
2.060835876464843750e+02
2.060835876464843750e+02
8.128359222412109375e+01
8.128359222412109375e+01
8.128359222412109375e+01
8.128359222412109375e+01
8.128359222412109375e+01
8.128359222412109375e+01
8.128359222412109375e+01
2.060835876464843750e+02
2.060835876464843750e+02
2.060835876464843750e+02
2.060835876464843750e+02
8.128359222412109375e+01
8.128359222412109375e+01
8.128359222412109375e+01
8.128359222412109375e+01
8.128359222412109375e+01
2.060835876464843750e+02
2.060835876464843750e+02
8.128359222412109375e+01
8.128359222412109375e+01
8.128359222412109375e+01
2.060835876464843750e+02
2.060835876464843750e+02
8.128359222412109375e+01
8.128359222412109375e+01
8.128359222412109375e+01
2.060835876464843750e+02
2.060835876464843750e+02
8.128359222412109375e+01
8.128359222412109375e+01
8.128359222412109375e+01
8.128359222412109375e+01
2.060835876464843750e+02
2.060835876464843750e+02
2.060835876464843750e+02
8.128359222412109375e+01
8.128359222412109375e+01
8.128359222412109375e+01
8.128359222412109375e+01
8.128359222412109375e+01
2.060835876464843750e+02
2.060835876464843750e+02
2.060835876464843750e+02
8.128359222412109375e+01
8.128359222412109375e+01
8.128359222412109375e+01
8.128359222412109375e+01
8.128359222412109375e+01
2.060835876464843750e+02
2.060835876464843750e+02
2.060835876464843750e+02
8.128359222412109375e+01
8.128359222412109375e+01
8.128359222412109375e+01
8.128359222412109375e+01
8.128359222412109375e+01
2.060835876464843750e+02
2.060835876464843750e+02
2.060835876464843750e+02
8.128359222412109375e+01
8.128359222412109375e+01
8.128359222412109375e+01
8.128359222412109375e+01
2.060835876464843750e+02
2.060835876464843750e+02
8.128359222412109375e+01
8.128359222412109375e+01
8.128359222412109375e+01
2.060835876464843750e+02
8.128359222412109375e+01
2.060835876464843750e+02
8.128359222412109375e+01
8.128359222412109375e+01
2.060835876464843750e+02
8.128359222412109375e+01
2.060835876464843750e+02
8.128359222412109375e+01
8.128359222412109375e+01
8.128359222412109375e+01
2.060835876464843750e+02
2.060835876464843750e+02
8.128359222412109375e+01
8.128359222412109375e+01
2.060835876464843750e+02
8.128359222412109375e+01
8.128359222412109375e+01
2.060835876464843750e+02
8.128359222412109375e+01
8.128359222412109375e+01
2.060835876464843750e+02
2.060835876464843750e+02
8.128359222412109375e+01
8.128359222412109375e+01
8.128359222412109375e+01
8.128359222412109375e+01
2.060835876464843750e+02
2.060835876464843750e+02
2.060835876464843750e+02
8.128359222412109375e+01
8.128359222412109375e+01
8.128359222412109375e+01
8.128359222412109375e+01
8.128359222412109375e+01
2.060835876464843750e+02
2.060835876464843750e+02
8.128359222412109375e+01
8.128359222412109375e+01
2.060835876464843750e+02
8.128359222412109375e+01
2.060835876464843750e+02
8.128359222412109375e+01
8.128359222412109375e+01
8.128359222412109375e+01
2.060835876464843750e+02
2.060835876464843750e+02
8.128359222412109375e+01
8.128359222412109375e+01
8.128359222412109375e+01
2.060835876464843750e+02
2.060835876464843750e+02
8.128359222412109375e+01
8.128359222412109375e+01
8.128359222412109375e+01
8.128359222412109375e+01
2.060835876464843750e+02
2.060835876464843750e+02
2.060835876464843750e+02
8.128359222412109375e+01
8.128359222412109375e+01
8.128359222412109375e+01
8.128359222412109375e+01
8.128359222412109375e+01
2.060835876464843750e+02
2.060835876464843750e+02
2.060835876464843750e+02
8.128359222412109375e+01
8.128359222412109375e+01
8.128359222412109375e+01
8.128359222412109375e+01
8.128359222412109375e+01
2.060835876464843750e+02
2.060835876464843750e+02
2.060835876464843750e+02
8.128359222412109375e+01
8.128359222412109375e+01
8.128359222412109375e+01
8.128359222412109375e+01
8.128359222412109375e+01
2.060835876464843750e+02
2.060835876464843750e+02
2.060835876464843750e+02
8.128359222412109375e+01
8.128359222412109375e+01
8.128359222412109375e+01
8.128359222412109375e+01
2.060835876464843750e+02
2.060835876464843750e+02
8.128359222412109375e+01
8.128359222412109375e+01
8.128359222412109375e+01
2.060835876464843750e+02
2.060835876464843750e+02
8.128359222412109375e+01
8.128359222412109375e+01
8.128359222412109375e+01
8.128359222412109375e+01
2.060835876464843750e+02
2.060835876464843750e+02
2.060835876464843750e+02
8.128359222412109375e+01
8.128359222412109375e+01
8.128359222412109375e+01
8.128359222412109375e+01
8.128359222412109375e+01
2.060835876464843750e+02
2.060835876464843750e+02
2.060835876464843750e+02
8.128359222412109375e+01
8.128359222412109375e+01
8.128359222412109375e+01
8.128359222412109375e+01
8.128359222412109375e+01
2.060835876464843750e+02
2.060835876464843750e+02
2.060835876464843750e+02
8.128359222412109375e+01
8.128359222412109375e+01
8.128359222412109375e+01
8.128359222412109375e+01
8.128359222412109375e+01
2.060835876464843750e+02
2.060835876464843750e+02
2.060835876464843750e+02
8.128359222412109375e+01
8.128359222412109375e+01
8.128359222412109375e+01
8.128359222412109375e+01
2.060835876464843750e+02
2.060835876464843750e+02
8.128359222412109375e+01
8.128359222412109375e+01
8.128359222412109375e+01
8.128359222412109375e+01
2.624835815429687500e+02
2.624835815429687500e+02
2.060835876464843750e+02
8.128359222412109375e+01
8.128359222412109375e+01
8.128359222412109375e+01
8.128359222412109375e+01
8.128359222412109375e+01
2.060835876464843750e+02
2.060835876464843750e+02
8.128359222412109375e+01
8.128359222412109375e+01
2.060835876464843750e+02
8.128359222412109375e+01
8.128359222412109375e+01
2.060835876464843750e+02
2.060835876464843750e+02
8.128359222412109375e+01
8.128359222412109375e+01
8.128359222412109375e+01
8.128359222412109375e+01
2.060835876464843750e+02
2.060835876464843750e+02
8.128359222412109375e+01
8.128359222412109375e+01
2.060835876464843750e+02
8.128359222412109375e+01
8.128359222412109375e+01
2.060835876464843750e+02
8.128359222412109375e+01
2.060835876464843750e+02
8.128359222412109375e+01
8.128359222412109375e+01
2.060835876464843750e+02
8.128359222412109375e+01
8.128359222412109375e+01
2.060835876464843750e+02
2.060835876464843750e+02
8.128359222412109375e+01
8.128359222412109375e+01
8.128359222412109375e+01
8.128359222412109375e+01
2.060835876464843750e+02
2.060835876464843750e+02
8.128359222412109375e+01
8.128359222412109375e+01
2.060835876464843750e+02
8.128359222412109375e+01
8.128359222412109375e+01
2.060835876464843750e+02
2.060835876464843750e+02
8.128359222412109375e+01
8.128359222412109375e+01
8.128359222412109375e+01
8.128359222412109375e+01
2.060835876464843750e+02
2.060835876464843750e+02
8.128359222412109375e+01
8.128359222412109375e+01
8.128359222412109375e+01
2.060835876464843750e+02
2.060835876464843750e+02
8.128359222412109375e+01
8.128359222412109375e+01
8.128359222412109375e+01
2.060835876464843750e+02
2.060835876464843750e+02
8.128359222412109375e+01
8.128359222412109375e+01
8.128359222412109375e+01
8.128359222412109375e+01
2.060835876464843750e+02
2.060835876464843750e+02
2.060835876464843750e+02
8.128359222412109375e+01
8.128359222412109375e+01
8.128359222412109375e+01
8.128359222412109375e+01
8.128359222412109375e+01
2.060835876464843750e+02
2.060835876464843750e+02
8.128359222412109375e+01
8.128359222412109375e+01
2.060835876464843750e+02
2.060835876464843750e+02
8.128359222412109375e+01
8.128359222412109375e+01
8.128359222412109375e+01
8.128359222412109375e+01
8.128359222412109375e+01
2.060835876464843750e+02
2.060835876464843750e+02
2.060835876464843750e+02
8.128359222412109375e+01
8.128359222412109375e+01
8.128359222412109375e+01
8.128359222412109375e+01
2.060835876464843750e+02
2.060835876464843750e+02
2.060835876464843750e+02
8.128359222412109375e+01
8.128359222412109375e+01
8.128359222412109375e+01
8.128359222412109375e+01
8.128359222412109375e+01
8.128359222412109375e+01
2.060835876464843750e+02
2.060835876464843750e+02
2.060835876464843750e+02
2.060835876464843750e+02
8.128359222412109375e+01
8.128359222412109375e+01
8.128359222412109375e+01
8.128359222412109375e+01
8.128359222412109375e+01
8.128359222412109375e+01
8.128359222412109375e+01
2.060835876464843750e+02
2.060835876464843750e+02
2.060835876464843750e+02
2.060835876464843750e+02
8.128359222412109375e+01
8.128359222412109375e+01
8.128359222412109375e+01
8.128359222412109375e+01
8.128359222412109375e+01
8.128359222412109375e+01
2.060835876464843750e+02
2.060835876464843750e+02
2.060835876464843750e+02
2.060835876464843750e+02
8.128359222412109375e+01
8.128359222412109375e+01
8.128359222412109375e+01
8.128359222412109375e+01
8.128359222412109375e+01
8.128359222412109375e+01
8.128359222412109375e+01
2.060835876464843750e+02
2.060835876464843750e+02
2.060835876464843750e+02
2.060835876464843750e+02
8.128359222412109375e+01
8.128359222412109375e+01
8.128359222412109375e+01
8.128359222412109375e+01
8.128359222412109375e+01
8.128359222412109375e+01
2.060835876464843750e+02
2.060835876464843750e+02
2.060835876464843750e+02
2.060835876464843750e+02
8.128359222412109375e+01
8.128359222412109375e+01
8.128359222412109375e+01
8.128359222412109375e+01
8.128359222412109375e+01
8.128359222412109375e+01
8.128359222412109375e+01
2.060835876464843750e+02
2.060835876464843750e+02
2.060835876464843750e+02
2.060835876464843750e+02
8.128359222412109375e+01
8.128359222412109375e+01
8.128359222412109375e+01
8.128359222412109375e+01
8.128359222412109375e+01
2.060835876464843750e+02
2.060835876464843750e+02
8.128359222412109375e+01
8.128359222412109375e+01
8.128359222412109375e+01
2.060835876464843750e+02
2.060835876464843750e+02
8.128359222412109375e+01
8.128359222412109375e+01
8.128359222412109375e+01
2.060835876464843750e+02
2.060835876464843750e+02
8.128359222412109375e+01
8.128359222412109375e+01
8.128359222412109375e+01
8.128359222412109375e+01
2.060835876464843750e+02
2.060835876464843750e+02
2.060835876464843750e+02
8.128359222412109375e+01
8.128359222412109375e+01
8.128359222412109375e+01
8.128359222412109375e+01
8.128359222412109375e+01
2.060835876464843750e+02
2.060835876464843750e+02
8.128359222412109375e+01
8.128359222412109375e+01
2.060835876464843750e+02
2.060835876464843750e+02
8.128359222412109375e+01
8.128359222412109375e+01
8.128359222412109375e+01
8.128359222412109375e+01
8.128359222412109375e+01
2.060835876464843750e+02
2.060835876464843750e+02
2.060835876464843750e+02
8.128359222412109375e+01
8.128359222412109375e+01
8.128359222412109375e+01
8.128359222412109375e+01
2.060835876464843750e+02
2.060835876464843750e+02
8.128359222412109375e+01
8.128359222412109375e+01
2.060835876464843750e+02
8.128359222412109375e+01
8.128359222412109375e+01
8.128359222412109375e+01
2.060835876464843750e+02
2.060835876464843750e+02
2.060835876464843750e+02
8.128359222412109375e+01
8.128359222412109375e+01
8.128359222412109375e+01
8.128359222412109375e+01
8.128359222412109375e+01
8.128359222412109375e+01
2.060835876464843750e+02
2.060835876464843750e+02
2.060835876464843750e+02
2.060835876464843750e+02
8.128359222412109375e+01
8.128359222412109375e+01
8.128359222412109375e+01
8.128359222412109375e+01
8.128359222412109375e+01
8.128359222412109375e+01
8.128359222412109375e+01
2.060835876464843750e+02
2.060835876464843750e+02
2.060835876464843750e+02
2.060835876464843750e+02
8.128359222412109375e+01
8.128359222412109375e+01
8.128359222412109375e+01
8.128359222412109375e+01
8.128359222412109375e+01
2.060835876464843750e+02
2.060835876464843750e+02
8.128359222412109375e+01
8.128359222412109375e+01
2.060835876464843750e+02
8.128359222412109375e+01
8.128359222412109375e+01
2.060835876464843750e+02
8.128359222412109375e+01
2.060835876464843750e+02
8.128359222412109375e+01
8.128359222412109375e+01
2.060835876464843750e+02
8.128359222412109375e+01
8.128359222412109375e+01
2.060835876464843750e+02
2.060835876464843750e+02
8.128359222412109375e+01
8.128359222412109375e+01
8.128359222412109375e+01
8.128359222412109375e+01
2.060835876464843750e+02
2.060835876464843750e+02
8.128359222412109375e+01
8.128359222412109375e+01
2.060835876464843750e+02
8.128359222412109375e+01
8.128359222412109375e+01
2.060835876464843750e+02
2.060835876464843750e+02
8.128359222412109375e+01
8.128359222412109375e+01
8.128359222412109375e+01
8.128359222412109375e+01
2.060835876464843750e+02
2.060835876464843750e+02
8.128359222412109375e+01
8.128359222412109375e+01
8.128359222412109375e+01
2.060835876464843750e+02
2.060835876464843750e+02
8.128359222412109375e+01
8.128359222412109375e+01
8.128359222412109375e+01
2.060835876464843750e+02
8.128359222412109375e+01
2.060835876464843750e+02
8.128359222412109375e+01
8.128359222412109375e+01
2.060835876464843750e+02
8.128359222412109375e+01
2.060835876464843750e+02
8.128359222412109375e+01
8.128359222412109375e+01
8.128359222412109375e+01
2.060835876464843750e+02
2.060835876464843750e+02
8.128359222412109375e+01
8.128359222412109375e+01
8.128359222412109375e+01
2.060835876464843750e+02
2.060835876464843750e+02
8.128359222412109375e+01
8.128359222412109375e+01
8.128359222412109375e+01
2.060835876464843750e+02
8.128359222412109375e+01
2.060835876464843750e+02
8.128359222412109375e+01
8.128359222412109375e+01
2.060835876464843750e+02
8.128359222412109375e+01
2.060835876464843750e+02
8.128359222412109375e+01
8.128359222412109375e+01
8.128359222412109375e+01
2.060835876464843750e+02
2.060835876464843750e+02
8.128359222412109375e+01
8.128359222412109375e+01
8.128359222412109375e+01
2.060835876464843750e+02
2.060835876464843750e+02
8.128359222412109375e+01
8.128359222412109375e+01
8.128359222412109375e+01
2.060835876464843750e+02
8.128359222412109375e+01
2.060835876464843750e+02
8.128359222412109375e+01
8.128359222412109375e+01
2.060835876464843750e+02
8.128359222412109375e+01
2.060835876464843750e+02
8.128359222412109375e+01
8.128359222412109375e+01
8.128359222412109375e+01
2.060835876464843750e+02
2.060835876464843750e+02
8.128359222412109375e+01
8.128359222412109375e+01
2.060835876464843750e+02
8.128359222412109375e+01
8.128359222412109375e+01
2.060835876464843750e+02
8.128359222412109375e+01
8.128359222412109375e+01
2.060835876464843750e+02
2.060835876464843750e+02
8.128359222412109375e+01
8.128359222412109375e+01
8.128359222412109375e+01
8.128359222412109375e+01
2.060835876464843750e+02
2.060835876464843750e+02
8.128359222412109375e+01
8.128359222412109375e+01
2.060835876464843750e+02
8.128359222412109375e+01
8.128359222412109375e+01
2.060835876464843750e+02
2.060835876464843750e+02
8.128359222412109375e+01
8.128359222412109375e+01
8.128359222412109375e+01
8.128359222412109375e+01
2.060835876464843750e+02
2.060835876464843750e+02
8.128359222412109375e+01
8.128359222412109375e+01
8.128359222412109375e+01
2.060835876464843750e+02
2.060835876464843750e+02
8.128359222412109375e+01
8.128359222412109375e+01
8.128359222412109375e+01
2.060835876464843750e+02
2.060835876464843750e+02
8.128359222412109375e+01
8.128359222412109375e+01
8.128359222412109375e+01
8.128359222412109375e+01
2.060835876464843750e+02
2.060835876464843750e+02
2.060835876464843750e+02
8.128359222412109375e+01
1.244836044311523438e+02
1.244836044311523438e+02
8.128359222412109375e+01
8.128359222412109375e+01
2.060835876464843750e+02
2.060835876464843750e+02
2.060835876464843750e+02
8.128359222412109375e+01
8.128359222412109375e+01
8.128359222412109375e+01
8.128359222412109375e+01
2.060835876464843750e+02
2.060835876464843750e+02
8.128359222412109375e+01
8.128359222412109375e+01
8.128359222412109375e+01
2.060835876464843750e+02
2.060835876464843750e+02
8.128359222412109375e+01
8.128359222412109375e+01
8.128359222412109375e+01
2.060835876464843750e+02
2.060835876464843750e+02
8.128359222412109375e+01
8.128359222412109375e+01
8.128359222412109375e+01
8.128359222412109375e+01
2.060835876464843750e+02
2.060835876464843750e+02
2.060835876464843750e+02
8.128359222412109375e+01
7.748836059570312500e+02
8.128359222412109375e+01
2.060835876464843750e+02
2.060835876464843750e+02
2.060835876464843750e+02
8.128359222412109375e+01
1.244836044311523438e+02
1.244836044311523438e+02
8.128359222412109375e+01
2.060835876464843750e+02
2.060835876464843750e+02
8.128359222412109375e+01
8.128359222412109375e+01
8.128359222412109375e+01
2.060835876464843750e+02
2.060835876464843750e+02
8.128359222412109375e+01
8.128359222412109375e+01
8.128359222412109375e+01
2.060835876464843750e+02
2.060835876464843750e+02
8.128359222412109375e+01
8.128359222412109375e+01
8.128359222412109375e+01
2.060835876464843750e+02
8.128359222412109375e+01
2.060835876464843750e+02
8.128359222412109375e+01
8.128359222412109375e+01
2.060835876464843750e+02
8.128359222412109375e+01
8.128359222412109375e+01
2.060835876464843750e+02
2.060835876464843750e+02
8.128359222412109375e+01
8.128359222412109375e+01
8.128359222412109375e+01
8.128359222412109375e+01
2.060835876464843750e+02
2.060835876464843750e+02
2.060835876464843750e+02
7.748836059570312500e+02
6.744836425781250000e+02
2.060835876464843750e+02
2.060835876464843750e+02
2.060835876464843750e+02
2.060835876464843750e+02
7.748836059570312500e+02
7.748836059570312500e+02
2.060835876464843750e+02
2.060835876464843750e+02
2.060835876464843750e+02
2.060835876464843750e+02
7.748836059570312500e+02
7.748836059570312500e+02
2.060835876464843750e+02
2.060835876464843750e+02
2.060835876464843750e+02
8.128359222412109375e+01
8.128359222412109375e+01
8.128359222412109375e+01
2.060835876464843750e+02
2.060835876464843750e+02
7.748836059570312500e+02
8.128359222412109375e+01
2.060835876464843750e+02
2.060835876464843750e+02
2.060835876464843750e+02
1.244836044311523438e+02
1.244836044311523438e+02
1.244836044311523438e+02
1.244836044311523438e+02
5.928358078002929688e+01
5.928358078002929688e+01
5.928358078002929688e+01
5.928358078002929688e+01
5.928358078002929688e+01
1.244836044311523438e+02
1.244836044311523438e+02
1.244836044311523438e+02
5.928358078002929688e+01
5.928358078002929688e+01
5.928358078002929688e+01
5.928358078002929688e+01
8.128359222412109375e+01
1.244836044311523438e+02
8.128359222412109375e+01
5.928358078002929688e+01
5.928358078002929688e+01
5.928358078002929688e+01
5.928358078002929688e+01
1.244836044311523438e+02
1.244836044311523438e+02
1.244836044311523438e+02
5.928358078002929688e+01
5.928358078002929688e+01
5.928358078002929688e+01
5.928358078002929688e+01
5.928358078002929688e+01
1.244836044311523438e+02
1.244836044311523438e+02
1.244836044311523438e+02
8.128359222412109375e+01
2.060835876464843750e+02
2.060835876464843750e+02
2.060835876464843750e+02
8.128359222412109375e+01
1.244836044311523438e+02
1.244836044311523438e+02
8.128359222412109375e+01
2.060835876464843750e+02
2.060835876464843750e+02
2.060835876464843750e+02
1.244836044311523438e+02
1.244836044311523438e+02
1.244836044311523438e+02
1.244836044311523438e+02
5.928358078002929688e+01
5.928358078002929688e+01
5.928358078002929688e+01
5.928358078002929688e+01
5.928358078002929688e+01
8.128359222412109375e+01
1.244836044311523438e+02
8.128359222412109375e+01
8.128359222412109375e+01
5.928358078002929688e+01
5.928358078002929688e+01
5.928358078002929688e+01
5.928358078002929688e+01
5.928358078002929688e+01
8.128359222412109375e+01
8.128359222412109375e+01
8.128359222412109375e+01
5.928358078002929688e+01
5.928358078002929688e+01
8.128359222412109375e+01
5.928358078002929688e+01
8.128359222412109375e+01
5.928358078002929688e+01
8.128359222412109375e+01
5.928358078002929688e+01
5.928358078002929688e+01
8.128359222412109375e+01
8.128359222412109375e+01
5.928358078002929688e+01
5.928358078002929688e+01
8.128359222412109375e+01
5.928358078002929688e+01
8.128359222412109375e+01
5.928358078002929688e+01
8.128359222412109375e+01
5.928358078002929688e+01
5.928358078002929688e+01
8.128359222412109375e+01
8.128359222412109375e+01
5.928358078002929688e+01
5.928358078002929688e+01
8.128359222412109375e+01
8.128359222412109375e+01
5.928358078002929688e+01
5.928358078002929688e+01
5.928358078002929688e+01
8.128359222412109375e+01
8.128359222412109375e+01
8.128359222412109375e+01
5.928358078002929688e+01
5.928358078002929688e+01
5.928358078002929688e+01
5.928358078002929688e+01
8.128359222412109375e+01
8.128359222412109375e+01
8.128359222412109375e+01
5.928358078002929688e+01
5.928358078002929688e+01
5.928358078002929688e+01
8.128359222412109375e+01
8.128359222412109375e+01
5.928358078002929688e+01
5.928358078002929688e+01
8.128359222412109375e+01
8.128359222412109375e+01
5.928358078002929688e+01
5.928358078002929688e+01
8.128359222412109375e+01
5.928358078002929688e+01
8.128359222412109375e+01
5.928358078002929688e+01
5.928358078002929688e+01
8.128359222412109375e+01
8.128359222412109375e+01
5.928358078002929688e+01
5.928358078002929688e+01
8.128359222412109375e+01
8.128359222412109375e+01
5.928358078002929688e+01
5.928358078002929688e+01
5.928358078002929688e+01
8.128359222412109375e+01
8.128359222412109375e+01
8.128359222412109375e+01
5.928358078002929688e+01
5.928358078002929688e+01
5.928358078002929688e+01
5.928358078002929688e+01
8.128359222412109375e+01
8.128359222412109375e+01
8.128359222412109375e+01
5.928358078002929688e+01
5.928358078002929688e+01
5.928358078002929688e+01
8.128359222412109375e+01
8.128359222412109375e+01
8.128359222412109375e+01
5.928358078002929688e+01
5.928358078002929688e+01
5.928358078002929688e+01
5.928358078002929688e+01
8.128359222412109375e+01
8.128359222412109375e+01
8.128359222412109375e+01
5.928358078002929688e+01
5.928358078002929688e+01
5.928358078002929688e+01
8.128359222412109375e+01
8.128359222412109375e+01
5.928358078002929688e+01
5.928358078002929688e+01
8.128359222412109375e+01
8.128359222412109375e+01
5.928358078002929688e+01
5.928358078002929688e+01
5.928358078002929688e+01
8.128359222412109375e+01
8.128359222412109375e+01
8.128359222412109375e+01
5.928358078002929688e+01
5.928358078002929688e+01
5.928358078002929688e+01
5.928358078002929688e+01
8.128359222412109375e+01
8.128359222412109375e+01
8.128359222412109375e+01
8.128359222412109375e+01
2.060835876464843750e+02
2.060835876464843750e+02
2.060835876464843750e+02
8.128359222412109375e+01
1.244836044311523438e+02
1.244836044311523438e+02
8.128359222412109375e+01
5.928358078002929688e+01
5.928358078002929688e+01
5.928358078002929688e+01
5.928358078002929688e+01
8.128359222412109375e+01
8.128359222412109375e+01
8.128359222412109375e+01
5.928358078002929688e+01
5.928358078002929688e+01
5.928358078002929688e+01
8.128359222412109375e+01
8.128359222412109375e+01
5.928358078002929688e+01
5.928358078002929688e+01
8.128359222412109375e+01
5.928358078002929688e+01
8.128359222412109375e+01
5.928358078002929688e+01
8.128359222412109375e+01
5.928358078002929688e+01
8.128359222412109375e+01
5.928358078002929688e+01
5.928358078002929688e+01
8.128359222412109375e+01
8.128359222412109375e+01
5.928358078002929688e+01
5.928358078002929688e+01
5.928358078002929688e+01
8.128359222412109375e+01
1.244836044311523438e+02
8.128359222412109375e+01
5.928358078002929688e+01
5.928358078002929688e+01
5.928358078002929688e+01
5.928358078002929688e+01
8.128359222412109375e+01
1.244836044311523438e+02
8.128359222412109375e+01
5.928358078002929688e+01
5.928358078002929688e+01
5.928358078002929688e+01
5.928358078002929688e+01
1.244836044311523438e+02
1.244836044311523438e+02
8.128359222412109375e+01
5.928358078002929688e+01
5.928358078002929688e+01
5.928358078002929688e+01
5.928358078002929688e+01
1.244836044311523438e+02
1.244836044311523438e+02
8.128359222412109375e+01
5.928358078002929688e+01
5.928358078002929688e+01
5.928358078002929688e+01
5.928358078002929688e+01
8.128359222412109375e+01
1.244836044311523438e+02
8.128359222412109375e+01
5.928358078002929688e+01
5.928358078002929688e+01
5.928358078002929688e+01
5.928358078002929688e+01
1.244836044311523438e+02
1.244836044311523438e+02
8.128359222412109375e+01
5.928358078002929688e+01
5.928358078002929688e+01
5.928358078002929688e+01
5.928358078002929688e+01
1.244836044311523438e+02
1.244836044311523438e+02
5.928358078002929688e+01
5.928358078002929688e+01
1.244836044311523438e+02
8.128359222412109375e+01
5.928358078002929688e+01
5.928358078002929688e+01
5.928358078002929688e+01
5.928358078002929688e+01
1.244836044311523438e+02
1.244836044311523438e+02
1.244836044311523438e+02
5.928358078002929688e+01
5.928358078002929688e+01
5.928358078002929688e+01
5.928358078002929688e+01
1.244836044311523438e+02
1.244836044311523438e+02
8.128359222412109375e+01
5.928358078002929688e+01
5.928358078002929688e+01
5.928358078002929688e+01
5.928358078002929688e+01
5.928358078002929688e+01
1.244836044311523438e+02
1.244836044311523438e+02
1.244836044311523438e+02
1.244836044311523438e+02
5.928358078002929688e+01
5.928358078002929688e+01
5.928358078002929688e+01
5.928358078002929688e+01
5.928358078002929688e+01
5.928358078002929688e+01
1.244836044311523438e+02
1.244836044311523438e+02
1.244836044311523438e+02
1.244836044311523438e+02
5.928358078002929688e+01
5.928358078002929688e+01
5.928358078002929688e+01
5.928358078002929688e+01
5.928358078002929688e+01
5.928358078002929688e+01
1.244836044311523438e+02
7.748836059570312500e+02
1.244836044311523438e+02
2.060835876464843750e+02
2.060835876464843750e+02
2.060835876464843750e+02
5.928358078002929688e+01
1.244836044311523438e+02
1.244836044311523438e+02
1.244836044311523438e+02
3.368358993530273438e+01
3.368358993530273438e+01
3.368358993530273438e+01
3.368358993530273438e+01
1.244836044311523438e+02
1.244836044311523438e+02
3.368358993530273438e+01
5.928358078002929688e+01
5.928358078002929688e+01
3.368358993530273438e+01
7.748836059570312500e+02
3.368358993530273438e+01
5.928358078002929688e+01
5.928358078002929688e+01
5.928358078002929688e+01
1.244836044311523438e+02
1.244836044311523438e+02
3.368358993530273438e+01
5.928358078002929688e+01
3.368358993530273438e+01
1.244836044311523438e+02
1.244836044311523438e+02
5.928358078002929688e+01
5.928358078002929688e+01
5.928358078002929688e+01
3.368358993530273438e+01
7.748836059570312500e+02
3.368358993530273438e+01
5.928358078002929688e+01
5.928358078002929688e+01
3.368358993530273438e+01
7.748836059570312500e+02
5.928358078002929688e+01
5.928358078002929688e+01
5.928358078002929688e+01
5.928358078002929688e+01
7.748836059570312500e+02
5.928358078002929688e+01
5.928358078002929688e+01
5.928358078002929688e+01
8.128359222412109375e+01
8.128359222412109375e+01
5.928358078002929688e+01
5.928358078002929688e+01
5.928358078002929688e+01
7.748836059570312500e+02
5.928358078002929688e+01
5.928358078002929688e+01
5.928358078002929688e+01
8.128359222412109375e+01
8.128359222412109375e+01
5.928358078002929688e+01
5.928358078002929688e+01
5.928358078002929688e+01
8.128359222412109375e+01
1.244836044311523438e+02
5.928358078002929688e+01
5.928358078002929688e+01
3.368358993530273438e+01
7.748836059570312500e+02
2.060835876464843750e+02
2.060835876464843750e+02
7.748836059570312500e+02
2.060835876464843750e+02
2.060835876464843750e+02
7.748836059570312500e+02
2.060835876464843750e+02
2.060835876464843750e+02
7.748836059570312500e+02
2.060835876464843750e+02
2.060835876464843750e+02
7.748836059570312500e+02
2.060835876464843750e+02
2.060835876464843750e+02
7.748836059570312500e+02
2.060835876464843750e+02
2.060835876464843750e+02
7.748836059570312500e+02
2.060835876464843750e+02
2.060835876464843750e+02
7.748836059570312500e+02
1.516835937500000000e+02
1.516835937500000000e+02
7.748836059570312500e+02
2.060835876464843750e+02
2.060835876464843750e+02
7.748836059570312500e+02
2.060835876464843750e+02
2.060835876464843750e+02
7.748836059570312500e+02
2.060835876464843750e+02
2.060835876464843750e+02
7.748836059570312500e+02
2.060835876464843750e+02
2.060835876464843750e+02
7.748836059570312500e+02
2.060835876464843750e+02
2.060835876464843750e+02
7.748836059570312500e+02
2.060835876464843750e+02
2.060835876464843750e+02
7.748836059570312500e+02
2.060835876464843750e+02
2.060835876464843750e+02
7.748836059570312500e+02
1.516835937500000000e+02
1.516835937500000000e+02
7.748836059570312500e+02
2.060835876464843750e+02
2.060835876464843750e+02
1.244836044311523438e+02
1.244836044311523438e+02
2.060835876464843750e+02
1.516835937500000000e+02
7.748836059570312500e+02
1.244836044311523438e+02
2.060835876464843750e+02
2.060835876464843750e+02
2.060835876464843750e+02
7.748836059570312500e+02
2.060835876464843750e+02
1.244836044311523438e+02
1.516835937500000000e+02
7.748836059570312500e+02
2.060835876464843750e+02
2.060835876464843750e+02
2.060835876464843750e+02
7.748836059570312500e+02
7.748836059570312500e+02
2.428835601806640625e+02
2.428835601806640625e+02
2.428835601806640625e+02
2.428835601806640625e+02
7.124835815429687500e+02
7.124835815429687500e+02
9.683585166931152344e+00
2.428835601806640625e+02
2.428835601806640625e+02
2.428835601806640625e+02
9.683585166931152344e+00
7.124835815429687500e+02
6.160835571289062500e+02
3.900835876464843750e+02
3.900835876464843750e+02
3.900835876464843750e+02
6.160835571289062500e+02
7.124835815429687500e+02
2.428835601806640625e+02
2.428835601806640625e+02
9.683585166931152344e+00
9.683585166931152344e+00
9.683585166931152344e+00
6.160835571289062500e+02
2.428835601806640625e+02
2.428835601806640625e+02
2.428835601806640625e+02
5.268835449218750000e+02
5.268835449218750000e+02
2.428835601806640625e+02
2.428835601806640625e+02
6.448358917236328125e+01
1.028835906982421875e+02
2.428835601806640625e+02
1.028835906982421875e+02
1.028835906982421875e+02
2.428835601806640625e+02
6.448358917236328125e+01
2.428835601806640625e+02
1.028835906982421875e+02
1.028835906982421875e+02
6.448358917236328125e+01
2.060835876464843750e+02
2.060835876464843750e+02
6.160835571289062500e+02
9.683585166931152344e+00
9.683585166931152344e+00
2.428835601806640625e+02
2.428835601806640625e+02
6.160835571289062500e+02
9.683585166931152344e+00
9.683585166931152344e+00
9.683586120605468750e+00
9.683586120605468750e+00
9.683586120605468750e+00
9.683586120605468750e+00
9.683586120605468750e+00
1.008358573913574219e+01
1.008358573913574219e+01
1.008358573913574219e+01
1.008358573913574219e+01
1.008358573913574219e+01
1.008358573913574219e+01
1.008358573913574219e+01
1.008358573913574219e+01
9.683586120605468750e+00
9.683586120605468750e+00
9.683586120605468750e+00
9.683586120605468750e+00
9.683586120605468750e+00
9.683586120605468750e+00
9.683586120605468750e+00
9.683586120605468750e+00
9.683586120605468750e+00
1.008358573913574219e+01
1.008358573913574219e+01
1.008358573913574219e+01
1.008358573913574219e+01
9.683586120605468750e+00
9.683586120605468750e+00
9.683586120605468750e+00
9.683586120605468750e+00
9.683586120605468750e+00
9.683586120605468750e+00
1.008358573913574219e+01
1.008358573913574219e+01
1.008358573913574219e+01
1.008358573913574219e+01
9.683586120605468750e+00
9.683586120605468750e+00
9.683586120605468750e+00
9.683586120605468750e+00
9.683586120605468750e+00
9.683586120605468750e+00
1.008358573913574219e+01
1.008358573913574219e+01
1.008358573913574219e+01
9.683586120605468750e+00
9.683586120605468750e+00
9.683586120605468750e+00
9.683586120605468750e+00
9.683586120605468750e+00
1.008358573913574219e+01
1.008358573913574219e+01
1.008358573913574219e+01
9.683586120605468750e+00
9.683586120605468750e+00
9.683586120605468750e+00
9.683586120605468750e+00
9.683586120605468750e+00
1.008358573913574219e+01
1.008358573913574219e+01
1.008358573913574219e+01
9.683586120605468750e+00
9.683586120605468750e+00
9.683586120605468750e+00
9.683586120605468750e+00
9.683586120605468750e+00
1.008358573913574219e+01
1.008358573913574219e+01
1.008358573913574219e+01
9.683586120605468750e+00
9.683586120605468750e+00
9.683586120605468750e+00
9.683586120605468750e+00
9.683586120605468750e+00
1.008358573913574219e+01
1.008358573913574219e+01
1.008358573913574219e+01
9.683586120605468750e+00
9.683586120605468750e+00
9.683586120605468750e+00
9.683586120605468750e+00
9.683586120605468750e+00
1.008358573913574219e+01
1.008358573913574219e+01
1.008358573913574219e+01
9.683586120605468750e+00
9.683586120605468750e+00
9.683586120605468750e+00
9.683586120605468750e+00
9.683586120605468750e+00
1.008358573913574219e+01
1.008358573913574219e+01
1.008358573913574219e+01
9.683586120605468750e+00
9.683586120605468750e+00
9.683586120605468750e+00
9.683586120605468750e+00
9.683586120605468750e+00
1.008358573913574219e+01
1.008358573913574219e+01
1.008358573913574219e+01
9.683586120605468750e+00
9.683586120605468750e+00
9.683586120605468750e+00
9.683586120605468750e+00
9.683586120605468750e+00
1.008358573913574219e+01
1.008358573913574219e+01
1.008358573913574219e+01
9.683586120605468750e+00
9.683586120605468750e+00
9.683586120605468750e+00
9.683586120605468750e+00
9.683586120605468750e+00
1.008358573913574219e+01
1.008358573913574219e+01
1.008358573913574219e+01
9.683586120605468750e+00
9.683586120605468750e+00
9.683586120605468750e+00
9.683586120605468750e+00
9.683586120605468750e+00
1.008358573913574219e+01
1.008358573913574219e+01
1.008358573913574219e+01
9.683586120605468750e+00
9.683586120605468750e+00
9.683586120605468750e+00
9.683586120605468750e+00
9.683586120605468750e+00
1.008358573913574219e+01
1.008358573913574219e+01
1.008358573913574219e+01
9.683586120605468750e+00
9.683586120605468750e+00
9.683586120605468750e+00
9.683586120605468750e+00
9.683586120605468750e+00
1.008358573913574219e+01
1.008358573913574219e+01
1.008358573913574219e+01
9.683586120605468750e+00
9.683586120605468750e+00
9.683586120605468750e+00
9.683586120605468750e+00
9.683586120605468750e+00
1.008358573913574219e+01
1.008358573913574219e+01
1.008358573913574219e+01
9.683586120605468750e+00
9.683586120605468750e+00
9.683586120605468750e+00
9.683586120605468750e+00
9.683586120605468750e+00
1.008358573913574219e+01
1.008358573913574219e+01
1.008358573913574219e+01
9.683586120605468750e+00
9.683586120605468750e+00
9.683586120605468750e+00
9.683586120605468750e+00
9.683586120605468750e+00
1.008358573913574219e+01
1.008358573913574219e+01
1.008358573913574219e+01
9.683586120605468750e+00
9.683586120605468750e+00
9.683586120605468750e+00
9.683586120605468750e+00
9.683586120605468750e+00
1.008358573913574219e+01
1.008358573913574219e+01
1.008358573913574219e+01
9.683586120605468750e+00
9.683586120605468750e+00
9.683586120605468750e+00
9.683586120605468750e+00
9.683586120605468750e+00
1.008358573913574219e+01
1.008358573913574219e+01
1.008358573913574219e+01
9.683586120605468750e+00
9.683586120605468750e+00
9.683586120605468750e+00
9.683586120605468750e+00
9.683586120605468750e+00
1.008358573913574219e+01
1.008358573913574219e+01
1.008358573913574219e+01
9.683586120605468750e+00
9.683586120605468750e+00
9.683586120605468750e+00
9.683586120605468750e+00
9.683586120605468750e+00
1.008358573913574219e+01
1.008358573913574219e+01
1.008358573913574219e+01
9.683586120605468750e+00
9.683586120605468750e+00
9.683586120605468750e+00
9.683586120605468750e+00
9.683586120605468750e+00
1.008358573913574219e+01
1.008358573913574219e+01
1.008358573913574219e+01
9.683586120605468750e+00
9.683586120605468750e+00
9.683586120605468750e+00
9.683586120605468750e+00
9.683586120605468750e+00
1.008358573913574219e+01
1.008358573913574219e+01
1.008358573913574219e+01
9.683586120605468750e+00
9.683586120605468750e+00
9.683586120605468750e+00
9.683586120605468750e+00
9.683586120605468750e+00
1.008358573913574219e+01
1.008358573913574219e+01
1.008358573913574219e+01
9.683586120605468750e+00
9.683586120605468750e+00
9.683585166931152344e+00
9.683586120605468750e+00
9.683586120605468750e+00
1.008358573913574219e+01
1.008358573913574219e+01
1.008358573913574219e+01
9.683586120605468750e+00
9.683585166931152344e+00
9.683585166931152344e+00
9.683586120605468750e+00
9.683586120605468750e+00
1.008358573913574219e+01
1.008358573913574219e+01
1.008358573913574219e+01
9.683586120605468750e+00
9.683585166931152344e+00
9.683585166931152344e+00
9.683586120605468750e+00
9.683586120605468750e+00
1.008358573913574219e+01
1.008358573913574219e+01
1.008358573913574219e+01
9.683586120605468750e+00
9.683585166931152344e+00
9.683585166931152344e+00
9.683585166931152344e+00
9.683586120605468750e+00
1.008358573913574219e+01
1.008358573913574219e+01
1.008358573913574219e+01
9.683586120605468750e+00
9.683585166931152344e+00
9.683585166931152344e+00
9.683585166931152344e+00
9.683586120605468750e+00
1.008358573913574219e+01
1.008358573913574219e+01
1.008358573913574219e+01
9.683586120605468750e+00
9.683585166931152344e+00
9.683585166931152344e+00
9.683585166931152344e+00
9.683586120605468750e+00
1.008358573913574219e+01
1.008358573913574219e+01
1.008358573913574219e+01
9.683586120605468750e+00
9.683585166931152344e+00
9.683585166931152344e+00
9.683585166931152344e+00
9.683586120605468750e+00
1.008358573913574219e+01
1.008358573913574219e+01
1.008358573913574219e+01
9.683585166931152344e+00
9.683585166931152344e+00
9.683585166931152344e+00
9.683585166931152344e+00
9.683586120605468750e+00
1.008358573913574219e+01
1.008358573913574219e+01
1.008358573913574219e+01
9.683585166931152344e+00
9.683585166931152344e+00
9.683585166931152344e+00
9.683585166931152344e+00
9.683586120605468750e+00
1.008358573913574219e+01
1.008358573913574219e+01
1.008358573913574219e+01
9.683585166931152344e+00
9.683585166931152344e+00
9.683585166931152344e+00
9.683585166931152344e+00
9.683586120605468750e+00
1.008358573913574219e+01
1.008358573913574219e+01
1.008358573913574219e+01
9.683585166931152344e+00
9.683585166931152344e+00
9.683585166931152344e+00
9.683585166931152344e+00
9.683585166931152344e+00
1.008358573913574219e+01
1.008358573913574219e+01
1.008358573913574219e+01
9.683585166931152344e+00
9.683585166931152344e+00
9.683585166931152344e+00
9.683585166931152344e+00
9.683585166931152344e+00
1.008358573913574219e+01
1.008358573913574219e+01
1.008358573913574219e+01
9.683585166931152344e+00
9.683585166931152344e+00
9.683585166931152344e+00
9.683585166931152344e+00
9.683585166931152344e+00
1.008358573913574219e+01
1.008358573913574219e+01
1.008358573913574219e+01
9.683585166931152344e+00
9.683585166931152344e+00
9.683585166931152344e+00
9.683585166931152344e+00
9.683585166931152344e+00
1.008358573913574219e+01
1.008358573913574219e+01
1.008358573913574219e+01
9.683585166931152344e+00
9.683585166931152344e+00
9.683585166931152344e+00
9.683585166931152344e+00
9.683585166931152344e+00
1.008358573913574219e+01
1.008358573913574219e+01
1.008358573913574219e+01
9.683585166931152344e+00
9.683585166931152344e+00
9.683585166931152344e+00
9.683585166931152344e+00
9.683585166931152344e+00
1.008358573913574219e+01
1.008358573913574219e+01
1.008358573913574219e+01
9.683585166931152344e+00
9.683585166931152344e+00
9.683585166931152344e+00
9.683585166931152344e+00
9.683585166931152344e+00
1.008358573913574219e+01
1.008358573913574219e+01
1.008358573913574219e+01
9.683585166931152344e+00
9.683585166931152344e+00
9.683585166931152344e+00
9.683585166931152344e+00
9.683585166931152344e+00
1.008358573913574219e+01
1.008358573913574219e+01
1.008358573913574219e+01
9.683585166931152344e+00
9.683585166931152344e+00
9.683585166931152344e+00
9.683585166931152344e+00
9.683585166931152344e+00
1.008358573913574219e+01
1.008358573913574219e+01
1.008358573913574219e+01
9.683585166931152344e+00
9.683585166931152344e+00
9.683585166931152344e+00
9.683585166931152344e+00
9.683585166931152344e+00
1.008358573913574219e+01
1.008358573913574219e+01
1.008358573913574219e+01
9.683585166931152344e+00
9.683585166931152344e+00
9.683585166931152344e+00
9.683585166931152344e+00
9.683585166931152344e+00
1.008358573913574219e+01
1.008358573913574219e+01
1.008358573913574219e+01
9.683585166931152344e+00
9.683585166931152344e+00
9.683585166931152344e+00
9.683585166931152344e+00
9.683585166931152344e+00
1.008358573913574219e+01
1.008358573913574219e+01
1.008358573913574219e+01
9.683585166931152344e+00
9.683585166931152344e+00
9.683585166931152344e+00
9.683585166931152344e+00
9.683585166931152344e+00
1.008358573913574219e+01
1.008358573913574219e+01
1.008358573913574219e+01
9.683585166931152344e+00
9.683585166931152344e+00
9.683585166931152344e+00
9.683585166931152344e+00
9.683585166931152344e+00
1.008358573913574219e+01
1.008358573913574219e+01
1.008358573913574219e+01
9.683585166931152344e+00
9.683585166931152344e+00
9.683585166931152344e+00
9.683585166931152344e+00
9.683585166931152344e+00
1.008358573913574219e+01
1.008358573913574219e+01
1.008358573913574219e+01
9.683585166931152344e+00
9.683585166931152344e+00
9.683585166931152344e+00
9.683585166931152344e+00
9.683585166931152344e+00
1.008358573913574219e+01
1.008358573913574219e+01
1.008358573913574219e+01
9.683585166931152344e+00
9.683585166931152344e+00
9.683585166931152344e+00
9.683585166931152344e+00
9.683585166931152344e+00
1.008358573913574219e+01
1.008358573913574219e+01
1.008358478546142578e+01
9.683585166931152344e+00
9.683585166931152344e+00
9.683585166931152344e+00
9.683585166931152344e+00
9.683585166931152344e+00
1.008358478546142578e+01
1.008358478546142578e+01
1.008358478546142578e+01
9.683585166931152344e+00
9.683585166931152344e+00
9.683585166931152344e+00
9.683585166931152344e+00
9.683585166931152344e+00
1.008358478546142578e+01
1.008358478546142578e+01
1.008358478546142578e+01
9.683585166931152344e+00
9.683585166931152344e+00
9.683585166931152344e+00
9.683585166931152344e+00
9.683585166931152344e+00
1.008358478546142578e+01
1.008358478546142578e+01
1.008358478546142578e+01
9.683585166931152344e+00
9.683585166931152344e+00
9.683585166931152344e+00
9.683585166931152344e+00
9.683585166931152344e+00
1.008358478546142578e+01
1.008358478546142578e+01
1.008358478546142578e+01
9.683585166931152344e+00
9.683585166931152344e+00
9.683585166931152344e+00
9.683585166931152344e+00
1.008358478546142578e+01
1.008358478546142578e+01
9.683585166931152344e+00
9.683585166931152344e+00
9.683585166931152344e+00
9.683585166931152344e+00
1.008358478546142578e+01
1.008358478546142578e+01
1.008358478546142578e+01
9.683585166931152344e+00
9.683585166931152344e+00
9.683585166931152344e+00
9.683585166931152344e+00
9.683585166931152344e+00
1.008358478546142578e+01
1.008358478546142578e+01
1.008358478546142578e+01
9.683585166931152344e+00
9.683585166931152344e+00
9.683585166931152344e+00
9.683585166931152344e+00
9.683585166931152344e+00
1.008358478546142578e+01
1.008358478546142578e+01
1.008358478546142578e+01
9.683585166931152344e+00
9.683585166931152344e+00
9.683585166931152344e+00
9.683585166931152344e+00
1.008358478546142578e+01
1.008358478546142578e+01
9.683585166931152344e+00
9.683585166931152344e+00
9.683585166931152344e+00
9.683585166931152344e+00
1.008358478546142578e+01
1.008358478546142578e+01
1.008358478546142578e+01
9.683585166931152344e+00
9.683585166931152344e+00
9.683585166931152344e+00
9.683585166931152344e+00
9.683585166931152344e+00
9.683585166931152344e+00
1.008358478546142578e+01
1.008358478546142578e+01
1.008358478546142578e+01
9.683585166931152344e+00
9.683585166931152344e+00
9.683585166931152344e+00
9.683585166931152344e+00
1.008358478546142578e+01
1.008358478546142578e+01
9.683585166931152344e+00
9.683585166931152344e+00
9.683585166931152344e+00
9.683585166931152344e+00
1.008358478546142578e+01
1.008358478546142578e+01
1.008358478546142578e+01
9.683585166931152344e+00
9.683585166931152344e+00
9.683585166931152344e+00
9.683585166931152344e+00
1.008358478546142578e+01
1.008358478546142578e+01
9.683585166931152344e+00
9.683585166931152344e+00
9.683585166931152344e+00
9.683585166931152344e+00
1.008358478546142578e+01
1.008358478546142578e+01
1.008358478546142578e+01
9.683585166931152344e+00
9.683585166931152344e+00
9.683585166931152344e+00
9.683585166931152344e+00
9.683585166931152344e+00
9.683585166931152344e+00
1.008358478546142578e+01
1.008358478546142578e+01
1.008358478546142578e+01
9.683585166931152344e+00
9.683585166931152344e+00
9.683585166931152344e+00
9.683585166931152344e+00
1.008358478546142578e+01
1.008358478546142578e+01
9.683585166931152344e+00
9.683585166931152344e+00
9.683585166931152344e+00
1.008358478546142578e+01
1.008358478546142578e+01
9.683585166931152344e+00
9.683585166931152344e+00
9.683585166931152344e+00
9.683585166931152344e+00
1.008358478546142578e+01
1.008358478546142578e+01
1.008358478546142578e+01
9.683585166931152344e+00
9.683585166931152344e+00
9.683585166931152344e+00
9.683585166931152344e+00
9.683585166931152344e+00
1.008358478546142578e+01
1.008358478546142578e+01
1.008358478546142578e+01
9.683585166931152344e+00
9.683585166931152344e+00
9.683585166931152344e+00
9.683585166931152344e+00
9.683585166931152344e+00
1.008358478546142578e+01
1.008358478546142578e+01
1.008358478546142578e+01
9.683584213256835938e+00
9.683584213256835938e+00
9.683584213256835938e+00
9.683584213256835938e+00
9.683584213256835938e+00
1.008358383178710938e+01
1.008358383178710938e+01
1.008358383178710938e+01
9.683584213256835938e+00
9.683584213256835938e+00
9.683584213256835938e+00
9.683584213256835938e+00
9.683584213256835938e+00
1.008358383178710938e+01
1.008358383178710938e+01
1.008358383178710938e+01
9.683584213256835938e+00
9.683584213256835938e+00
9.683584213256835938e+00
9.683584213256835938e+00
9.683584213256835938e+00
1.008358383178710938e+01
1.008358383178710938e+01
1.008358383178710938e+01
9.683584213256835938e+00
9.683584213256835938e+00
9.683584213256835938e+00
9.683584213256835938e+00
9.683584213256835938e+00
1.008358383178710938e+01
1.008358383178710938e+01
1.008358383178710938e+01
9.683584213256835938e+00
9.683584213256835938e+00
9.683584213256835938e+00
9.683584213256835938e+00
9.683584213256835938e+00
1.008358383178710938e+01
1.008358383178710938e+01
1.008358383178710938e+01
9.683584213256835938e+00
9.683584213256835938e+00
9.683584213256835938e+00
9.683584213256835938e+00
9.683584213256835938e+00
1.008358383178710938e+01
1.008358383178710938e+01
1.008358383178710938e+01
9.683584213256835938e+00
9.683584213256835938e+00
9.683584213256835938e+00
9.683584213256835938e+00
