1.083580970764160156e+01
7.475611209869384766e+00
5.449100494384765625e+00
4.294819355010986328e+00
3.682146549224853516e+00
3.384311437606811523e+00
3.254450082778930664e+00
3.204836130142211914e+00
3.189227104187011719e+00
3.188423871994018555e+00
3.198877811431884766e+00
3.224394083023071289e+00
3.270461082458496094e+00
3.340857267379760742e+00
3.436009407043457031e+00
3.552696943283081055e+00
3.684609651565551758e+00
3.823424100875854492e+00
3.960001945495605469e+00
4.085600852966308594e+00
4.192795753479003906e+00
4.276125431060791016e+00
4.332442760467529297e+00
4.360918998718261719e+00
4.362790584564208984e+00
4.340974807739257812e+00
4.299566268920898438e+00
4.243299007415771484e+00
4.177077770233154297e+00
4.105563163757324219e+00
4.032879352569580078e+00
3.962448835372924805e+00
3.896889209747314453e+00
3.838058710098266602e+00
3.787131309509277344e+00
3.744696855545043945e+00
3.710906505584716797e+00
3.685600996017456055e+00
3.668397426605224609e+00
3.658785343170166016e+00
3.656161308288574219e+00
3.659876823425292969e+00
3.669211149215698242e+00
3.683400630950927734e+00
3.701616048812866211e+00
3.722966909408569336e+00
3.746526241302490234e+00
3.771313190460205078e+00
3.796355009078979492e+00
3.820712804794311523e+00
3.843513011932373047e+00
3.863996744155883789e+00
3.881539821624755859e+00
3.895684719085693359e+00
3.906164646148681641e+00
3.912877082824707031e+00
3.915899276733398438e+00
3.915472745895385742e+00
3.911943674087524414e+00
3.905781507492065430e+00
3.897499084472656250e+00
3.887648105621337891e+00
3.876782894134521484e+00
3.865433454513549805e+00
3.854091405868530273e+00
3.843182563781738281e+00
3.833072423934936523e+00
3.824044704437255859e+00
3.816319227218627930e+00
3.810040712356567383e+00
3.805284976959228516e+00
3.802069664001464844e+00
3.800349235534667969e+00
3.800038814544677734e+00
3.801012039184570312e+00
3.803108692169189453e+00
3.806142330169677734e+00
3.809915542602539062e+00
3.814212083816528320e+00
3.818832159042358398e+00
3.823565244674682617e+00
3.828227281570434570e+00
3.832643985748291016e+00
3.836669921875000000e+00
3.840191841125488281e+00
3.843114376068115234e+00
3.845389127731323242e+00
3.846988677978515625e+00
3.847912788391113281e+00
3.848193883895874023e+00
3.847884178161621094e+00
3.847050905227661133e+00
3.845781326293945312e+00
3.844166040420532227e+00
3.842303514480590820e+00
3.840293645858764648e+00
3.838224172592163086e+00
3.836184263229370117e+00
3.834248781204223633e+00
3.832479238510131836e+00
3.830932140350341797e+00
3.829642772674560547e+00
3.828635931015014648e+00
3.827918052673339844e+00
3.827495574951171875e+00
3.827353239059448242e+00
3.827466964721679688e+00
3.827805280685424805e+00
3.828335523605346680e+00
3.829021930694580078e+00
3.829815864562988281e+00
3.830682516098022461e+00
3.831572771072387695e+00
3.832459688186645508e+00
3.833302497863769531e+00
3.834077119827270508e+00
3.834750652313232422e+00
3.835314750671386719e+00
3.835749864578247070e+00
3.836060047149658203e+00
3.836243867874145508e+00
3.836302757263183594e+00
3.836247205734252930e+00
3.836093187332153320e+00
3.835853576660156250e+00
3.835549116134643555e+00
3.835195302963256836e+00
3.834813356399536133e+00
3.834419727325439453e+00
3.834034442901611328e+00
3.833666324615478516e+00
3.833334684371948242e+00
3.833046674728393555e+00
3.832808732986450195e+00
3.832624435424804688e+00
3.832494974136352539e+00
3.832427501678466797e+00
3.832414388656616211e+00
3.832448005676269531e+00
3.832522153854370117e+00
3.832631826400756836e+00
3.832771778106689453e+00
3.832928657531738281e+00
3.833101749420166016e+00
3.833272218704223633e+00
3.833439826965332031e+00
3.833603143692016602e+00
3.833743333816528320e+00
3.833863258361816406e+00
3.833965063095092773e+00
3.834040641784667969e+00
3.834085941314697266e+00
3.834108352661132812e+00
3.834108352661132812e+00
3.834087371826171875e+00
3.834053277969360352e+00
3.833996772766113281e+00
3.833931446075439453e+00
3.833859920501708984e+00
3.833787679672241211e+00
3.833710193634033203e+00
3.833639144897460938e+00
3.833570480346679688e+00
3.833508491516113281e+00
3.833456993103027344e+00
3.833420753479003906e+00
3.833390235900878906e+00
3.833371162414550781e+00
3.833367109298706055e+00
3.833368778228759766e+00
3.833381414413452148e+00
3.833404779434204102e+00
3.833431482315063477e+00
3.833462238311767578e+00
3.833496809005737305e+00
3.833533287048339844e+00
3.833565473556518555e+00
3.833600759506225586e+00
3.833630323410034180e+00
3.833654642105102539e+00
3.833673238754272461e+00
3.833687782287597656e+00
3.833695173263549805e+00
3.833696603775024414e+00
3.833696126937866211e+00
3.833693742752075195e+00
3.833685874938964844e+00
3.833673715591430664e+00
3.833660125732421875e+00
3.833646535873413086e+00
3.833631753921508789e+00
3.833618640899658203e+00
3.833603143692016602e+00
3.833589076995849609e+00
3.833577632904052734e+00
3.833566904067993164e+00
3.833553791046142578e+00
3.833551406860351562e+00
3.833549499511718750e+00
3.833548069000244141e+00
3.833548069000244141e+00
3.833548545837402344e+00
3.833549499511718750e+00
3.833550453186035156e+00
3.833553314208984375e+00
3.833554744720458984e+00
3.833557844161987305e+00
3.833562135696411133e+00
3.833564519882202148e+00
3.833572387695312500e+00
3.833575248718261719e+00
3.833579301834106445e+00
3.833584547042846680e+00
3.833585977554321289e+00
3.833588838577270508e+00
3.833591938018798828e+00
3.833595275878906250e+00
3.833596229553222656e+00
3.833596229553222656e+00
3.833597660064697266e+00
3.833598136901855469e+00
3.833598613739013672e+00
3.833598613739013672e+00
3.833598613739013672e+00
3.833598613739013672e+00
3.833598613739013672e+00
3.833598613739013672e+00
3.833598613739013672e+00
3.833598136901855469e+00
3.833597660064697266e+00
3.833596229553222656e+00
3.833596706390380859e+00
3.833596706390380859e+00
3.833596229553222656e+00
3.833595275878906250e+00
3.833594322204589844e+00
3.833593845367431641e+00
3.833592414855957031e+00
3.833591461181640625e+00
3.833590984344482422e+00
3.833590507507324219e+00
3.833589553833007812e+00
3.833589076995849609e+00
3.833589076995849609e+00
3.833588838577270508e+00
3.833588361740112305e+00
3.833587884902954102e+00
3.833587884902954102e+00
3.833587408065795898e+00
3.833587408065795898e+00
3.833586931228637695e+00
3.833586931228637695e+00
3.833586931228637695e+00
3.833586931228637695e+00
3.833586931228637695e+00
3.833586454391479492e+00
3.833586454391479492e+00
3.833586454391479492e+00
3.833585977554321289e+00
3.833585977554321289e+00
3.833585977554321289e+00
3.833585977554321289e+00
3.833585977554321289e+00
3.833586454391479492e+00
3.833586454391479492e+00
3.833586454391479492e+00
3.833586454391479492e+00
3.833586454391479492e+00
3.833586454391479492e+00
3.833586454391479492e+00
3.833586454391479492e+00
3.833586454391479492e+00
3.833586454391479492e+00
3.833586454391479492e+00
3.833586454391479492e+00
3.833586454391479492e+00
3.833586454391479492e+00
3.833586454391479492e+00
3.833586454391479492e+00
3.833586454391479492e+00
3.833586454391479492e+00
3.833586454391479492e+00
3.833586454391479492e+00
3.833586454391479492e+00
3.833586454391479492e+00
3.833586454391479492e+00
3.833586454391479492e+00
3.833586454391479492e+00
3.833586454391479492e+00
3.833586454391479492e+00
3.833586454391479492e+00
3.833586454391479492e+00
3.833586454391479492e+00
3.833586454391479492e+00
3.833586454391479492e+00
3.833586454391479492e+00
3.833586454391479492e+00
3.833586454391479492e+00
3.833586454391479492e+00
3.833586454391479492e+00
3.833586454391479492e+00
3.833586454391479492e+00
3.833586454391479492e+00
3.833586454391479492e+00
3.833586454391479492e+00
3.833586454391479492e+00
3.833586454391479492e+00
3.833586454391479492e+00
3.833586454391479492e+00
3.833586454391479492e+00
3.833586454391479492e+00
3.833586454391479492e+00
3.833586454391479492e+00
3.833586454391479492e+00
3.833586454391479492e+00
3.833586454391479492e+00
3.833586454391479492e+00
3.833586454391479492e+00
3.833586454391479492e+00
3.833586454391479492e+00
3.833586454391479492e+00
3.833586454391479492e+00
3.833586454391479492e+00
3.833586454391479492e+00
3.833586454391479492e+00
3.833586454391479492e+00
3.833586454391479492e+00
3.833586454391479492e+00
3.833586454391479492e+00
3.833586454391479492e+00
3.833586454391479492e+00
3.833586454391479492e+00
3.833586454391479492e+00
3.833586454391479492e+00
3.833586454391479492e+00
3.833586454391479492e+00
3.833586454391479492e+00
3.833586454391479492e+00
3.833586454391479492e+00
3.833586454391479492e+00
3.833586454391479492e+00
3.833586454391479492e+00
3.833586454391479492e+00
3.833586454391479492e+00
3.833586454391479492e+00
3.833586454391479492e+00
3.833586454391479492e+00
3.833586454391479492e+00
3.833586454391479492e+00
3.833586454391479492e+00
3.833586454391479492e+00
3.833586454391479492e+00
3.833586454391479492e+00
3.833586454391479492e+00
3.833586931228637695e+00
3.833586931228637695e+00
3.833586931228637695e+00
3.833586931228637695e+00
3.833586931228637695e+00
3.833586931228637695e+00
3.833586931228637695e+00
3.833586931228637695e+00
3.833586931228637695e+00
3.833586931228637695e+00
3.833586931228637695e+00
3.833586931228637695e+00
3.833586931228637695e+00
3.833586931228637695e+00
3.833586931228637695e+00
3.833586931228637695e+00
3.833586931228637695e+00
3.833586931228637695e+00
3.833586931228637695e+00
3.833586931228637695e+00
3.833586931228637695e+00
3.833586931228637695e+00
3.833586931228637695e+00
3.833586931228637695e+00
3.833586931228637695e+00
3.833586931228637695e+00
3.833586931228637695e+00
3.833586931228637695e+00
3.833586931228637695e+00
3.833586931228637695e+00
3.833586931228637695e+00
3.833586931228637695e+00
3.833586931228637695e+00
3.833586931228637695e+00
3.833586931228637695e+00
3.833586931228637695e+00
3.833586931228637695e+00
3.833586931228637695e+00
3.833586931228637695e+00
3.833586931228637695e+00
3.833586931228637695e+00
3.833586931228637695e+00
3.833586931228637695e+00
3.833586931228637695e+00
3.833586931228637695e+00
3.833586931228637695e+00
3.833586931228637695e+00
3.833586931228637695e+00
3.833586931228637695e+00
3.833586931228637695e+00
3.833586931228637695e+00
3.833586931228637695e+00
3.833586931228637695e+00
3.833586931228637695e+00
3.833586931228637695e+00
3.833586931228637695e+00
3.833586931228637695e+00
3.833586931228637695e+00
3.833586931228637695e+00
3.833586931228637695e+00
3.833586931228637695e+00
3.833586931228637695e+00
3.833586931228637695e+00
3.833586931228637695e+00
3.833586931228637695e+00
3.833586931228637695e+00
3.833586931228637695e+00
3.833586931228637695e+00
3.833586931228637695e+00
3.833586931228637695e+00
3.833586931228637695e+00
3.833586931228637695e+00
3.833586931228637695e+00
3.833586931228637695e+00
3.833586931228637695e+00
3.833586931228637695e+00
3.833586931228637695e+00
3.833586931228637695e+00
3.833586931228637695e+00
3.833586931228637695e+00
3.833586931228637695e+00
3.833586931228637695e+00
3.833586931228637695e+00
3.833586931228637695e+00
3.833586931228637695e+00
3.833586931228637695e+00
3.833586931228637695e+00
3.833586931228637695e+00
3.833586931228637695e+00
3.833586931228637695e+00
3.833586931228637695e+00
3.833586931228637695e+00
3.833586931228637695e+00
3.833586931228637695e+00
3.833586931228637695e+00
3.833586931228637695e+00
3.833586931228637695e+00
3.833586931228637695e+00
3.833586931228637695e+00
3.833586931228637695e+00
3.833586931228637695e+00
3.833586931228637695e+00
3.833586931228637695e+00
3.833586931228637695e+00
3.833586931228637695e+00
3.833586931228637695e+00
3.833586931228637695e+00
3.833586931228637695e+00
3.833586931228637695e+00
3.833586931228637695e+00
3.833586931228637695e+00
3.833586931228637695e+00
3.833586931228637695e+00
3.833586931228637695e+00
3.833586931228637695e+00
3.833586931228637695e+00
3.833586931228637695e+00
3.833586931228637695e+00
3.833586931228637695e+00
3.833586931228637695e+00
3.833586931228637695e+00
3.833586931228637695e+00
3.833586931228637695e+00
3.833586931228637695e+00
3.833586931228637695e+00
3.833586931228637695e+00
3.833586931228637695e+00
3.833586931228637695e+00
3.833586931228637695e+00
3.833586931228637695e+00
3.833586931228637695e+00
3.833586931228637695e+00
3.833586931228637695e+00
3.833586931228637695e+00
3.833586931228637695e+00
3.833586931228637695e+00
3.833586931228637695e+00
3.833586931228637695e+00
3.833586931228637695e+00
3.833586931228637695e+00
3.833586931228637695e+00
3.833586931228637695e+00
3.833586931228637695e+00
3.833586931228637695e+00
3.833586931228637695e+00
3.833586931228637695e+00
3.833586931228637695e+00
3.833586931228637695e+00
3.833586931228637695e+00
3.833586931228637695e+00
3.833586931228637695e+00
3.833586931228637695e+00
3.833586931228637695e+00
3.833586931228637695e+00
3.833586931228637695e+00
3.833586931228637695e+00
3.833586931228637695e+00
3.833586931228637695e+00
3.833586931228637695e+00
3.833586931228637695e+00
3.833586931228637695e+00
3.833586931228637695e+00
3.833586931228637695e+00
3.833586931228637695e+00
3.833586931228637695e+00
3.833586931228637695e+00
3.833586931228637695e+00
3.833586931228637695e+00
3.833586931228637695e+00
3.833586931228637695e+00
3.833586931228637695e+00
3.833586931228637695e+00
3.833586931228637695e+00
3.833586931228637695e+00
3.833586931228637695e+00
3.833586931228637695e+00
3.833586931228637695e+00
3.833586931228637695e+00
3.833586931228637695e+00
3.833586931228637695e+00
3.833586931228637695e+00
3.833586931228637695e+00
3.833586931228637695e+00
3.833586931228637695e+00
3.833586931228637695e+00
3.833586931228637695e+00
3.833586931228637695e+00
3.833586931228637695e+00
3.833586931228637695e+00
3.833586931228637695e+00
3.833586931228637695e+00
3.833586931228637695e+00
3.833586931228637695e+00
3.833586931228637695e+00
3.833586931228637695e+00
3.833586931228637695e+00
3.833586931228637695e+00
3.833586931228637695e+00
3.833586931228637695e+00
3.833586931228637695e+00
3.833586931228637695e+00
3.833586931228637695e+00
3.833586931228637695e+00
3.833586931228637695e+00
3.833586931228637695e+00
3.833586931228637695e+00
3.833586931228637695e+00
3.833586931228637695e+00
3.833586931228637695e+00
3.833586931228637695e+00
3.833586931228637695e+00
3.833586931228637695e+00
3.833586931228637695e+00
3.833586931228637695e+00
3.833586931228637695e+00
3.833586931228637695e+00
3.833586931228637695e+00
3.833586931228637695e+00
3.833586931228637695e+00
3.833586931228637695e+00
3.833586931228637695e+00
3.833586931228637695e+00
3.833586931228637695e+00
3.833586931228637695e+00
3.833586931228637695e+00
3.833586931228637695e+00
3.833586931228637695e+00
3.833586931228637695e+00
3.833586931228637695e+00
3.833586931228637695e+00
3.833586931228637695e+00
3.833586931228637695e+00
3.833586931228637695e+00
3.833586931228637695e+00
3.833586931228637695e+00
3.833586931228637695e+00
3.833586931228637695e+00
3.833586931228637695e+00
3.833586931228637695e+00
3.833586931228637695e+00
3.833586931228637695e+00
3.833586931228637695e+00
3.833586931228637695e+00
3.833586931228637695e+00
3.833586931228637695e+00
3.833586931228637695e+00
3.833586931228637695e+00
3.833586931228637695e+00
3.833586931228637695e+00
3.833586931228637695e+00
3.833586931228637695e+00
3.833586931228637695e+00
3.833586931228637695e+00
3.833586931228637695e+00
3.833586931228637695e+00
3.833586931228637695e+00
3.833586931228637695e+00
3.833586931228637695e+00
3.833586931228637695e+00
3.833586931228637695e+00
3.833586931228637695e+00
3.833586931228637695e+00
3.833586931228637695e+00
3.833586931228637695e+00
3.833586931228637695e+00
3.833586931228637695e+00
3.833586931228637695e+00
3.833586931228637695e+00
3.833586931228637695e+00
3.833586931228637695e+00
3.833586931228637695e+00
3.833586931228637695e+00
3.833586931228637695e+00
3.833586931228637695e+00
3.833586931228637695e+00
3.833586931228637695e+00
3.833586931228637695e+00
3.833586931228637695e+00
3.833586931228637695e+00
3.833586931228637695e+00
3.833586931228637695e+00
3.833586931228637695e+00
3.833586931228637695e+00
3.833586931228637695e+00
3.833586931228637695e+00
3.833586931228637695e+00
3.833586931228637695e+00
3.833586931228637695e+00
3.833586931228637695e+00
3.833586931228637695e+00
3.833586931228637695e+00
3.833586931228637695e+00
3.833586931228637695e+00
3.833586931228637695e+00
3.833586931228637695e+00
3.833586931228637695e+00
3.833586931228637695e+00
3.833586931228637695e+00
3.833586931228637695e+00
3.833586931228637695e+00
3.833586931228637695e+00
3.833586931228637695e+00
3.833586931228637695e+00
3.833586931228637695e+00
3.833586931228637695e+00
3.833586931228637695e+00
3.833586931228637695e+00
3.833586931228637695e+00
3.833586931228637695e+00
3.833586931228637695e+00
3.833586931228637695e+00
3.833586931228637695e+00
3.833586931228637695e+00
3.833586931228637695e+00
3.833586931228637695e+00
3.833586931228637695e+00
3.833586931228637695e+00
3.833586931228637695e+00
3.833586931228637695e+00
3.833586931228637695e+00
3.833586931228637695e+00
3.833586931228637695e+00
3.833586931228637695e+00
3.833586931228637695e+00
3.833586931228637695e+00
3.833586931228637695e+00
3.833586931228637695e+00
3.833586931228637695e+00
3.833586931228637695e+00
3.833586931228637695e+00
3.833586931228637695e+00
3.833586931228637695e+00
3.833586931228637695e+00
3.833586931228637695e+00
3.833586931228637695e+00
3.833586931228637695e+00
3.833586931228637695e+00
3.833586931228637695e+00
3.833586931228637695e+00
3.833586931228637695e+00
3.833586931228637695e+00
3.833586931228637695e+00
3.833586931228637695e+00
3.833586931228637695e+00
3.833586931228637695e+00
3.833586931228637695e+00
3.833586931228637695e+00
3.833586931228637695e+00
3.833586931228637695e+00
3.833586931228637695e+00
3.833586931228637695e+00
3.833586931228637695e+00
3.833586931228637695e+00
3.833586931228637695e+00
3.833586931228637695e+00
3.833586931228637695e+00
3.833586931228637695e+00
3.833586931228637695e+00
3.833586931228637695e+00
3.833586931228637695e+00
3.833586931228637695e+00
3.833586931228637695e+00
3.833586931228637695e+00
3.833586931228637695e+00
3.833586931228637695e+00
3.833586931228637695e+00
3.833586931228637695e+00
3.833586931228637695e+00
3.833586931228637695e+00
3.833586931228637695e+00
3.833586931228637695e+00
3.833586931228637695e+00
3.833586931228637695e+00
3.833586931228637695e+00
3.833586931228637695e+00
3.833586931228637695e+00
3.833586931228637695e+00
3.833586931228637695e+00
3.833586931228637695e+00
3.833586931228637695e+00
3.833586931228637695e+00
3.833586931228637695e+00
3.833586931228637695e+00
3.833586931228637695e+00
3.833586931228637695e+00
3.833586931228637695e+00
3.833586931228637695e+00
3.833586931228637695e+00
3.833586931228637695e+00
3.833586931228637695e+00
3.833586931228637695e+00
3.833586931228637695e+00
3.833586931228637695e+00
3.833586931228637695e+00
3.833586931228637695e+00
3.833586931228637695e+00
3.833586931228637695e+00
3.833586931228637695e+00
3.833586931228637695e+00
3.833586931228637695e+00
3.833586931228637695e+00
3.833586931228637695e+00
3.833586931228637695e+00
3.833586931228637695e+00
3.833586931228637695e+00
3.833586931228637695e+00
3.833586931228637695e+00
3.833586931228637695e+00
3.833586931228637695e+00
3.833586931228637695e+00
3.833586931228637695e+00
3.833586931228637695e+00
3.833586931228637695e+00
3.833586931228637695e+00
3.833586931228637695e+00
3.833586931228637695e+00
3.833586931228637695e+00
3.833586931228637695e+00
3.833586931228637695e+00
3.833586931228637695e+00
3.833586931228637695e+00
3.833586931228637695e+00
3.833586931228637695e+00
3.833586931228637695e+00
3.833586931228637695e+00
3.833586931228637695e+00
3.833586931228637695e+00
3.833586931228637695e+00
3.833586931228637695e+00
3.833586931228637695e+00
3.833586931228637695e+00
3.833586931228637695e+00
3.833586931228637695e+00
3.833586931228637695e+00
3.833586931228637695e+00
3.833586931228637695e+00
3.833586931228637695e+00
3.833586931228637695e+00
3.833586931228637695e+00
3.833586931228637695e+00
3.833586931228637695e+00
3.833586931228637695e+00
3.833586931228637695e+00
3.833586931228637695e+00
3.833586931228637695e+00
3.833586931228637695e+00
3.833586931228637695e+00
3.833586931228637695e+00
3.833586931228637695e+00
3.833586931228637695e+00
3.833586931228637695e+00
3.833586931228637695e+00
3.833586931228637695e+00
3.833586931228637695e+00
3.833586931228637695e+00
3.833586931228637695e+00
3.833586931228637695e+00
3.833586931228637695e+00
3.833586931228637695e+00
3.833586931228637695e+00
3.833586931228637695e+00
3.833586931228637695e+00
3.833586931228637695e+00
3.833586931228637695e+00
3.833586931228637695e+00
3.833586931228637695e+00
3.833586931228637695e+00
3.833586931228637695e+00
3.833586931228637695e+00
3.833586931228637695e+00
3.833586931228637695e+00
3.833586931228637695e+00
3.833586931228637695e+00
3.833586931228637695e+00
3.833586931228637695e+00
3.833586931228637695e+00
3.833586931228637695e+00
3.833586931228637695e+00
3.833586931228637695e+00
3.833586931228637695e+00
3.833586931228637695e+00
3.833586931228637695e+00
3.833586931228637695e+00
3.833586931228637695e+00
3.833586931228637695e+00
3.833586931228637695e+00
3.833586931228637695e+00
3.833586931228637695e+00
3.833586931228637695e+00
3.833586931228637695e+00
3.833586931228637695e+00
3.833586931228637695e+00
3.833586931228637695e+00
3.833586931228637695e+00
3.833586931228637695e+00
3.833586931228637695e+00
3.833586931228637695e+00
3.833586931228637695e+00
3.833586931228637695e+00
3.833586931228637695e+00
3.833586931228637695e+00
3.833586931228637695e+00
3.833586931228637695e+00
3.833586931228637695e+00
3.833586931228637695e+00
3.833586931228637695e+00
3.833586931228637695e+00
3.833586931228637695e+00
3.833586931228637695e+00
3.833586931228637695e+00
3.833586931228637695e+00
3.833586931228637695e+00
3.833586931228637695e+00
3.833586931228637695e+00
3.833586931228637695e+00
3.833586931228637695e+00
3.833586931228637695e+00
3.833586931228637695e+00
3.833586931228637695e+00
3.833586931228637695e+00
3.833586931228637695e+00
3.833586931228637695e+00
3.833586931228637695e+00
3.833586931228637695e+00
3.833586931228637695e+00
3.833586931228637695e+00
3.833586931228637695e+00
3.833586931228637695e+00
3.833586931228637695e+00
3.833586931228637695e+00
3.833586931228637695e+00
3.833586931228637695e+00
3.833586931228637695e+00
3.833586931228637695e+00
3.833586931228637695e+00
3.833586931228637695e+00
3.833586931228637695e+00
3.833586931228637695e+00
3.833586931228637695e+00
3.833586931228637695e+00
3.833586931228637695e+00
3.833586931228637695e+00
3.833586931228637695e+00
3.833586931228637695e+00
3.833586931228637695e+00
3.833586931228637695e+00
3.833586931228637695e+00
3.833586931228637695e+00
3.833586931228637695e+00
3.833586931228637695e+00
3.833586931228637695e+00
3.833586931228637695e+00
3.833586931228637695e+00
3.833586931228637695e+00
3.833586931228637695e+00
3.833586931228637695e+00
3.833586931228637695e+00
3.833586931228637695e+00
3.833586931228637695e+00
3.833586931228637695e+00
3.833586931228637695e+00
3.833586931228637695e+00
3.833586931228637695e+00
3.833586931228637695e+00
3.833586931228637695e+00
3.833586931228637695e+00
3.833586931228637695e+00
3.833586931228637695e+00
3.833586931228637695e+00
3.833586931228637695e+00
3.833586931228637695e+00
3.833586931228637695e+00
3.833586931228637695e+00
3.833586931228637695e+00
3.833586931228637695e+00
3.833586931228637695e+00
3.833586931228637695e+00
3.833586931228637695e+00
3.833586931228637695e+00
3.833586931228637695e+00
3.833586931228637695e+00
3.833586931228637695e+00
3.833586931228637695e+00
3.833586931228637695e+00
3.833586931228637695e+00
3.833586931228637695e+00
3.833586931228637695e+00
3.833586931228637695e+00
3.833586931228637695e+00
3.833586931228637695e+00
3.833586931228637695e+00
3.833586931228637695e+00
3.833586931228637695e+00
3.833586931228637695e+00
3.833586931228637695e+00
3.833586931228637695e+00
3.833586931228637695e+00
3.833586931228637695e+00
3.833586931228637695e+00
3.833586931228637695e+00
3.833586931228637695e+00
3.833586931228637695e+00
3.833586931228637695e+00
3.833586931228637695e+00
3.833586931228637695e+00
3.833586931228637695e+00
3.833586931228637695e+00
3.833586931228637695e+00
3.833586931228637695e+00
3.833586931228637695e+00
3.833586931228637695e+00
3.833586931228637695e+00
3.833586931228637695e+00
3.833586931228637695e+00
3.833586931228637695e+00
3.833586931228637695e+00
3.833586931228637695e+00
3.833586931228637695e+00
3.833586931228637695e+00
3.833586931228637695e+00
3.833586931228637695e+00
3.833586931228637695e+00
3.833586931228637695e+00
3.833586931228637695e+00
3.833586931228637695e+00
3.833586931228637695e+00
3.833586931228637695e+00
3.833586931228637695e+00
3.833586931228637695e+00
3.833586931228637695e+00
3.833586931228637695e+00
3.833586931228637695e+00
3.833586931228637695e+00
3.833586931228637695e+00
3.833586931228637695e+00
3.833586931228637695e+00
3.833586931228637695e+00
3.833586931228637695e+00
3.833586931228637695e+00
3.833586931228637695e+00
3.833586931228637695e+00
3.833586931228637695e+00
3.833586931228637695e+00
3.833586931228637695e+00
3.833586931228637695e+00
3.833586931228637695e+00
3.833586931228637695e+00
3.833586931228637695e+00
3.833586931228637695e+00
3.833586931228637695e+00
3.833586931228637695e+00
3.833586931228637695e+00
3.833586931228637695e+00
3.833586931228637695e+00
3.833586931228637695e+00
3.833586931228637695e+00
3.833586931228637695e+00
3.833586931228637695e+00
3.833586931228637695e+00
3.833586931228637695e+00
3.833586931228637695e+00
3.833586931228637695e+00
3.833586931228637695e+00
3.833586931228637695e+00
3.833586931228637695e+00
3.833586931228637695e+00
3.833586931228637695e+00
3.833586931228637695e+00
3.833586931228637695e+00
3.833586931228637695e+00
3.833586931228637695e+00
3.833586931228637695e+00
3.833586931228637695e+00
3.833586931228637695e+00
3.833586931228637695e+00
3.833586931228637695e+00
3.833586931228637695e+00
3.833586931228637695e+00
3.833586931228637695e+00
3.833586931228637695e+00
3.833586931228637695e+00
3.833586931228637695e+00
3.833586931228637695e+00
3.833586931228637695e+00
3.833586931228637695e+00
3.833586931228637695e+00
3.833586931228637695e+00
3.833586931228637695e+00
3.833586931228637695e+00
3.833586931228637695e+00
3.833586931228637695e+00
3.833586931228637695e+00
3.833586931228637695e+00
3.833586931228637695e+00
3.833586931228637695e+00
3.833586931228637695e+00
3.833586931228637695e+00
3.833586931228637695e+00
3.833586931228637695e+00
3.833586931228637695e+00
3.833586931228637695e+00
3.833586931228637695e+00
3.833586931228637695e+00
3.833586931228637695e+00
3.833586931228637695e+00
3.833586931228637695e+00
3.833586931228637695e+00
3.833586931228637695e+00
3.833586931228637695e+00
3.833586931228637695e+00
3.833586931228637695e+00
3.833586931228637695e+00
3.833586931228637695e+00
3.833586931228637695e+00
3.833586931228637695e+00
3.833586931228637695e+00
3.833586931228637695e+00
3.833586931228637695e+00
3.833586931228637695e+00
3.833586931228637695e+00
3.833586931228637695e+00
3.833586931228637695e+00
3.833586931228637695e+00
3.833586931228637695e+00
3.833586931228637695e+00
3.833586931228637695e+00
3.833586931228637695e+00
3.833586931228637695e+00
3.833586931228637695e+00
3.833586931228637695e+00
3.833586931228637695e+00
3.833586931228637695e+00
3.833586931228637695e+00
3.833586931228637695e+00
3.833586931228637695e+00
3.833586931228637695e+00
3.833586931228637695e+00
3.833586931228637695e+00
3.833586931228637695e+00
3.833586931228637695e+00
3.833586931228637695e+00
3.833586931228637695e+00
3.833586931228637695e+00
3.833586931228637695e+00
3.833586931228637695e+00
3.833586931228637695e+00
3.833586931228637695e+00
3.833586931228637695e+00
3.833586931228637695e+00
3.833586931228637695e+00
3.833586931228637695e+00
3.833586931228637695e+00
3.833586931228637695e+00
3.833586931228637695e+00
3.833586931228637695e+00
3.833586931228637695e+00
3.833586931228637695e+00
3.833586931228637695e+00
3.833586931228637695e+00
3.833586931228637695e+00
3.833586931228637695e+00
3.833586931228637695e+00
3.833586931228637695e+00
3.833586931228637695e+00
3.833586931228637695e+00
3.833586931228637695e+00
3.833586931228637695e+00
3.833586931228637695e+00
3.833586931228637695e+00
3.833586931228637695e+00
3.833586931228637695e+00
3.833586931228637695e+00
3.833586931228637695e+00
3.833586931228637695e+00
3.833586931228637695e+00
3.833586931228637695e+00
3.833586931228637695e+00
3.833586931228637695e+00
3.833586931228637695e+00
3.833586931228637695e+00
3.833586931228637695e+00
3.833586931228637695e+00
3.833586931228637695e+00
3.833586931228637695e+00
3.833586931228637695e+00
3.833586931228637695e+00
3.833586931228637695e+00
3.833586931228637695e+00
3.833586931228637695e+00
3.833586931228637695e+00
3.833586931228637695e+00
3.833586931228637695e+00
3.833586931228637695e+00
3.833586931228637695e+00
3.833586931228637695e+00
3.833586931228637695e+00
3.833586931228637695e+00
3.833586931228637695e+00
3.833586931228637695e+00
3.833586931228637695e+00
3.833586931228637695e+00
3.833586931228637695e+00
3.833586931228637695e+00
3.833586931228637695e+00
3.833586931228637695e+00
3.833586931228637695e+00
3.833586931228637695e+00
3.833586931228637695e+00
3.833586931228637695e+00
3.833586931228637695e+00
3.833586931228637695e+00
3.833586931228637695e+00
3.833586931228637695e+00
3.833586931228637695e+00
3.833586931228637695e+00
3.833586931228637695e+00
3.833586931228637695e+00
3.833586931228637695e+00
3.833586931228637695e+00
3.833586931228637695e+00
3.833586931228637695e+00
3.833586931228637695e+00
3.833586931228637695e+00
3.833586931228637695e+00
3.833586931228637695e+00
3.833586931228637695e+00
3.833586931228637695e+00
3.833586931228637695e+00
3.833586931228637695e+00
3.833586931228637695e+00
3.833586931228637695e+00
3.833586931228637695e+00
3.833586931228637695e+00
3.833586931228637695e+00
3.833586931228637695e+00
3.833586931228637695e+00
3.833586931228637695e+00
3.833586931228637695e+00
3.833586931228637695e+00
3.833586931228637695e+00
3.833586931228637695e+00
3.833586931228637695e+00
3.833586931228637695e+00
3.833586931228637695e+00
3.833586931228637695e+00
3.833586931228637695e+00
3.833586931228637695e+00
3.833586931228637695e+00
3.833586931228637695e+00
3.833586931228637695e+00
3.833586931228637695e+00
3.833586931228637695e+00
3.833586931228637695e+00
3.833586931228637695e+00
3.833586931228637695e+00
3.833586931228637695e+00
3.833586931228637695e+00
3.833586931228637695e+00
3.833586931228637695e+00
3.833586931228637695e+00
3.833586931228637695e+00
3.833586931228637695e+00
3.833586931228637695e+00
3.833586931228637695e+00
3.833586931228637695e+00
3.833586931228637695e+00
3.833586931228637695e+00
3.833586931228637695e+00
3.833586931228637695e+00
3.833586931228637695e+00
3.833586931228637695e+00
3.833586931228637695e+00
3.833586931228637695e+00
3.833586931228637695e+00
3.833586931228637695e+00
3.833586931228637695e+00
3.833586931228637695e+00
3.833586931228637695e+00
3.833586931228637695e+00
3.833586931228637695e+00
3.833586931228637695e+00
3.833586931228637695e+00
3.833586931228637695e+00
3.833586931228637695e+00
3.833586931228637695e+00
3.833586931228637695e+00
3.833586931228637695e+00
3.833586931228637695e+00
3.833586931228637695e+00
3.833586931228637695e+00
3.833586931228637695e+00
3.833586931228637695e+00
3.833586931228637695e+00
3.833586931228637695e+00
3.833586931228637695e+00
3.833586931228637695e+00
3.833586931228637695e+00
3.833586931228637695e+00
3.833586931228637695e+00
3.833586931228637695e+00
3.833586931228637695e+00
3.833586931228637695e+00
3.833586931228637695e+00
3.833586931228637695e+00
3.833586931228637695e+00
3.833586931228637695e+00
3.833586931228637695e+00
3.833586931228637695e+00
3.833586931228637695e+00
3.833586931228637695e+00
3.833586931228637695e+00
3.833586931228637695e+00
3.833586931228637695e+00
3.833586931228637695e+00
3.833586931228637695e+00
3.833586931228637695e+00
3.833586931228637695e+00
3.833586931228637695e+00
3.833586931228637695e+00
3.833586931228637695e+00
3.833586931228637695e+00
3.833586931228637695e+00
3.833586931228637695e+00
3.833586931228637695e+00
3.833586931228637695e+00
3.833586931228637695e+00
3.833586931228637695e+00
3.833586931228637695e+00
3.833586931228637695e+00
3.833586931228637695e+00
3.833586931228637695e+00
3.833586931228637695e+00
3.833586931228637695e+00
3.833586931228637695e+00
3.833586931228637695e+00
3.833586931228637695e+00
3.833586931228637695e+00
3.833586931228637695e+00
3.833586931228637695e+00
3.833586931228637695e+00
3.833586931228637695e+00
3.833586931228637695e+00
3.833586931228637695e+00
3.833586931228637695e+00
3.833586931228637695e+00
3.833586931228637695e+00
3.833586931228637695e+00
3.833586931228637695e+00
3.833586931228637695e+00
3.833586931228637695e+00
3.833586931228637695e+00
3.833586931228637695e+00
3.833586931228637695e+00
3.833586931228637695e+00
3.833586931228637695e+00
3.833586931228637695e+00
3.833586931228637695e+00
3.833586931228637695e+00
3.833586931228637695e+00
3.833586931228637695e+00
3.833586931228637695e+00
3.833586931228637695e+00
3.833586931228637695e+00
3.833586931228637695e+00
3.833586931228637695e+00
3.833586931228637695e+00
3.833586931228637695e+00
3.833586931228637695e+00
3.833586931228637695e+00
3.833586931228637695e+00
3.833586931228637695e+00
3.833586931228637695e+00
3.833586931228637695e+00
3.833586931228637695e+00
3.833586931228637695e+00
3.833586931228637695e+00
3.833586931228637695e+00
3.833586931228637695e+00
3.833586931228637695e+00
3.833586931228637695e+00
3.833586931228637695e+00
3.833586931228637695e+00
3.833586931228637695e+00
3.833586931228637695e+00
3.833586931228637695e+00
3.833586931228637695e+00
3.833586931228637695e+00
3.833586931228637695e+00
3.833586931228637695e+00
3.833586931228637695e+00
3.833586931228637695e+00
3.833586931228637695e+00
3.833586931228637695e+00
3.833586931228637695e+00
3.833586931228637695e+00
3.833586931228637695e+00
3.833586931228637695e+00
3.833586931228637695e+00
3.833586931228637695e+00
3.833586931228637695e+00
3.833586931228637695e+00
3.833586931228637695e+00
3.833586931228637695e+00
3.833586931228637695e+00
3.833586931228637695e+00
3.833586931228637695e+00
3.833586931228637695e+00
3.833586931228637695e+00
3.833586931228637695e+00
3.833586931228637695e+00
3.833586931228637695e+00
3.833586931228637695e+00
3.833586931228637695e+00
3.833586931228637695e+00
3.833586931228637695e+00
3.833586931228637695e+00
3.833586931228637695e+00
3.833586931228637695e+00
3.833586931228637695e+00
3.833586931228637695e+00
3.833586931228637695e+00
3.833586931228637695e+00
3.833586931228637695e+00
3.833586931228637695e+00
3.833586931228637695e+00
3.833586931228637695e+00
3.833586931228637695e+00
3.833586931228637695e+00
3.833586931228637695e+00
3.833586931228637695e+00
3.833586931228637695e+00
3.833586931228637695e+00
3.833586931228637695e+00
3.833586931228637695e+00
3.833586931228637695e+00
3.833586931228637695e+00
3.833586931228637695e+00
3.833586931228637695e+00
3.833586931228637695e+00
3.833586931228637695e+00
3.833586931228637695e+00
3.833586931228637695e+00
3.833586931228637695e+00
3.833586931228637695e+00
3.833586931228637695e+00
3.833586931228637695e+00
3.833586931228637695e+00
3.833586931228637695e+00
3.833586931228637695e+00
3.833586931228637695e+00
3.833586931228637695e+00
3.833586931228637695e+00
3.833586931228637695e+00
3.833586931228637695e+00
3.833586931228637695e+00
3.833586931228637695e+00
3.833586931228637695e+00
3.833586931228637695e+00
3.833586931228637695e+00
3.833586931228637695e+00
3.833586931228637695e+00
3.833586931228637695e+00
3.833586931228637695e+00
3.833586931228637695e+00
3.833586931228637695e+00
3.833586931228637695e+00
3.833586931228637695e+00
3.833586931228637695e+00
3.833586931228637695e+00
3.833586931228637695e+00
3.833586931228637695e+00
3.833586931228637695e+00
3.833586931228637695e+00
3.833586931228637695e+00
3.833586931228637695e+00
3.833586931228637695e+00
3.833586931228637695e+00
3.833586931228637695e+00
3.833586931228637695e+00
3.833586931228637695e+00
3.833586931228637695e+00
3.833586931228637695e+00
3.833586931228637695e+00
3.833586931228637695e+00
3.833586931228637695e+00
3.833586931228637695e+00
3.833586931228637695e+00
3.833586931228637695e+00
3.833586931228637695e+00
3.833586931228637695e+00
3.833586931228637695e+00
3.833586931228637695e+00
3.833586931228637695e+00
3.833586931228637695e+00
3.833586931228637695e+00
3.833586931228637695e+00
3.833586931228637695e+00
3.833586931228637695e+00
3.833586931228637695e+00
3.833586931228637695e+00
3.833586931228637695e+00
3.833586931228637695e+00
3.833586931228637695e+00
3.833586931228637695e+00
3.833586931228637695e+00
3.833586931228637695e+00
3.833586931228637695e+00
3.833586931228637695e+00
3.833586931228637695e+00
3.833586931228637695e+00
3.833586931228637695e+00
3.833586931228637695e+00
3.833586931228637695e+00
3.833586931228637695e+00
3.833586931228637695e+00
3.833586931228637695e+00
3.833586931228637695e+00
3.833586931228637695e+00
3.833586931228637695e+00
3.833586931228637695e+00
3.833586931228637695e+00
3.833586931228637695e+00
3.833586931228637695e+00
3.833586931228637695e+00
3.833586931228637695e+00
3.833586931228637695e+00
3.833586931228637695e+00
3.833586931228637695e+00
3.833586931228637695e+00
3.833586931228637695e+00
3.833586931228637695e+00
3.833586931228637695e+00
3.833586931228637695e+00
3.833586931228637695e+00
3.833586931228637695e+00
3.833586931228637695e+00
3.833586931228637695e+00
3.833586931228637695e+00
3.833586931228637695e+00
3.833586931228637695e+00
3.833586931228637695e+00
3.833586931228637695e+00
3.833586931228637695e+00
3.833586931228637695e+00
3.833586931228637695e+00
3.833586931228637695e+00
3.833586931228637695e+00
3.833586931228637695e+00
3.833586931228637695e+00
3.833586931228637695e+00
3.833586931228637695e+00
3.833586931228637695e+00
3.833586931228637695e+00
3.833586931228637695e+00
3.833586931228637695e+00
3.833586931228637695e+00
3.833586931228637695e+00
3.833586931228637695e+00
3.833586931228637695e+00
3.833586931228637695e+00
3.833586931228637695e+00
3.833586931228637695e+00
3.833586931228637695e+00
3.833586931228637695e+00
3.833586931228637695e+00
3.833586931228637695e+00
3.833586931228637695e+00
3.833586931228637695e+00
3.833586931228637695e+00
3.833586931228637695e+00
3.833586931228637695e+00
3.833586931228637695e+00
3.833586931228637695e+00
3.833586931228637695e+00
3.833586931228637695e+00
3.833586931228637695e+00
3.833586931228637695e+00
3.833586931228637695e+00
3.833586931228637695e+00
3.833586931228637695e+00
3.833586931228637695e+00
3.833586931228637695e+00
3.833586931228637695e+00
3.833586931228637695e+00
3.833586931228637695e+00
3.833586931228637695e+00
3.833586931228637695e+00
3.833586931228637695e+00
3.833586931228637695e+00
3.833586931228637695e+00
3.833586931228637695e+00
3.833586931228637695e+00
3.833586931228637695e+00
3.833586931228637695e+00
3.833586931228637695e+00
3.833586931228637695e+00
3.833586931228637695e+00
3.833586931228637695e+00
3.833586931228637695e+00
3.833586931228637695e+00
3.833586931228637695e+00
3.833586931228637695e+00
3.833586931228637695e+00
3.833586931228637695e+00
3.833586931228637695e+00
3.833586931228637695e+00
3.833586931228637695e+00
3.833586931228637695e+00
3.833586931228637695e+00
3.833586931228637695e+00
3.833586931228637695e+00
3.833586931228637695e+00
3.833586931228637695e+00
3.833586931228637695e+00
3.833586931228637695e+00
3.833586931228637695e+00
3.833586931228637695e+00
3.833586931228637695e+00
3.833586931228637695e+00
3.833586931228637695e+00
3.833586931228637695e+00
3.833586931228637695e+00
3.833586931228637695e+00
3.833586931228637695e+00
3.833586931228637695e+00
3.833586931228637695e+00
3.833586931228637695e+00
3.833586931228637695e+00
3.833586931228637695e+00
3.833586931228637695e+00
3.833586931228637695e+00
3.833586931228637695e+00
3.833586931228637695e+00
3.833586931228637695e+00
3.833586931228637695e+00
3.833586931228637695e+00
3.833586931228637695e+00
3.833586931228637695e+00
3.833586931228637695e+00
3.833586931228637695e+00
3.833586931228637695e+00
3.833586931228637695e+00
3.833586931228637695e+00
3.833586931228637695e+00
3.833586931228637695e+00
3.833586931228637695e+00
3.833586931228637695e+00
3.833586931228637695e+00
3.833586931228637695e+00
3.833586931228637695e+00
3.833586931228637695e+00
3.833586931228637695e+00
3.833586931228637695e+00
3.833586931228637695e+00
3.833586931228637695e+00
3.833586931228637695e+00
3.833586931228637695e+00
3.833586931228637695e+00
3.833586931228637695e+00
3.833586931228637695e+00
3.833586931228637695e+00
3.833586931228637695e+00
3.833586931228637695e+00
3.833586931228637695e+00
3.833586931228637695e+00
3.833586931228637695e+00
3.833586931228637695e+00
3.833586931228637695e+00
3.833586931228637695e+00
3.833586931228637695e+00
3.833586931228637695e+00
3.833586931228637695e+00
3.833586931228637695e+00
3.833586931228637695e+00
3.833586931228637695e+00
3.833586931228637695e+00
3.833586931228637695e+00
3.833586931228637695e+00
3.833586931228637695e+00
3.833586931228637695e+00
3.833586931228637695e+00
3.833586931228637695e+00
3.833586931228637695e+00
3.833586931228637695e+00
3.833586931228637695e+00
3.833586931228637695e+00
3.833586931228637695e+00
3.833586931228637695e+00
3.833586931228637695e+00
3.833586931228637695e+00
3.833586931228637695e+00
3.833586931228637695e+00
3.833586931228637695e+00
3.833586931228637695e+00
3.833586931228637695e+00
3.833586931228637695e+00
3.833586931228637695e+00
3.833586931228637695e+00
3.833586931228637695e+00
3.833586931228637695e+00
3.833586931228637695e+00
3.833586931228637695e+00
3.833586931228637695e+00
3.833586931228637695e+00
3.833586931228637695e+00
3.833586931228637695e+00
3.833586931228637695e+00
3.833586931228637695e+00
3.833586931228637695e+00
3.833586931228637695e+00
3.833586931228637695e+00
3.833586931228637695e+00
3.833586931228637695e+00
3.833586931228637695e+00
3.833586931228637695e+00
3.833586931228637695e+00
3.833586931228637695e+00
3.833586931228637695e+00
3.833586931228637695e+00
3.833586931228637695e+00
3.833586931228637695e+00
3.833586931228637695e+00
3.833586931228637695e+00
3.833586931228637695e+00
3.833586931228637695e+00
3.833586931228637695e+00
3.833586931228637695e+00
3.833586931228637695e+00
3.833586931228637695e+00
3.833586931228637695e+00
3.833586931228637695e+00
3.833586931228637695e+00
3.833586931228637695e+00
3.833586931228637695e+00
3.833586931228637695e+00
3.833586931228637695e+00
3.833586931228637695e+00
3.833586931228637695e+00
3.833586931228637695e+00
3.833586931228637695e+00
3.833586931228637695e+00
3.833586931228637695e+00
3.833586931228637695e+00
3.833586931228637695e+00
3.833586931228637695e+00
3.833586931228637695e+00
3.833586931228637695e+00
3.833586931228637695e+00
3.833586931228637695e+00
3.833586931228637695e+00
3.833586931228637695e+00
3.833586931228637695e+00
3.833586931228637695e+00
3.833586931228637695e+00
3.833586931228637695e+00
3.833586931228637695e+00
3.833586931228637695e+00
3.833586931228637695e+00
3.833586931228637695e+00
3.833586931228637695e+00
3.833586931228637695e+00
3.833586931228637695e+00
3.833586931228637695e+00
3.833586931228637695e+00
3.833586931228637695e+00
3.833586931228637695e+00
3.833586931228637695e+00
3.833586931228637695e+00
3.833586931228637695e+00
3.833586931228637695e+00
3.833586931228637695e+00
3.833586931228637695e+00
3.833586931228637695e+00
3.833586931228637695e+00
3.833586931228637695e+00
3.833586931228637695e+00
3.833586931228637695e+00
3.833586931228637695e+00
3.833586931228637695e+00
3.833586931228637695e+00
3.833586931228637695e+00
3.833586931228637695e+00
3.833586931228637695e+00
3.833586931228637695e+00
3.833586931228637695e+00
3.833586931228637695e+00
3.833586931228637695e+00
3.833586931228637695e+00
3.833586931228637695e+00
3.833586931228637695e+00
3.833586931228637695e+00
3.833586931228637695e+00
3.833586931228637695e+00
3.833586931228637695e+00
3.833586931228637695e+00
3.833586931228637695e+00
3.833586931228637695e+00
3.833586931228637695e+00
3.833586931228637695e+00
3.833586931228637695e+00
3.833586931228637695e+00
3.833586931228637695e+00
3.833586931228637695e+00
3.833586931228637695e+00
3.833586931228637695e+00
3.833586931228637695e+00
3.833586931228637695e+00
3.833586931228637695e+00
3.833586931228637695e+00
3.833586931228637695e+00
3.833586931228637695e+00
3.833586931228637695e+00
3.833586931228637695e+00
3.833586931228637695e+00
3.833586931228637695e+00
3.833586931228637695e+00
3.833586931228637695e+00
3.833586931228637695e+00
3.833586931228637695e+00
3.833586931228637695e+00
3.833586931228637695e+00
3.833586931228637695e+00
3.833586931228637695e+00
3.833586931228637695e+00
3.833586931228637695e+00
3.833586931228637695e+00
3.833586931228637695e+00
3.833586931228637695e+00
3.833586931228637695e+00
3.833586931228637695e+00
3.833586931228637695e+00
3.833586931228637695e+00
3.833586931228637695e+00
3.833586931228637695e+00
3.833586931228637695e+00
3.833586931228637695e+00
3.833586931228637695e+00
3.833586931228637695e+00
3.833586931228637695e+00
3.833586931228637695e+00
3.833586931228637695e+00
3.833586931228637695e+00
3.833586931228637695e+00
3.833586931228637695e+00
3.833586931228637695e+00
3.833586931228637695e+00
3.833586931228637695e+00
3.833586931228637695e+00
3.833586931228637695e+00
3.833586931228637695e+00
3.833586931228637695e+00
3.833586931228637695e+00
3.833586931228637695e+00
3.833586931228637695e+00
3.833586931228637695e+00
3.833586931228637695e+00
3.833586931228637695e+00
3.833586931228637695e+00
3.833586931228637695e+00
3.833586931228637695e+00
3.833586931228637695e+00
3.833586931228637695e+00
3.833586931228637695e+00
3.833586931228637695e+00
3.833586931228637695e+00
3.833586931228637695e+00
3.833586931228637695e+00
3.833586931228637695e+00
3.833586931228637695e+00
3.833586931228637695e+00
3.833586931228637695e+00
3.833586931228637695e+00
3.833586931228637695e+00
3.833586931228637695e+00
3.833586931228637695e+00
3.833586931228637695e+00
3.833586931228637695e+00
3.833586931228637695e+00
3.833586931228637695e+00
3.833586931228637695e+00
3.833586931228637695e+00
3.833586931228637695e+00
3.833586931228637695e+00
3.833586931228637695e+00
3.833586931228637695e+00
3.833586931228637695e+00
3.833586931228637695e+00
3.833586931228637695e+00
3.833586931228637695e+00
3.833586931228637695e+00
3.833586931228637695e+00
3.833586931228637695e+00
3.833586931228637695e+00
3.833586931228637695e+00
3.833586931228637695e+00
3.833586931228637695e+00
3.833586931228637695e+00
3.833586931228637695e+00
3.833586931228637695e+00
3.833586931228637695e+00
3.833586931228637695e+00
3.833586931228637695e+00
3.833586931228637695e+00
3.833586931228637695e+00
3.833586931228637695e+00
3.833586931228637695e+00
3.833586931228637695e+00
3.833586931228637695e+00
3.833586931228637695e+00
3.833586931228637695e+00
3.833586931228637695e+00
3.833586931228637695e+00
3.833586931228637695e+00
3.833586931228637695e+00
3.833586931228637695e+00
3.833586931228637695e+00
3.833586931228637695e+00
3.833586931228637695e+00
3.833586931228637695e+00
3.833586931228637695e+00
3.833586931228637695e+00
3.833586931228637695e+00
3.833586931228637695e+00
3.833586931228637695e+00
3.833586931228637695e+00
3.833586931228637695e+00
3.833586931228637695e+00
3.833586931228637695e+00
3.833586931228637695e+00
3.833586931228637695e+00
3.833586931228637695e+00
3.833586931228637695e+00
3.833586931228637695e+00
3.833586931228637695e+00
3.833586931228637695e+00
3.833586931228637695e+00
3.833586931228637695e+00
3.833586931228637695e+00
3.833586931228637695e+00
3.833586931228637695e+00
3.833586931228637695e+00
3.833586931228637695e+00
3.833586931228637695e+00
3.833586931228637695e+00
3.833586931228637695e+00
3.833586931228637695e+00
3.833586931228637695e+00
3.833586931228637695e+00
3.833586931228637695e+00
3.833586931228637695e+00
3.833586931228637695e+00
3.833586931228637695e+00
3.833586931228637695e+00
3.833586931228637695e+00
3.833586931228637695e+00
3.833586931228637695e+00
3.833586931228637695e+00
3.833586931228637695e+00
3.833586931228637695e+00
3.833586931228637695e+00
3.833586931228637695e+00
3.833586931228637695e+00
3.833586931228637695e+00
3.833586931228637695e+00
3.833586931228637695e+00
3.833586931228637695e+00
3.833586931228637695e+00
3.833586931228637695e+00
3.833586931228637695e+00
3.833586931228637695e+00
3.833586931228637695e+00
3.833586931228637695e+00
3.833586931228637695e+00
3.833586931228637695e+00
3.833586931228637695e+00
3.833586931228637695e+00
3.833586931228637695e+00
3.833586931228637695e+00
3.833586931228637695e+00
3.833586931228637695e+00
3.833586931228637695e+00
3.833586931228637695e+00
3.833586931228637695e+00
3.833586931228637695e+00
3.833586931228637695e+00
3.833586931228637695e+00
3.833586931228637695e+00
3.833586931228637695e+00
3.833586931228637695e+00
3.833586931228637695e+00
3.833586931228637695e+00
3.833586931228637695e+00
3.833586931228637695e+00
3.833586931228637695e+00
3.833586931228637695e+00
3.833586931228637695e+00
3.833586931228637695e+00
3.833586931228637695e+00
3.833586931228637695e+00
3.833586931228637695e+00
3.833586931228637695e+00
3.833586931228637695e+00
3.833586931228637695e+00
3.833586931228637695e+00
3.833586931228637695e+00
3.833586931228637695e+00
3.833586931228637695e+00
3.833586931228637695e+00
3.833586931228637695e+00
3.833586931228637695e+00
3.833586931228637695e+00
3.833586931228637695e+00
3.833586931228637695e+00
3.833586931228637695e+00
3.833586931228637695e+00
3.833586931228637695e+00
3.833586931228637695e+00
3.833586931228637695e+00
3.833586931228637695e+00
3.833586931228637695e+00
3.833586931228637695e+00
3.833586931228637695e+00
3.833586931228637695e+00
3.833586931228637695e+00
3.833586931228637695e+00
3.833586931228637695e+00
3.833586931228637695e+00
3.833586931228637695e+00
3.833586931228637695e+00
3.833586931228637695e+00
3.833586931228637695e+00
3.833586931228637695e+00
3.833586931228637695e+00
3.833586931228637695e+00
3.833586931228637695e+00
3.833586931228637695e+00
3.833586931228637695e+00
3.833586931228637695e+00
3.833586931228637695e+00
3.833586931228637695e+00
3.833586931228637695e+00
3.833586931228637695e+00
3.833586931228637695e+00
3.833586931228637695e+00
3.833586931228637695e+00
3.833586931228637695e+00
3.833586931228637695e+00
3.833586931228637695e+00
3.833586931228637695e+00
3.833586931228637695e+00
3.833586931228637695e+00
3.833586931228637695e+00
3.833586931228637695e+00
3.833586931228637695e+00
3.833586931228637695e+00
3.833586931228637695e+00
3.833586931228637695e+00
3.833586931228637695e+00
3.833586931228637695e+00
3.833586931228637695e+00
3.833586931228637695e+00
3.833586931228637695e+00
3.833586931228637695e+00
3.833586931228637695e+00
3.833586931228637695e+00
3.833586931228637695e+00
3.833586931228637695e+00
3.833586931228637695e+00
3.833586931228637695e+00
3.833586931228637695e+00
3.833586931228637695e+00
3.833586931228637695e+00
3.833586931228637695e+00
3.833586931228637695e+00
3.833586931228637695e+00
3.833586931228637695e+00
3.833586931228637695e+00
3.833586931228637695e+00
3.833586931228637695e+00
3.833586931228637695e+00
3.833586931228637695e+00
3.833586931228637695e+00
3.833586931228637695e+00
3.833586931228637695e+00
3.833586931228637695e+00
3.833586931228637695e+00
3.833586931228637695e+00
3.833586931228637695e+00
3.833586931228637695e+00
3.833586931228637695e+00
3.833586931228637695e+00
3.833586931228637695e+00
3.833586931228637695e+00
3.833586931228637695e+00
3.833586931228637695e+00
3.833586931228637695e+00
3.833586931228637695e+00
3.833586931228637695e+00
3.833586931228637695e+00
3.833586931228637695e+00
3.833586931228637695e+00
3.833586931228637695e+00
3.833586931228637695e+00
3.833586931228637695e+00
3.833586931228637695e+00
3.833586931228637695e+00
3.833586931228637695e+00
3.833586931228637695e+00
3.833586931228637695e+00
3.833586931228637695e+00
3.833586931228637695e+00
3.833586931228637695e+00
3.833586931228637695e+00
3.833586931228637695e+00
3.833586931228637695e+00
3.833586931228637695e+00
3.833586931228637695e+00
3.833586931228637695e+00
3.833586931228637695e+00
3.833586931228637695e+00
3.833586931228637695e+00
3.833586931228637695e+00
3.833586931228637695e+00
3.833586931228637695e+00
3.833586931228637695e+00
3.833586931228637695e+00
3.833586931228637695e+00
3.833586931228637695e+00
3.833586931228637695e+00
3.833586931228637695e+00
3.833586931228637695e+00
3.833586931228637695e+00
3.833586931228637695e+00
3.833586931228637695e+00
3.833586931228637695e+00
3.833586931228637695e+00
3.833586931228637695e+00
3.833586931228637695e+00
3.833586931228637695e+00
3.833586931228637695e+00
3.833586931228637695e+00
3.833586931228637695e+00
3.833586931228637695e+00
3.833586931228637695e+00
3.833586931228637695e+00
3.833586931228637695e+00
3.833586931228637695e+00
3.833586931228637695e+00
3.833586931228637695e+00
3.833586931228637695e+00
3.833586931228637695e+00
3.833586931228637695e+00
3.833586931228637695e+00
3.833586931228637695e+00
3.833586931228637695e+00
3.833586931228637695e+00
3.833586931228637695e+00
3.833586931228637695e+00
3.833586931228637695e+00
3.833586931228637695e+00
3.833586931228637695e+00
3.833586931228637695e+00
3.833586931228637695e+00
3.833586931228637695e+00
3.833586931228637695e+00
3.833586931228637695e+00
3.833586931228637695e+00
3.833586931228637695e+00
3.833586931228637695e+00
3.833586931228637695e+00
3.833586931228637695e+00
3.833586931228637695e+00
3.833586931228637695e+00
3.833586931228637695e+00
3.833586931228637695e+00
3.833586931228637695e+00
3.833586931228637695e+00
3.833586931228637695e+00
3.833586931228637695e+00
3.833586931228637695e+00
3.833586931228637695e+00
3.833586931228637695e+00
3.833586931228637695e+00
3.833586931228637695e+00
3.833586931228637695e+00
3.833586931228637695e+00
3.833586931228637695e+00
3.833586931228637695e+00
3.833586931228637695e+00
3.833586931228637695e+00
3.833586931228637695e+00
3.833586931228637695e+00
3.833586931228637695e+00
3.833586931228637695e+00
3.833586931228637695e+00
3.833586931228637695e+00
3.833586931228637695e+00
3.833586931228637695e+00
3.833586931228637695e+00
3.833586931228637695e+00
3.833586931228637695e+00
3.833586931228637695e+00
3.833586931228637695e+00
3.833586931228637695e+00
3.833586931228637695e+00
3.833586931228637695e+00
3.833586931228637695e+00
3.833586931228637695e+00
3.833586931228637695e+00
3.833586931228637695e+00
3.833586931228637695e+00
3.833586931228637695e+00
3.833586931228637695e+00
3.833586931228637695e+00
3.833586931228637695e+00
3.833586931228637695e+00
3.833586931228637695e+00
3.833586931228637695e+00
3.833586931228637695e+00
3.833586931228637695e+00
3.833586931228637695e+00
3.833586931228637695e+00
3.833586931228637695e+00
3.833586931228637695e+00
3.833586931228637695e+00
3.833586931228637695e+00
3.833586931228637695e+00
3.833586931228637695e+00
3.833586931228637695e+00
3.833586931228637695e+00
3.833586931228637695e+00
3.833586931228637695e+00
3.833586931228637695e+00
3.833586931228637695e+00
3.833586931228637695e+00
3.833586931228637695e+00
3.833586931228637695e+00
3.833586931228637695e+00
3.833586931228637695e+00
3.833586931228637695e+00
3.833586931228637695e+00
3.833586931228637695e+00
3.833586931228637695e+00
3.833586931228637695e+00
3.833586931228637695e+00
3.833586931228637695e+00
3.833586931228637695e+00
3.833586931228637695e+00
3.833586931228637695e+00
3.833586931228637695e+00
3.833586931228637695e+00
3.833586931228637695e+00
3.833586931228637695e+00
3.833586931228637695e+00
3.833586931228637695e+00
3.833586931228637695e+00
3.833586931228637695e+00
3.833586931228637695e+00
3.833586931228637695e+00
3.833586931228637695e+00
3.833586931228637695e+00
3.833586931228637695e+00
3.833586931228637695e+00
3.833586931228637695e+00
3.833586931228637695e+00
3.833586931228637695e+00
3.833586931228637695e+00
3.833586931228637695e+00
3.833586931228637695e+00
3.833586931228637695e+00
3.833586931228637695e+00
3.833586931228637695e+00
3.833586931228637695e+00
3.833586931228637695e+00
3.833586931228637695e+00
3.833586931228637695e+00
3.833586931228637695e+00
3.833586931228637695e+00
3.833586931228637695e+00
3.833586931228637695e+00
3.833586931228637695e+00
3.833586931228637695e+00
3.833586931228637695e+00
3.833586931228637695e+00
3.833586931228637695e+00
3.833586931228637695e+00
3.833586931228637695e+00
3.833586931228637695e+00
3.833586931228637695e+00
3.833586931228637695e+00
3.833586931228637695e+00
3.833586931228637695e+00
3.833586931228637695e+00
3.833586931228637695e+00
3.833586931228637695e+00
3.833586931228637695e+00
3.833586931228637695e+00
3.833586931228637695e+00
3.833586931228637695e+00
3.833586931228637695e+00
3.833586931228637695e+00
3.833586931228637695e+00
3.833586931228637695e+00
3.833586931228637695e+00
3.833586931228637695e+00
3.833586931228637695e+00
3.833586931228637695e+00
3.833586931228637695e+00
3.833586931228637695e+00
3.833586931228637695e+00
3.833586931228637695e+00
3.833586931228637695e+00
3.833586931228637695e+00
3.833586931228637695e+00
3.833586931228637695e+00
3.833586931228637695e+00
3.833586931228637695e+00
3.833586931228637695e+00
3.833586931228637695e+00
3.833586931228637695e+00
3.833586931228637695e+00
3.833586931228637695e+00
3.833586931228637695e+00
3.833586931228637695e+00
3.833586931228637695e+00
3.833586931228637695e+00
3.833586931228637695e+00
3.833586931228637695e+00
3.833586931228637695e+00
3.833586931228637695e+00
3.833586931228637695e+00
3.833586931228637695e+00
3.833586931228637695e+00
3.833586931228637695e+00
3.833586931228637695e+00
3.833586931228637695e+00
3.833586931228637695e+00
3.833586931228637695e+00
3.833586931228637695e+00
3.833586931228637695e+00
3.833586931228637695e+00
3.833586931228637695e+00
3.833586931228637695e+00
3.833586931228637695e+00
3.833586931228637695e+00
3.833586931228637695e+00
3.833586931228637695e+00
3.833586931228637695e+00
3.833586931228637695e+00
3.833586931228637695e+00
3.833586931228637695e+00
3.833586931228637695e+00
3.833586931228637695e+00
3.833586931228637695e+00
3.833586931228637695e+00
3.833586931228637695e+00
3.833586931228637695e+00
3.833586931228637695e+00
3.833586931228637695e+00
3.833586931228637695e+00
3.833586931228637695e+00
3.833586931228637695e+00
3.833586931228637695e+00
3.833586931228637695e+00
3.833586931228637695e+00
3.833586931228637695e+00
3.833586931228637695e+00
3.833586931228637695e+00
3.833586931228637695e+00
3.833586931228637695e+00
3.833586931228637695e+00
3.833586931228637695e+00
3.833586931228637695e+00
3.833586931228637695e+00
3.833586931228637695e+00
3.833586931228637695e+00
3.833586931228637695e+00
3.833586931228637695e+00
3.833586931228637695e+00
3.833586931228637695e+00
3.833586931228637695e+00
3.833586931228637695e+00
3.833586931228637695e+00
3.833586931228637695e+00
3.833586931228637695e+00
3.833586931228637695e+00
3.833586931228637695e+00
3.833586931228637695e+00
3.833586931228637695e+00
3.833586931228637695e+00
3.833586931228637695e+00
3.833586931228637695e+00
3.833586931228637695e+00
3.833586931228637695e+00
3.833586931228637695e+00
3.833586931228637695e+00
3.833586931228637695e+00
3.833586931228637695e+00
3.833586931228637695e+00
3.833586931228637695e+00
3.833586931228637695e+00
3.833586931228637695e+00
3.833586931228637695e+00
3.833586931228637695e+00
3.833586931228637695e+00
3.833586931228637695e+00
3.833586931228637695e+00
3.833586931228637695e+00
3.833586931228637695e+00
3.833586931228637695e+00
3.833586931228637695e+00
3.833586931228637695e+00
3.833586931228637695e+00
3.833586931228637695e+00
3.833586931228637695e+00
3.833586931228637695e+00
3.833586931228637695e+00
3.833586931228637695e+00
3.833586931228637695e+00
3.833586931228637695e+00
3.833586931228637695e+00
3.833586931228637695e+00
3.833586931228637695e+00
3.833586931228637695e+00
3.833586931228637695e+00
3.833586931228637695e+00
3.833586931228637695e+00
3.833586931228637695e+00
3.833586931228637695e+00
3.833586931228637695e+00
3.833586931228637695e+00
3.833586931228637695e+00
3.833586931228637695e+00
3.833586931228637695e+00
3.833586931228637695e+00
3.833586931228637695e+00
3.833586931228637695e+00
3.833586931228637695e+00
3.833586931228637695e+00
3.833586931228637695e+00
3.833586931228637695e+00
3.833586931228637695e+00
3.833586931228637695e+00
3.833586931228637695e+00
3.833586931228637695e+00
3.833586931228637695e+00
3.833586931228637695e+00
3.833586931228637695e+00
3.833586931228637695e+00
3.833586931228637695e+00
3.833586931228637695e+00
3.833586931228637695e+00
3.833586931228637695e+00
3.833586931228637695e+00
3.833586931228637695e+00
3.833586931228637695e+00
3.833586931228637695e+00
3.833586931228637695e+00
3.833586931228637695e+00
3.833586931228637695e+00
3.833586931228637695e+00
3.833586931228637695e+00
3.833586931228637695e+00
3.833586931228637695e+00
3.833586931228637695e+00
3.833586931228637695e+00
3.833586931228637695e+00
3.833586931228637695e+00
3.833586931228637695e+00
3.833586931228637695e+00
3.833586931228637695e+00
3.833586931228637695e+00
3.833586931228637695e+00
3.833586931228637695e+00
3.833586931228637695e+00
3.833586931228637695e+00
3.833586931228637695e+00
3.833586931228637695e+00
3.833586931228637695e+00
3.833586931228637695e+00
3.833586931228637695e+00
3.833586931228637695e+00
3.833586931228637695e+00
3.833586931228637695e+00
3.833586931228637695e+00
3.833586931228637695e+00
3.833586931228637695e+00
3.833586931228637695e+00
3.833586931228637695e+00
3.833586931228637695e+00
3.833586931228637695e+00
3.833586931228637695e+00
3.833586931228637695e+00
3.833586931228637695e+00
3.833586931228637695e+00
3.833586931228637695e+00
3.833586931228637695e+00
3.833586931228637695e+00
3.833586931228637695e+00
3.833586931228637695e+00
3.833586931228637695e+00
3.833586931228637695e+00
3.833586931228637695e+00
3.833586931228637695e+00
3.833586931228637695e+00
3.833586931228637695e+00
3.833586931228637695e+00
3.833586931228637695e+00
3.833586931228637695e+00
3.833586931228637695e+00
3.833586931228637695e+00
3.833586931228637695e+00
3.833586931228637695e+00
3.833586931228637695e+00
3.833586931228637695e+00
3.833586931228637695e+00
3.833586931228637695e+00
3.833586931228637695e+00
3.833586931228637695e+00
3.833586931228637695e+00
3.833586931228637695e+00
3.833586931228637695e+00
3.833586931228637695e+00
3.833586931228637695e+00
3.833586931228637695e+00
3.833586931228637695e+00
3.833586931228637695e+00
3.833586931228637695e+00
3.833586931228637695e+00
3.833586931228637695e+00
3.833586931228637695e+00
3.833586931228637695e+00
3.833586931228637695e+00
3.833586931228637695e+00
3.833586931228637695e+00
3.833586931228637695e+00
3.833586931228637695e+00
3.833586931228637695e+00
3.833586931228637695e+00
3.833586931228637695e+00
3.833586931228637695e+00
3.833586931228637695e+00
3.833586931228637695e+00
3.833586931228637695e+00
3.833586931228637695e+00
3.833586931228637695e+00
3.833586931228637695e+00
3.833586931228637695e+00
3.833586931228637695e+00
3.833586931228637695e+00
3.833586931228637695e+00
3.833586931228637695e+00
3.833586931228637695e+00
3.833586931228637695e+00
3.833586931228637695e+00
3.833586931228637695e+00
3.833586931228637695e+00
3.833586931228637695e+00
3.833586931228637695e+00
3.833586931228637695e+00
3.833586931228637695e+00
3.833586931228637695e+00
3.833586931228637695e+00
3.833586931228637695e+00
3.833586931228637695e+00
3.833586931228637695e+00
3.833586931228637695e+00
3.833586931228637695e+00
3.833586931228637695e+00
3.833586931228637695e+00
3.833586931228637695e+00
3.833586931228637695e+00
3.833586931228637695e+00
3.833586931228637695e+00
3.833586931228637695e+00
3.833586931228637695e+00
3.833586931228637695e+00
3.833586931228637695e+00
3.833586931228637695e+00
3.833586931228637695e+00
3.833586931228637695e+00
3.833586931228637695e+00
3.833586931228637695e+00
3.833586931228637695e+00
3.833586931228637695e+00
3.833586931228637695e+00
3.833586931228637695e+00
3.833586931228637695e+00
3.833586931228637695e+00
3.833586931228637695e+00
3.833586931228637695e+00
3.833586931228637695e+00
3.833586931228637695e+00
3.833586931228637695e+00
3.833586931228637695e+00
3.833586931228637695e+00
3.833586931228637695e+00
3.833586931228637695e+00
3.833586931228637695e+00
3.833586931228637695e+00
3.833586931228637695e+00
3.833586931228637695e+00
3.833586931228637695e+00
3.833586931228637695e+00
3.833586931228637695e+00
3.833586931228637695e+00
3.833586931228637695e+00
3.833586931228637695e+00
3.833586931228637695e+00
3.833586931228637695e+00
3.833586931228637695e+00
3.833586931228637695e+00
3.833586931228637695e+00
3.833586931228637695e+00
3.833586931228637695e+00
3.833586931228637695e+00
3.833586931228637695e+00
3.833586931228637695e+00
3.833586931228637695e+00
3.833586931228637695e+00
3.833586931228637695e+00
3.833586931228637695e+00
3.833586931228637695e+00
3.833586931228637695e+00
3.833586931228637695e+00
3.833586931228637695e+00
3.833586931228637695e+00
3.833586931228637695e+00
3.833586931228637695e+00
3.833586931228637695e+00
3.833586931228637695e+00
3.833586931228637695e+00
3.833586931228637695e+00
3.833586931228637695e+00
3.833586931228637695e+00
3.833586931228637695e+00
3.833586931228637695e+00
3.833586931228637695e+00
3.833586931228637695e+00
3.833586931228637695e+00
3.833586931228637695e+00
3.833586931228637695e+00
3.833586931228637695e+00
3.833586931228637695e+00
3.833586931228637695e+00
3.833586931228637695e+00
3.833586931228637695e+00
3.833586931228637695e+00
3.833586931228637695e+00
3.833586931228637695e+00
3.833586931228637695e+00
3.833586931228637695e+00
3.833586931228637695e+00
3.833586931228637695e+00
3.833586931228637695e+00
3.833586931228637695e+00
3.833586931228637695e+00
3.833586931228637695e+00
3.833586931228637695e+00
3.833586931228637695e+00
3.833586931228637695e+00
3.833586931228637695e+00
3.833586931228637695e+00
3.833586931228637695e+00
3.833586931228637695e+00
3.833586931228637695e+00
3.833586931228637695e+00
3.833586931228637695e+00
3.833586931228637695e+00
3.833586931228637695e+00
3.833586931228637695e+00
3.833586931228637695e+00
3.833586931228637695e+00
3.833586931228637695e+00
3.833586931228637695e+00
3.833586931228637695e+00
3.833586931228637695e+00
3.833586931228637695e+00
3.833586931228637695e+00
3.833586931228637695e+00
3.833586931228637695e+00
3.833586931228637695e+00
3.833586931228637695e+00
3.833586931228637695e+00
3.833586931228637695e+00
3.833586931228637695e+00
3.833586931228637695e+00
3.833586931228637695e+00
3.833586931228637695e+00
3.833586931228637695e+00
3.833586931228637695e+00
3.833586931228637695e+00
3.833586931228637695e+00
3.833586931228637695e+00
3.833586931228637695e+00
3.833586931228637695e+00
3.833586931228637695e+00
3.833586931228637695e+00
3.833586931228637695e+00
3.833586931228637695e+00
3.833586931228637695e+00
3.833586931228637695e+00
3.833586931228637695e+00
3.833586931228637695e+00
3.833586931228637695e+00
3.833586931228637695e+00
3.833586931228637695e+00
3.833586931228637695e+00
3.833586931228637695e+00
3.833586931228637695e+00
3.833586931228637695e+00
3.833586931228637695e+00
3.833586931228637695e+00
3.833586931228637695e+00
3.833586931228637695e+00
3.833586931228637695e+00
3.833586931228637695e+00
3.833586931228637695e+00
3.833586931228637695e+00
3.833586931228637695e+00
3.833586931228637695e+00
3.833586931228637695e+00
3.833586931228637695e+00
3.833586931228637695e+00
3.833586931228637695e+00
3.833586931228637695e+00
3.833586931228637695e+00
3.833586931228637695e+00
3.833586931228637695e+00
3.833586931228637695e+00
3.833586931228637695e+00
3.833586931228637695e+00
3.833586931228637695e+00
3.833586931228637695e+00
3.833586931228637695e+00
3.833586931228637695e+00
3.833586931228637695e+00
3.833586931228637695e+00
3.833586931228637695e+00
3.833586931228637695e+00
3.833586931228637695e+00
3.833586931228637695e+00
3.833586931228637695e+00
3.833586931228637695e+00
3.833586931228637695e+00
3.833586931228637695e+00
3.833586931228637695e+00
3.833586931228637695e+00
3.833586931228637695e+00
3.833586931228637695e+00
3.833586931228637695e+00
3.833586931228637695e+00
3.833586931228637695e+00
3.833586931228637695e+00
3.833586931228637695e+00
3.833586931228637695e+00
3.833586931228637695e+00
3.833586931228637695e+00
3.833586931228637695e+00
3.833586931228637695e+00
3.833586931228637695e+00
3.833586931228637695e+00
3.833586931228637695e+00
3.833586931228637695e+00
3.833586931228637695e+00
3.833586931228637695e+00
3.833586931228637695e+00
3.833586931228637695e+00
3.833586931228637695e+00
3.833586931228637695e+00
3.833586931228637695e+00
3.833586931228637695e+00
3.833586931228637695e+00
3.833586931228637695e+00
3.833586931228637695e+00
3.833586931228637695e+00
3.833586931228637695e+00
3.833586931228637695e+00
3.833586931228637695e+00
3.833586931228637695e+00
3.833586931228637695e+00
3.833586931228637695e+00
3.833586931228637695e+00
3.833586931228637695e+00
3.833586931228637695e+00
3.833586931228637695e+00
3.833586931228637695e+00
3.833586931228637695e+00
3.833586931228637695e+00
3.833586931228637695e+00
3.833586931228637695e+00
3.833586931228637695e+00
3.833586931228637695e+00
3.833586931228637695e+00
3.833586931228637695e+00
3.833586931228637695e+00
3.833586931228637695e+00
3.833586931228637695e+00
3.833586931228637695e+00
3.833586931228637695e+00
3.833586931228637695e+00
3.833586931228637695e+00
3.833586931228637695e+00
3.833586931228637695e+00
3.833586931228637695e+00
3.833586931228637695e+00
3.833586931228637695e+00
3.833586931228637695e+00
3.833586931228637695e+00
3.833586931228637695e+00
3.833586931228637695e+00
3.833586931228637695e+00
3.833586931228637695e+00
3.833586931228637695e+00
3.833586931228637695e+00
3.833586931228637695e+00
3.833586931228637695e+00
3.833586931228637695e+00
3.833586931228637695e+00
3.833586931228637695e+00
3.833586931228637695e+00
3.833586931228637695e+00
3.833586931228637695e+00
3.833586931228637695e+00
3.833586931228637695e+00
3.833586931228637695e+00
3.833586931228637695e+00
3.833586931228637695e+00
3.833586931228637695e+00
3.833586931228637695e+00
3.833586931228637695e+00
3.833586931228637695e+00
3.833586931228637695e+00
3.833586931228637695e+00
3.833586931228637695e+00
3.833586931228637695e+00
3.833586931228637695e+00
3.833586931228637695e+00
3.833586931228637695e+00
3.833586931228637695e+00
3.833586931228637695e+00
3.833586931228637695e+00
3.833586931228637695e+00
3.833586931228637695e+00
3.833586931228637695e+00
3.833586931228637695e+00
3.833586931228637695e+00
3.833586931228637695e+00
3.833586931228637695e+00
3.833586931228637695e+00
3.833586931228637695e+00
3.833586931228637695e+00
3.833586931228637695e+00
3.833586931228637695e+00
3.833586931228637695e+00
3.833586931228637695e+00
3.833586931228637695e+00
3.833586931228637695e+00
3.833586931228637695e+00
3.833586931228637695e+00
3.833586931228637695e+00
3.833586931228637695e+00
3.833586931228637695e+00
3.833586931228637695e+00
3.833586931228637695e+00
3.833586931228637695e+00
3.833586931228637695e+00
3.833586931228637695e+00
3.833586931228637695e+00
3.833586931228637695e+00
3.833586931228637695e+00
3.833586931228637695e+00
3.833586931228637695e+00
3.833586931228637695e+00
3.833586931228637695e+00
3.833586931228637695e+00
3.833586931228637695e+00
3.833586931228637695e+00
3.833586931228637695e+00
3.833586931228637695e+00
3.833586931228637695e+00
3.833586931228637695e+00
3.833586931228637695e+00
3.833586931228637695e+00
3.833586931228637695e+00
3.833586931228637695e+00
3.833586931228637695e+00
3.833586931228637695e+00
3.833586931228637695e+00
3.833586931228637695e+00
3.833586931228637695e+00
3.833586931228637695e+00
3.833586931228637695e+00
3.833586931228637695e+00
3.833586931228637695e+00
3.833586931228637695e+00
3.833586931228637695e+00
3.833586931228637695e+00
3.833586931228637695e+00
3.833586931228637695e+00
3.833586931228637695e+00
3.833586931228637695e+00
3.833586931228637695e+00
3.833586931228637695e+00
3.833586931228637695e+00
3.833586931228637695e+00
3.833586931228637695e+00
3.833586931228637695e+00
3.833586931228637695e+00
3.833586931228637695e+00
3.833586931228637695e+00
3.833586931228637695e+00
3.833586931228637695e+00
3.833586931228637695e+00
3.833586931228637695e+00
3.833586931228637695e+00
3.833586931228637695e+00
3.833586931228637695e+00
3.833586931228637695e+00
3.833586931228637695e+00
3.833586931228637695e+00
3.833586931228637695e+00
3.833586931228637695e+00
3.833586931228637695e+00
3.833586931228637695e+00
3.833586931228637695e+00
3.833586931228637695e+00
3.833586931228637695e+00
3.833586931228637695e+00
3.833586931228637695e+00
3.833586931228637695e+00
3.833586931228637695e+00
3.833586931228637695e+00
3.833586931228637695e+00
3.833586931228637695e+00
3.833586931228637695e+00
3.833586931228637695e+00
3.833586931228637695e+00
3.833586931228637695e+00
3.833586931228637695e+00
3.833586931228637695e+00
3.833586931228637695e+00
3.833586931228637695e+00
3.833586931228637695e+00
3.833586931228637695e+00
3.833586931228637695e+00
3.833586931228637695e+00
3.833586931228637695e+00
3.833586454391479492e+00
3.833586454391479492e+00
3.833586454391479492e+00
3.833586454391479492e+00
3.833586454391479492e+00
3.833586454391479492e+00
3.833586454391479492e+00
3.833586931228637695e+00
3.833586931228637695e+00
3.833586931228637695e+00
3.833586931228637695e+00
3.833586454391479492e+00
3.833586454391479492e+00
3.833586454391479492e+00
3.833586454391479492e+00
3.833586454391479492e+00
3.833586454391479492e+00
3.833586931228637695e+00
3.833586931228637695e+00
3.833586931228637695e+00
3.833586931228637695e+00
3.833586454391479492e+00
3.833586454391479492e+00
3.833586454391479492e+00
3.833586454391479492e+00
3.833586454391479492e+00
3.833586454391479492e+00
3.833586454391479492e+00
3.833586931228637695e+00
3.833586931228637695e+00
3.833586931228637695e+00
3.833586931228637695e+00
3.833586454391479492e+00
3.833586454391479492e+00
3.833586454391479492e+00
3.833586454391479492e+00
3.833586454391479492e+00
3.833586454391479492e+00
3.833586931228637695e+00
3.833586931228637695e+00
3.833586931228637695e+00
3.833586931228637695e+00
3.833586454391479492e+00
3.833586454391479492e+00
3.833586454391479492e+00
3.833586454391479492e+00
3.833586454391479492e+00
3.833586454391479492e+00
3.833586454391479492e+00
3.833586931228637695e+00
3.833586454391479492e+00
3.833586454391479492e+00
3.833586931228637695e+00
3.833586454391479492e+00
3.833586454391479492e+00
3.833586454391479492e+00
3.833586454391479492e+00
3.833586454391479492e+00
3.833586454391479492e+00
3.833586454391479492e+00
3.833586454391479492e+00
3.833586454391479492e+00
3.833586454391479492e+00
3.833586454391479492e+00
3.833586454391479492e+00
3.833586454391479492e+00
3.833586454391479492e+00
3.833586454391479492e+00
3.833586454391479492e+00
3.833586454391479492e+00
3.833586454391479492e+00
3.833586931228637695e+00
3.833586931228637695e+00
3.833586931228637695e+00
3.833586454391479492e+00
3.833586454391479492e+00
3.833586454391479492e+00
3.833586454391479492e+00
3.833586454391479492e+00
3.833586931228637695e+00
3.833586931228637695e+00
3.833586931228637695e+00
3.833586454391479492e+00
3.833586454391479492e+00
3.833586454391479492e+00
3.833586454391479492e+00
3.833586931228637695e+00
3.833586931228637695e+00
3.833586454391479492e+00
3.833586454391479492e+00
3.833586454391479492e+00
3.833586931228637695e+00
3.833586454391479492e+00
3.833586931228637695e+00
3.833586454391479492e+00
3.833586454391479492e+00
3.833586931228637695e+00
3.833586931228637695e+00
3.833586454391479492e+00
3.833586454391479492e+00
3.833586454391479492e+00
3.833586454391479492e+00
3.833586931228637695e+00
3.833586931228637695e+00
3.833586454391479492e+00
3.833586454391479492e+00
3.833586931228637695e+00
3.833586454391479492e+00
3.833586454391479492e+00
3.833586931228637695e+00
3.833586454391479492e+00
3.833586931228637695e+00
3.833586454391479492e+00
3.833586454391479492e+00
3.833586454391479492e+00
3.833586931228637695e+00
3.833586931228637695e+00
3.833586454391479492e+00
3.833586454391479492e+00
3.833586454391479492e+00
3.833586931228637695e+00
3.833586931228637695e+00
3.833586454391479492e+00
3.833586454391479492e+00
3.833586454391479492e+00
3.833586931228637695e+00
3.833586454391479492e+00
3.833586931228637695e+00
3.833586454391479492e+00
3.833586454391479492e+00
3.833586931228637695e+00
3.833586454391479492e+00
3.833586931228637695e+00
3.833586454391479492e+00
3.833586454391479492e+00
3.833586454391479492e+00
3.833586931228637695e+00
3.833586931228637695e+00
3.833586454391479492e+00
3.833586454391479492e+00
3.833586454391479492e+00
3.833586931228637695e+00
3.833586931228637695e+00
3.833586454391479492e+00
3.833586454391479492e+00
3.833586454391479492e+00
3.833586454391479492e+00
3.833586931228637695e+00
3.833586931228637695e+00
3.833586931228637695e+00
3.833586454391479492e+00
3.833586454391479492e+00
3.833586454391479492e+00
3.833586454391479492e+00
3.833586454391479492e+00
3.833586931228637695e+00
3.833586931228637695e+00
3.833586931228637695e+00
3.833586454391479492e+00
3.833586454391479492e+00
3.833586454391479492e+00
3.833586454391479492e+00
3.833586454391479492e+00
3.833586931228637695e+00
3.833586931228637695e+00
3.833586931228637695e+00
3.833586454391479492e+00
3.833586454391479492e+00
3.833586454391479492e+00
3.833586454391479492e+00
3.833586454391479492e+00
3.833586931228637695e+00
3.833586931228637695e+00
3.833586931228637695e+00
3.833586454391479492e+00
3.833586931228637695e+00
3.833586931228637695e+00
3.833586454391479492e+00
3.833586931228637695e+00
3.833586931228637695e+00
3.833586454391479492e+00
3.833586454391479492e+00
3.833586454391479492e+00
3.833586931228637695e+00
3.833586454391479492e+00
3.833586931228637695e+00
3.833586454391479492e+00
3.833586454391479492e+00
3.833586931228637695e+00
3.833586931228637695e+00
3.833586454391479492e+00
3.833586931228637695e+00
3.833586931228637695e+00
3.833586454391479492e+00
3.833586931228637695e+00
3.833586931228637695e+00
3.833586454391479492e+00
3.833586454391479492e+00
3.833586454391479492e+00
3.833586931228637695e+00
3.833586931228637695e+00
3.833586454391479492e+00
3.833586454391479492e+00
3.833586454391479492e+00
3.833586454391479492e+00
3.833586931228637695e+00
3.833586931228637695e+00
3.833586931228637695e+00
3.833586931228637695e+00
3.833586454391479492e+00
3.833586454391479492e+00
3.833586454391479492e+00
3.833586931228637695e+00
3.833586931228637695e+00
3.833586931228637695e+00
3.833586931228637695e+00
3.833586454391479492e+00
3.833586454391479492e+00
3.833586454391479492e+00
3.833586454391479492e+00
3.833586454391479492e+00
3.833586931228637695e+00
3.833586931228637695e+00
3.833586454391479492e+00
3.833586454391479492e+00
3.833586454391479492e+00
3.833586454391479492e+00
3.833586454391479492e+00
3.833586454391479492e+00
3.833586454391479492e+00
3.833586454391479492e+00
3.833586454391479492e+00
3.833586454391479492e+00
3.833586454391479492e+00
3.833586454391479492e+00
3.833586454391479492e+00
3.833586454391479492e+00
3.833586454391479492e+00
3.833586454391479492e+00
3.833586454391479492e+00
3.833586454391479492e+00
3.833586454391479492e+00
3.833586454391479492e+00
3.833586454391479492e+00
3.833586454391479492e+00
3.833586454391479492e+00
3.833586454391479492e+00
3.833586931228637695e+00
3.833586931228637695e+00
3.833586931228637695e+00
3.833586931228637695e+00
3.833586931228637695e+00
3.833586454391479492e+00
3.833586931228637695e+00
3.833586931228637695e+00
3.833586931228637695e+00
3.833586454391479492e+00
3.833586454391479492e+00
3.833586454391479492e+00
3.833586454391479492e+00
3.833586931228637695e+00
3.833586931228637695e+00
3.833586454391479492e+00
3.833586454391479492e+00
3.833586931228637695e+00
3.833586931228637695e+00
3.833586931228637695e+00
3.833586454391479492e+00
3.833586454391479492e+00
3.833586931228637695e+00
3.833586931228637695e+00
3.833586931228637695e+00
3.833586454391479492e+00
3.833586454391479492e+00
3.833586454391479492e+00
3.833586931228637695e+00
3.833586931228637695e+00
3.833586454391479492e+00
3.833586454391479492e+00
3.833586454391479492e+00
3.833586454391479492e+00
3.833586931228637695e+00
3.833586931228637695e+00
3.833586454391479492e+00
3.833586454391479492e+00
3.833586454391479492e+00
3.833586454391479492e+00
3.833586454391479492e+00
3.833586454391479492e+00
3.833586454391479492e+00
3.833586454391479492e+00
3.833586454391479492e+00
3.833586454391479492e+00
3.833586454391479492e+00
3.833586454391479492e+00
3.833586454391479492e+00
3.833586454391479492e+00
3.833586454391479492e+00
3.833586454391479492e+00
3.833586454391479492e+00
3.833586454391479492e+00
3.833586454391479492e+00
3.833586454391479492e+00
3.833586454391479492e+00
3.833586454391479492e+00
3.833586454391479492e+00
3.833586454391479492e+00
3.833586454391479492e+00
3.833586454391479492e+00
3.833586454391479492e+00
3.833586454391479492e+00
3.833586454391479492e+00
3.833586454391479492e+00
3.833586454391479492e+00
3.833586454391479492e+00
3.833586454391479492e+00
3.833586454391479492e+00
3.833586931228637695e+00
3.833586931228637695e+00
3.833586931228637695e+00
3.833586454391479492e+00
3.833586931228637695e+00
3.833586931228637695e+00
3.833586931228637695e+00
3.833586931228637695e+00
3.833586931228637695e+00
3.833586931228637695e+00
3.833586931228637695e+00
3.833586454391479492e+00
3.833586931228637695e+00
3.833586931228637695e+00
3.833586931228637695e+00
3.833586931228637695e+00
3.833586454391479492e+00
3.833586454391479492e+00
3.833586454391479492e+00
3.833586931228637695e+00
3.833586931228637695e+00
3.833586454391479492e+00
3.833586454391479492e+00
3.833586454391479492e+00
3.833586931228637695e+00
3.833586931228637695e+00
3.833586931228637695e+00
3.833586454391479492e+00
3.833586454391479492e+00
3.833586931228637695e+00
3.833586931228637695e+00
3.833586931228637695e+00
3.833586454391479492e+00
3.833586454391479492e+00
3.833586931228637695e+00
3.833586931228637695e+00
3.833586931228637695e+00
3.833586931228637695e+00
3.833586931228637695e+00
3.833586931228637695e+00
3.833586454391479492e+00
3.833586454391479492e+00
3.833586931228637695e+00
3.833586931228637695e+00
3.833586931228637695e+00
3.833586931228637695e+00
3.833586931228637695e+00
3.833586931228637695e+00
3.833586454391479492e+00
3.833586454391479492e+00
3.833586931228637695e+00
3.833586931228637695e+00
3.833586931228637695e+00
3.833586931228637695e+00
3.833586454391479492e+00
3.833586454391479492e+00
3.833586454391479492e+00
3.833586454391479492e+00
3.833586454391479492e+00
3.833586931228637695e+00
3.833586931228637695e+00
3.833586454391479492e+00
3.833586454391479492e+00
3.833586931228637695e+00
3.833586931228637695e+00
3.833586931228637695e+00
3.833586454391479492e+00
3.833586454391479492e+00
3.833586931228637695e+00
3.833586931228637695e+00
3.833586931228637695e+00
3.833586931228637695e+00
3.833586931228637695e+00
3.833586931228637695e+00
3.833586931228637695e+00
3.833586931228637695e+00
3.833586931228637695e+00
3.833586931228637695e+00
3.833586931228637695e+00
3.833586931228637695e+00
3.833586931228637695e+00
3.833586931228637695e+00
3.833586931228637695e+00
3.833586454391479492e+00
3.833586454391479492e+00
3.833586454391479492e+00
3.833586454391479492e+00
3.833586454391479492e+00
3.833586931228637695e+00
3.833586931228637695e+00
3.833586931228637695e+00
3.833586454391479492e+00
3.833586454391479492e+00
3.833586454391479492e+00
3.833586454391479492e+00
3.833586454391479492e+00
3.833586931228637695e+00
3.833586931228637695e+00
3.833586931228637695e+00
3.833586454391479492e+00
3.833586454391479492e+00
3.833586454391479492e+00
3.833586454391479492e+00
3.833586454391479492e+00
3.833586931228637695e+00
3.833586931228637695e+00
3.833586931228637695e+00
3.833586454391479492e+00
3.833586454391479492e+00
3.833586454391479492e+00
3.833586454391479492e+00
3.833586931228637695e+00
3.833586931228637695e+00
3.833586454391479492e+00
3.833586454391479492e+00
3.833586454391479492e+00
3.833586931228637695e+00
3.833586931228637695e+00
3.833586454391479492e+00
3.833586454391479492e+00
3.833586454391479492e+00
3.833586454391479492e+00
3.833586931228637695e+00
3.833586931228637695e+00
3.833586931228637695e+00
3.833586454391479492e+00
3.833586454391479492e+00
3.833586454391479492e+00
3.833586454391479492e+00
3.833586454391479492e+00
3.833586931228637695e+00
3.833586931228637695e+00
3.833586931228637695e+00
3.833586454391479492e+00
3.833586454391479492e+00
3.833586454391479492e+00
3.833586454391479492e+00
3.833586454391479492e+00
3.833586931228637695e+00
3.833586931228637695e+00
3.833586931228637695e+00
3.833586454391479492e+00
3.833586454391479492e+00
3.833586454391479492e+00
3.833586454391479492e+00
3.833586454391479492e+00
3.833586931228637695e+00
3.833586931228637695e+00
3.833586931228637695e+00
3.833586454391479492e+00
3.833586454391479492e+00
3.833586454391479492e+00
3.833586454391479492e+00
3.833586931228637695e+00
3.833586931228637695e+00
3.833586454391479492e+00
3.833586454391479492e+00
3.833586454391479492e+00
3.833586454391479492e+00
3.833586931228637695e+00
3.833586931228637695e+00
3.833586454391479492e+00
3.833586454391479492e+00
3.833586454391479492e+00
3.833586454391479492e+00
3.833586454391479492e+00
3.833586454391479492e+00
3.833586931228637695e+00
3.833586931228637695e+00
3.833586454391479492e+00
3.833586454391479492e+00
3.833586931228637695e+00
3.833586454391479492e+00
3.833586454391479492e+00
3.833586931228637695e+00
3.833586931228637695e+00
3.833586454391479492e+00
3.833586454391479492e+00
3.833586454391479492e+00
3.833586454391479492e+00
3.833586931228637695e+00
3.833586931228637695e+00
3.833586454391479492e+00
3.833586454391479492e+00
3.833586931228637695e+00
3.833586454391479492e+00
3.833586454391479492e+00
3.833586931228637695e+00
3.833586454391479492e+00
3.833586931228637695e+00
3.833586454391479492e+00
3.833586454391479492e+00
3.833586931228637695e+00
3.833586454391479492e+00
3.833586454391479492e+00
3.833586931228637695e+00
3.833586931228637695e+00
3.833586454391479492e+00
3.833586454391479492e+00
3.833586454391479492e+00
3.833586454391479492e+00
3.833586931228637695e+00
3.833586931228637695e+00
3.833586454391479492e+00
3.833586454391479492e+00
3.833586931228637695e+00
3.833586454391479492e+00
3.833586454391479492e+00
3.833586931228637695e+00
3.833586931228637695e+00
3.833586454391479492e+00
3.833586454391479492e+00
3.833586454391479492e+00
3.833586454391479492e+00
3.833586931228637695e+00
3.833586931228637695e+00
3.833586454391479492e+00
3.833586454391479492e+00
3.833586454391479492e+00
3.833586454391479492e+00
3.833586454391479492e+00
3.833586454391479492e+00
3.833586454391479492e+00
3.833586454391479492e+00
3.833586454391479492e+00
3.833586454391479492e+00
3.833586454391479492e+00
3.833586454391479492e+00
3.833586454391479492e+00
3.833586454391479492e+00
3.833586454391479492e+00
3.833586454391479492e+00
3.833586454391479492e+00
3.833586454391479492e+00
3.833586454391479492e+00
3.833586454391479492e+00
3.833586454391479492e+00
3.833586454391479492e+00
3.833586454391479492e+00
3.833586454391479492e+00
3.833586454391479492e+00
3.833586454391479492e+00
3.833586454391479492e+00
3.833586931228637695e+00
3.833586454391479492e+00
3.833586454391479492e+00
3.833586454391479492e+00
3.833586454391479492e+00
3.833586454391479492e+00
3.833586454391479492e+00
3.833586454391479492e+00
3.833586454391479492e+00
3.833586454391479492e+00
3.833586454391479492e+00
3.833586454391479492e+00
3.833586454391479492e+00
3.833586454391479492e+00
3.833586454391479492e+00
3.833586931228637695e+00
3.833586454391479492e+00
3.833586931228637695e+00
3.833586931228637695e+00
3.833586931228637695e+00
3.833586454391479492e+00
3.833586454391479492e+00
3.833586454391479492e+00
3.833586454391479492e+00
3.833586454391479492e+00
3.833586454391479492e+00
3.833586454391479492e+00
3.833586454391479492e+00
3.833586454391479492e+00
3.833586454391479492e+00
3.833586454391479492e+00
3.833586454391479492e+00
3.833586454391479492e+00
3.833586931228637695e+00
3.833586931228637695e+00
3.833586931228637695e+00
3.833586931228637695e+00
3.833586454391479492e+00
3.833586454391479492e+00
3.833586454391479492e+00
3.833586454391479492e+00
3.833586454391479492e+00
3.833586454391479492e+00
3.833586931228637695e+00
3.833586931228637695e+00
3.833586931228637695e+00
3.833586931228637695e+00
3.833586454391479492e+00
3.833586454391479492e+00
3.833586454391479492e+00
3.833586454391479492e+00
3.833586454391479492e+00
3.833586454391479492e+00
3.833586454391479492e+00
3.833586931228637695e+00
3.833586931228637695e+00
3.833586931228637695e+00
3.833586931228637695e+00
3.833586454391479492e+00
3.833586454391479492e+00
3.833586454391479492e+00
3.833586454391479492e+00
3.833586454391479492e+00
3.833586454391479492e+00
3.833586931228637695e+00
3.833586931228637695e+00
3.833586931228637695e+00
3.833586931228637695e+00
3.833586454391479492e+00
3.833586454391479492e+00
3.833586454391479492e+00
3.833586454391479492e+00
3.833586454391479492e+00
3.833586454391479492e+00
3.833586454391479492e+00
3.833586931228637695e+00
3.833586931228637695e+00
3.833586931228637695e+00
3.833586931228637695e+00
3.833586454391479492e+00
3.833586454391479492e+00
3.833586454391479492e+00
3.833586454391479492e+00
3.833586454391479492e+00
3.833586931228637695e+00
3.833586931228637695e+00
3.833586454391479492e+00
3.833586454391479492e+00
3.833586454391479492e+00
3.833586931228637695e+00
3.833586931228637695e+00
3.833586454391479492e+00
3.833586454391479492e+00
3.833586454391479492e+00
3.833586931228637695e+00
3.833586931228637695e+00
3.833586454391479492e+00
3.833586454391479492e+00
3.833586454391479492e+00
3.833586454391479492e+00
3.833586931228637695e+00
3.833586931228637695e+00
3.833586931228637695e+00
3.833586454391479492e+00
3.833586454391479492e+00
3.833586454391479492e+00
3.833586454391479492e+00
3.833586454391479492e+00
3.833586931228637695e+00
3.833586931228637695e+00
3.833586454391479492e+00
3.833586454391479492e+00
3.833586931228637695e+00
3.833586931228637695e+00
3.833586454391479492e+00
3.833586454391479492e+00
3.833586454391479492e+00
3.833586454391479492e+00
3.833586454391479492e+00
3.833586931228637695e+00
3.833586931228637695e+00
3.833586931228637695e+00
3.833586454391479492e+00
3.833586454391479492e+00
3.833586454391479492e+00
3.833586454391479492e+00
3.833586931228637695e+00
3.833586931228637695e+00
3.833586454391479492e+00
3.833586454391479492e+00
3.833586931228637695e+00
3.833586454391479492e+00
3.833586454391479492e+00
3.833586454391479492e+00
3.833586931228637695e+00
3.833586931228637695e+00
3.833586931228637695e+00
3.833586454391479492e+00
3.833586454391479492e+00
3.833586454391479492e+00
3.833586454391479492e+00
3.833586454391479492e+00
3.833586454391479492e+00
3.833586931228637695e+00
3.833586931228637695e+00
3.833586931228637695e+00
3.833586931228637695e+00
3.833586454391479492e+00
3.833586454391479492e+00
3.833586454391479492e+00
3.833586454391479492e+00
3.833586454391479492e+00
3.833586454391479492e+00
3.833586454391479492e+00
3.833586931228637695e+00
3.833586454391479492e+00
3.833586454391479492e+00
3.833586931228637695e+00
3.833586454391479492e+00
3.833586454391479492e+00
3.833586454391479492e+00
3.833586454391479492e+00
3.833586454391479492e+00
3.833586931228637695e+00
3.833586931228637695e+00
3.833586454391479492e+00
3.833586454391479492e+00
3.833586931228637695e+00
3.833586454391479492e+00
3.833586454391479492e+00
3.833586931228637695e+00
3.833586454391479492e+00
3.833586931228637695e+00
3.833586454391479492e+00
3.833586454391479492e+00
3.833586931228637695e+00
3.833586454391479492e+00
3.833586454391479492e+00
3.833586931228637695e+00
3.833586931228637695e+00
3.833586454391479492e+00
3.833586454391479492e+00
3.833586454391479492e+00
3.833586454391479492e+00
3.833586931228637695e+00
3.833586931228637695e+00
3.833586454391479492e+00
3.833586454391479492e+00
3.833586931228637695e+00
3.833586454391479492e+00
3.833586454391479492e+00
3.833586931228637695e+00
3.833586931228637695e+00
3.833586454391479492e+00
3.833586454391479492e+00
3.833586454391479492e+00
3.833586454391479492e+00
3.833586931228637695e+00
3.833586931228637695e+00
3.833586454391479492e+00
3.833586454391479492e+00
3.833586454391479492e+00
3.833586931228637695e+00
3.833586931228637695e+00
3.833586454391479492e+00
3.833586454391479492e+00
3.833586454391479492e+00
3.833586931228637695e+00
3.833586454391479492e+00
3.833586931228637695e+00
3.833586454391479492e+00
3.833586454391479492e+00
3.833586931228637695e+00
3.833586454391479492e+00
3.833586931228637695e+00
3.833586454391479492e+00
3.833586454391479492e+00
3.833586454391479492e+00
3.833586931228637695e+00
3.833586931228637695e+00
3.833586454391479492e+00
3.833586454391479492e+00
3.833586454391479492e+00
3.833586931228637695e+00
3.833586931228637695e+00
3.833586454391479492e+00
3.833586454391479492e+00
3.833586454391479492e+00
3.833586931228637695e+00
3.833586454391479492e+00
3.833586931228637695e+00
3.833586454391479492e+00
3.833586454391479492e+00
3.833586931228637695e+00
3.833586454391479492e+00
3.833586931228637695e+00
3.833585977554321289e+00
3.833585977554321289e+00
3.833585977554321289e+00
3.833586931228637695e+00
3.833586931228637695e+00
3.833585977554321289e+00
3.833585977554321289e+00
3.833585977554321289e+00
3.833586454391479492e+00
3.833586454391479492e+00
3.833585977554321289e+00
3.833585977554321289e+00
3.833585977554321289e+00
3.833586454391479492e+00
3.833585977554321289e+00
3.833586454391479492e+00
3.833585977554321289e+00
3.833585977554321289e+00
3.833586454391479492e+00
3.833585977554321289e+00
3.833586454391479492e+00
3.833585977554321289e+00
3.833585977554321289e+00
3.833585977554321289e+00
3.833586454391479492e+00
3.833586454391479492e+00
3.833585977554321289e+00
3.833585977554321289e+00
3.833586454391479492e+00
3.833585977554321289e+00
3.833585977554321289e+00
3.833586454391479492e+00
3.833585977554321289e+00
3.833585977554321289e+00
3.833586454391479492e+00
3.833586454391479492e+00
3.833585977554321289e+00
3.833585977554321289e+00
3.833585977554321289e+00
3.833585977554321289e+00
3.833586454391479492e+00
3.833586454391479492e+00
3.833585977554321289e+00
3.833585977554321289e+00
3.833586454391479492e+00
3.833585977554321289e+00
3.833585977554321289e+00
3.833586454391479492e+00
3.833586454391479492e+00
3.833585977554321289e+00
3.833585977554321289e+00
3.833585977554321289e+00
3.833585977554321289e+00
3.833586454391479492e+00
3.833586454391479492e+00
3.833585977554321289e+00
3.833585977554321289e+00
3.833585977554321289e+00
3.833586454391479492e+00
3.833586454391479492e+00
3.833585977554321289e+00
3.833585977554321289e+00
3.833585977554321289e+00
3.833586454391479492e+00
3.833586454391479492e+00
3.833585977554321289e+00
3.833585977554321289e+00
3.833585977554321289e+00
3.833585977554321289e+00
3.833586454391479492e+00
3.833586454391479492e+00
3.833586454391479492e+00
3.833585977554321289e+00
3.833585977554321289e+00
3.833585977554321289e+00
3.833585977554321289e+00
3.833585977554321289e+00
3.833586454391479492e+00
3.833586454391479492e+00
3.833586454391479492e+00
3.833585977554321289e+00
3.833585977554321289e+00
3.833585977554321289e+00
3.833585977554321289e+00
3.833586454391479492e+00
3.833586454391479492e+00
3.833585977554321289e+00
3.833585977554321289e+00
3.833585977554321289e+00
3.833586454391479492e+00
3.833586454391479492e+00
3.833585977554321289e+00
3.833585977554321289e+00
3.833585977554321289e+00
3.833586454391479492e+00
3.833586454391479492e+00
3.833585977554321289e+00
3.833585977554321289e+00
3.833585977554321289e+00
3.833585977554321289e+00
3.833586454391479492e+00
3.833586454391479492e+00
3.833586454391479492e+00
3.833585977554321289e+00
3.833585500717163086e+00
3.833585977554321289e+00
3.833586454391479492e+00
3.833586454391479492e+00
3.833586454391479492e+00
3.833585977554321289e+00
3.833585977554321289e+00
3.833585977554321289e+00
3.833585977554321289e+00
3.833586454391479492e+00
3.833586454391479492e+00
3.833585977554321289e+00
3.833585977554321289e+00
3.833585977554321289e+00
3.833586454391479492e+00
3.833586454391479492e+00
3.833585977554321289e+00
3.833585977554321289e+00
3.833585977554321289e+00
3.833586454391479492e+00
3.833586454391479492e+00
3.833585977554321289e+00
3.833585977554321289e+00
3.833585977554321289e+00
3.833586454391479492e+00
3.833585977554321289e+00
3.833586454391479492e+00
3.833585977554321289e+00
3.833585977554321289e+00
3.833586454391479492e+00
3.833586931228637695e+00
3.833586931228637695e+00
3.833586454391479492e+00
3.833586931228637695e+00
3.833586931228637695e+00
3.833586931228637695e+00
3.833586931228637695e+00
3.833586931228637695e+00
3.833586931228637695e+00
3.833586931228637695e+00
3.833586931228637695e+00
3.833585500717163086e+00
3.833585500717163086e+00
3.833586931228637695e+00
3.833586931228637695e+00
3.833586931228637695e+00
3.833586931228637695e+00
3.833585500717163086e+00
3.833585500717163086e+00
3.833586931228637695e+00
3.833586931228637695e+00
3.833586931228637695e+00
3.833586931228637695e+00
3.833585500717163086e+00
3.833585500717163086e+00
3.833586931228637695e+00
3.833586931228637695e+00
3.833586931228637695e+00
3.833586931228637695e+00
3.833586931228637695e+00
3.833586931228637695e+00
3.833586931228637695e+00
3.833586931228637695e+00
3.833585977554321289e+00
3.833586931228637695e+00
3.833586931228637695e+00
3.833586931228637695e+00
3.833586931228637695e+00
3.833586931228637695e+00
3.833586931228637695e+00
3.833586931228637695e+00
3.833586931228637695e+00
3.833586931228637695e+00
3.833586931228637695e+00
3.833586931228637695e+00
3.833586931228637695e+00
3.833586931228637695e+00
3.833586931228637695e+00
3.833586931228637695e+00
3.833586931228637695e+00
3.833586931228637695e+00
3.833586931228637695e+00
3.833586931228637695e+00
3.833586931228637695e+00
3.833586931228637695e+00
3.833586931228637695e+00
3.833586931228637695e+00
3.833586931228637695e+00
3.833586931228637695e+00
3.833586931228637695e+00
3.833586931228637695e+00
3.833586931228637695e+00
3.833586931228637695e+00
3.833586931228637695e+00
3.833586931228637695e+00
3.833586931228637695e+00
3.833586931228637695e+00
3.833586931228637695e+00
3.833586931228637695e+00
3.833586931228637695e+00
3.833586931228637695e+00
3.833586931228637695e+00
3.833586931228637695e+00
3.833586931228637695e+00
3.833586931228637695e+00
3.833586931228637695e+00
3.833586931228637695e+00
3.833586454391479492e+00
3.833586454391479492e+00
3.833586931228637695e+00
3.833586931228637695e+00
3.833586931228637695e+00
3.833586931228637695e+00
3.833586454391479492e+00
3.833586454391479492e+00
3.833586454391479492e+00
3.833586454391479492e+00
3.833586454391479492e+00
3.833586454391479492e+00
3.833586454391479492e+00
3.833586454391479492e+00
3.833586454391479492e+00
3.833586454391479492e+00
3.833586454391479492e+00
3.833586454391479492e+00
3.833586454391479492e+00
3.833586454391479492e+00
3.833586454391479492e+00
3.833586454391479492e+00
3.833586454391479492e+00
3.833586454391479492e+00
3.833586454391479492e+00
3.833586454391479492e+00
3.833586454391479492e+00
3.833586454391479492e+00
3.833586454391479492e+00
3.833586454391479492e+00
3.833586454391479492e+00
3.833586454391479492e+00
3.833586454391479492e+00
3.833586454391479492e+00
3.833586454391479492e+00
3.833586454391479492e+00
3.833586454391479492e+00
3.833586454391479492e+00
3.833586454391479492e+00
3.833586454391479492e+00
3.833586454391479492e+00
3.833586454391479492e+00
3.833586454391479492e+00
3.833586454391479492e+00
3.833586454391479492e+00
3.833586454391479492e+00
3.833586454391479492e+00
3.833586454391479492e+00
3.833586454391479492e+00
3.833586454391479492e+00
3.833586454391479492e+00
3.833586454391479492e+00
3.833586454391479492e+00
3.833586454391479492e+00
3.833586454391479492e+00
3.833586454391479492e+00
3.833586454391479492e+00
3.833586454391479492e+00
3.833586454391479492e+00
3.833586454391479492e+00
3.833586454391479492e+00
3.833586454391479492e+00
3.833586454391479492e+00
3.833586454391479492e+00
3.833586454391479492e+00
3.833586454391479492e+00
3.833586454391479492e+00
3.833586454391479492e+00
3.833586454391479492e+00
3.833586454391479492e+00
3.833586454391479492e+00
3.833586454391479492e+00
3.833586454391479492e+00
3.833586454391479492e+00
3.833586454391479492e+00
3.833586454391479492e+00
3.833586454391479492e+00
3.833586454391479492e+00
3.833586454391479492e+00
3.833586454391479492e+00
3.833586454391479492e+00
3.833586454391479492e+00
3.833586454391479492e+00
3.833586454391479492e+00
3.833586454391479492e+00
3.833586454391479492e+00
3.833586454391479492e+00
3.833586454391479492e+00
3.833586454391479492e+00
3.833586454391479492e+00
3.833586454391479492e+00
3.833586454391479492e+00
3.833586454391479492e+00
3.833586454391479492e+00
3.833586454391479492e+00
3.833586454391479492e+00
3.833586454391479492e+00
3.833586454391479492e+00
3.833586454391479492e+00
3.833585977554321289e+00
3.833585977554321289e+00
3.833586454391479492e+00
3.833586454391479492e+00
3.833586454391479492e+00
3.833585977554321289e+00
3.833585977554321289e+00
3.833585977554321289e+00
3.833586454391479492e+00
3.833586454391479492e+00
3.833586454391479492e+00
3.833586454391479492e+00
3.833585977554321289e+00
3.833585977554321289e+00
3.833585977554321289e+00
3.833586454391479492e+00
3.833586454391479492e+00
3.833586454391479492e+00
3.833585977554321289e+00
3.833585977554321289e+00
3.833586454391479492e+00
3.833586454391479492e+00
3.833585977554321289e+00
3.833585977554321289e+00
3.833586454391479492e+00
3.833586454391479492e+00
3.833586454391479492e+00
3.833585977554321289e+00
3.833585977554321289e+00
3.833585977554321289e+00
3.833586454391479492e+00
3.833586454391479492e+00
3.833586454391479492e+00
3.833586454391479492e+00
3.833585977554321289e+00
3.833585977554321289e+00
3.833585977554321289e+00
3.833585977554321289e+00
3.833586454391479492e+00
3.833586454391479492e+00
3.833586454391479492e+00
3.833585977554321289e+00
3.833585977554321289e+00
3.833585977554321289e+00
3.833585977554321289e+00
3.833586454391479492e+00
3.833586454391479492e+00
3.833586454391479492e+00
3.833586454391479492e+00
3.833585977554321289e+00
3.833585977554321289e+00
3.833585977554321289e+00
3.833586454391479492e+00
3.833586454391479492e+00
3.833586454391479492e+00
3.833585977554321289e+00
3.833585977554321289e+00
3.833586454391479492e+00
3.833586454391479492e+00
3.833585977554321289e+00
3.833585977554321289e+00
3.833585977554321289e+00
3.833585977554321289e+00
3.833585977554321289e+00
3.833585977554321289e+00
3.833585977554321289e+00
3.833585977554321289e+00
3.833585977554321289e+00
3.833585977554321289e+00
3.833585977554321289e+00
3.833585977554321289e+00
3.833585977554321289e+00
3.833585977554321289e+00
3.833585977554321289e+00
3.833585977554321289e+00
3.833585977554321289e+00
3.833585977554321289e+00
3.833585977554321289e+00
3.833585977554321289e+00
3.833585977554321289e+00
3.833585977554321289e+00
3.833585977554321289e+00
3.833585977554321289e+00
3.833585977554321289e+00
3.833585977554321289e+00
3.833585977554321289e+00
3.833585977554321289e+00
3.833585977554321289e+00
3.833585977554321289e+00
3.833585977554321289e+00
3.833585977554321289e+00
3.833585977554321289e+00
3.833585977554321289e+00
3.833585977554321289e+00
3.833585977554321289e+00
3.833585977554321289e+00
3.833585977554321289e+00
3.833585977554321289e+00
3.833585977554321289e+00
3.833585977554321289e+00
3.833585977554321289e+00
3.833585977554321289e+00
3.833585977554321289e+00
3.833585977554321289e+00
3.833585977554321289e+00
3.833585977554321289e+00
3.833585977554321289e+00
3.833585977554321289e+00
3.833585977554321289e+00
3.833585977554321289e+00
3.833585977554321289e+00
3.833585977554321289e+00
3.833585977554321289e+00
3.833585977554321289e+00
3.833585977554321289e+00
3.833585500717163086e+00
3.833585500717163086e+00
3.833585977554321289e+00
3.833585977554321289e+00
3.833585500717163086e+00
3.833585500717163086e+00
3.833585977554321289e+00
3.833585977554321289e+00
3.833585977554321289e+00
3.833585977554321289e+00
3.833585500717163086e+00
3.833585500717163086e+00
3.833585500717163086e+00
3.833585977554321289e+00
3.833585977554321289e+00
3.833585977554321289e+00
3.833585977554321289e+00
3.833585500717163086e+00
3.833585500717163086e+00
3.833585500717163086e+00
3.833585977554321289e+00
3.833585977554321289e+00
3.833585977554321289e+00
3.833585977554321289e+00
3.833585977554321289e+00
3.833585977554321289e+00
3.833585977554321289e+00
3.833585977554321289e+00
3.833585977554321289e+00
3.833585977554321289e+00
3.833585977554321289e+00
3.833585977554321289e+00
3.833585977554321289e+00
3.833585977554321289e+00
3.833585977554321289e+00
3.833585977554321289e+00
3.833585977554321289e+00
3.833585977554321289e+00
3.833585977554321289e+00
3.833585977554321289e+00
3.833585977554321289e+00
3.833585977554321289e+00
3.833585977554321289e+00
3.833585977554321289e+00
3.833585977554321289e+00
3.833585977554321289e+00
3.833585500717163086e+00
3.833585500717163086e+00
3.833585977554321289e+00
3.833585977554321289e+00
3.833585977554321289e+00
3.833585977554321289e+00
3.833585977554321289e+00
3.833585977554321289e+00
3.833585977554321289e+00
3.833586454391479492e+00
3.833586454391479492e+00
3.833586454391479492e+00
3.833586454391479492e+00
3.833585977554321289e+00
3.833585977554321289e+00
3.833586454391479492e+00
3.833586454391479492e+00
3.833586454391479492e+00
3.833586454391479492e+00
3.833585500717163086e+00
3.833586454391479492e+00
3.833586454391479492e+00
3.833586454391479492e+00
3.833586454391479492e+00
3.833585977554321289e+00
3.833585977554321289e+00
3.833586454391479492e+00
3.833586454391479492e+00
3.833586454391479492e+00
3.833585977554321289e+00
3.833585977554321289e+00
3.833586454391479492e+00
3.833586454391479492e+00
3.833586454391479492e+00
3.833586454391479492e+00
3.833585500717163086e+00
3.833586454391479492e+00
3.833586454391479492e+00
3.833586454391479492e+00
3.833586454391479492e+00
3.833585500717163086e+00
3.833585977554321289e+00
3.833585977554321289e+00
3.833585977554321289e+00
3.833585977554321289e+00
3.833585500717163086e+00
3.833585977554321289e+00
3.833585977554321289e+00
3.833585977554321289e+00
3.833585500717163086e+00
3.833585500717163086e+00
3.833585977554321289e+00
3.833585977554321289e+00
3.833585977554321289e+00
3.833585500717163086e+00
3.833585977554321289e+00
3.833585977554321289e+00
3.833585977554321289e+00
3.833585500717163086e+00
3.833585500717163086e+00
3.833585977554321289e+00
3.833585977554321289e+00
3.833585977554321289e+00
3.833585500717163086e+00
3.833585500717163086e+00
3.833585977554321289e+00
3.833585977554321289e+00
3.833585977554321289e+00
3.833585500717163086e+00
3.833585977554321289e+00
3.833585977554321289e+00
3.833585500717163086e+00
3.833585977554321289e+00
3.833585977554321289e+00
3.833585500717163086e+00
3.833585977554321289e+00
3.833585977554321289e+00
3.833585500717163086e+00
3.833585977554321289e+00
3.833585977554321289e+00
3.833585500717163086e+00
3.833585500717163086e+00
3.833585500717163086e+00
3.833585500717163086e+00
3.833585500717163086e+00
3.833585500717163086e+00
3.833585500717163086e+00
3.833585500717163086e+00
3.833585500717163086e+00
3.833585500717163086e+00
3.833585500717163086e+00
3.833585500717163086e+00
3.833585500717163086e+00
3.833585500717163086e+00
3.833585500717163086e+00
3.833585500717163086e+00
3.833585500717163086e+00
3.833585500717163086e+00
3.833585500717163086e+00
3.833585500717163086e+00
3.833585500717163086e+00
3.833585500717163086e+00
3.833585500717163086e+00
3.833585500717163086e+00
3.833585500717163086e+00
3.833585500717163086e+00
3.833585500717163086e+00
3.833585500717163086e+00
3.833585500717163086e+00
3.833585500717163086e+00
3.833585500717163086e+00
3.833585500717163086e+00
3.833585500717163086e+00
3.833585500717163086e+00
3.833585500717163086e+00
3.833585500717163086e+00
3.833585500717163086e+00
3.833585500717163086e+00
3.833585500717163086e+00
3.833585500717163086e+00
3.833585500717163086e+00
3.833585500717163086e+00
3.833585500717163086e+00
3.833585500717163086e+00
3.833585500717163086e+00
3.833585500717163086e+00
3.833585500717163086e+00
3.833585500717163086e+00
3.833585500717163086e+00
3.833585977554321289e+00
3.833585500717163086e+00
3.833585977554321289e+00
3.833585500717163086e+00
3.833585977554321289e+00
3.833585977554321289e+00
3.833585500717163086e+00
3.833585500717163086e+00
3.833585500717163086e+00
3.833585500717163086e+00
3.833586931228637695e+00
3.833586931228637695e+00
3.833585500717163086e+00
3.833585500717163086e+00
3.833585500717163086e+00
3.833585500717163086e+00
3.833585977554321289e+00
3.833585977554321289e+00
3.833585977554321289e+00
3.833585500717163086e+00
3.833585500717163086e+00
3.833585500717163086e+00
3.833586931228637695e+00
3.833587408065795898e+00
3.833586931228637695e+00
3.833585500717163086e+00
3.833585500717163086e+00
3.833585977554321289e+00
3.833585977554321289e+00
3.833585500717163086e+00
3.833585500717163086e+00
3.833585500717163086e+00
3.833585500717163086e+00
3.833585500717163086e+00
3.833585500717163086e+00
3.833585500717163086e+00
3.833585500717163086e+00
3.833585500717163086e+00
3.833585500717163086e+00
3.833585500717163086e+00
3.833585500717163086e+00
3.833585500717163086e+00
3.833585500717163086e+00
3.833585500717163086e+00
3.833585500717163086e+00
3.833585500717163086e+00
3.833585500717163086e+00
3.833585500717163086e+00
3.833585500717163086e+00
3.833585500717163086e+00
3.833585500717163086e+00
3.833585500717163086e+00
3.833585500717163086e+00
3.833585500717163086e+00
3.833585023880004883e+00
3.833585500717163086e+00
3.833585977554321289e+00
3.833585977554321289e+00
3.833585500717163086e+00
3.833585023880004883e+00
3.833585023880004883e+00
3.833585977554321289e+00
3.833585977554321289e+00
3.833585977554321289e+00
3.833585977554321289e+00
3.833585977554321289e+00
3.833585977554321289e+00
3.833585977554321289e+00
3.833585977554321289e+00
3.833585977554321289e+00
3.833585977554321289e+00
3.833585977554321289e+00
3.833585977554321289e+00
3.833585977554321289e+00
3.833585977554321289e+00
3.833585977554321289e+00
3.833585977554321289e+00
3.833585977554321289e+00
3.833585977554321289e+00
3.833585977554321289e+00
3.833585977554321289e+00
3.833585977554321289e+00
3.833585977554321289e+00
3.833585977554321289e+00
3.833585977554321289e+00
3.833585977554321289e+00
3.833585977554321289e+00
3.833585977554321289e+00
3.833585977554321289e+00
3.833585977554321289e+00
3.833585977554321289e+00
3.833585977554321289e+00
3.833585977554321289e+00
3.833585977554321289e+00
3.833585977554321289e+00
3.833585977554321289e+00
3.833585977554321289e+00
3.833585977554321289e+00
3.833585977554321289e+00
3.833585977554321289e+00
3.833585977554321289e+00
3.833585977554321289e+00
3.833585977554321289e+00
3.833585977554321289e+00
3.833585977554321289e+00
3.833585977554321289e+00
3.833585977554321289e+00
3.833585977554321289e+00
3.833585977554321289e+00
3.833585977554321289e+00
3.833585977554321289e+00
3.833585977554321289e+00
3.833585977554321289e+00
3.833585977554321289e+00
3.833585977554321289e+00
3.833585977554321289e+00
3.833585977554321289e+00
3.833585977554321289e+00
3.833585977554321289e+00
3.833585977554321289e+00
3.833585977554321289e+00
3.833585977554321289e+00
3.833585977554321289e+00
3.833585977554321289e+00
3.833585977554321289e+00
3.833585977554321289e+00
3.833585977554321289e+00
3.833585977554321289e+00
3.833585977554321289e+00
3.833585977554321289e+00
3.833585977554321289e+00
3.833585977554321289e+00
3.833585977554321289e+00
3.833585977554321289e+00
3.833585977554321289e+00
3.833585977554321289e+00
3.833585977554321289e+00
3.833585977554321289e+00
3.833585977554321289e+00
3.833585977554321289e+00
3.833585977554321289e+00
3.833585977554321289e+00
3.833585977554321289e+00
3.833585977554321289e+00
3.833585977554321289e+00
3.833585977554321289e+00
3.833585977554321289e+00
3.833585977554321289e+00
3.833585977554321289e+00
3.833585977554321289e+00
3.833585977554321289e+00
3.833585977554321289e+00
3.833585977554321289e+00
3.833585977554321289e+00
3.833585977554321289e+00
3.833585977554321289e+00
3.833585977554321289e+00
3.833585977554321289e+00
3.833585977554321289e+00
3.833585977554321289e+00
3.833585977554321289e+00
3.833585977554321289e+00
3.833585977554321289e+00
3.833585977554321289e+00
3.833585977554321289e+00
3.833585977554321289e+00
3.833585977554321289e+00
3.833585977554321289e+00
3.833585977554321289e+00
3.833585977554321289e+00
3.833585977554321289e+00
3.833585977554321289e+00
3.833585977554321289e+00
3.833585977554321289e+00
3.833585977554321289e+00
3.833585977554321289e+00
3.833585977554321289e+00
3.833585977554321289e+00
3.833585977554321289e+00
3.833586454391479492e+00
3.833586454391479492e+00
3.833586454391479492e+00
3.833586454391479492e+00
3.833586454391479492e+00
3.833586454391479492e+00
3.833586454391479492e+00
3.833586454391479492e+00
3.833586454391479492e+00
3.833586454391479492e+00
3.833586454391479492e+00
3.833586454391479492e+00
3.833586454391479492e+00
3.833586454391479492e+00
3.833586454391479492e+00
3.833586454391479492e+00
3.833586454391479492e+00
3.833586454391479492e+00
3.833586454391479492e+00
3.833586454391479492e+00
3.833586454391479492e+00
3.833586454391479492e+00
3.833586454391479492e+00
3.833586454391479492e+00
3.833586454391479492e+00
3.833586454391479492e+00
3.833586454391479492e+00
3.833586454391479492e+00
3.833586454391479492e+00
3.833586454391479492e+00
3.833586454391479492e+00
3.833586454391479492e+00
3.833586454391479492e+00
3.833586454391479492e+00
3.833586454391479492e+00
3.833586454391479492e+00
3.833586454391479492e+00
3.833586454391479492e+00
3.833586454391479492e+00
3.833586454391479492e+00
3.833586454391479492e+00
3.833586454391479492e+00
3.833586454391479492e+00
3.833586454391479492e+00
3.833586454391479492e+00
3.833586454391479492e+00
3.833586454391479492e+00
3.833586454391479492e+00
3.833586454391479492e+00
3.833586454391479492e+00
3.833586454391479492e+00
3.833586454391479492e+00
3.833586454391479492e+00
3.833586454391479492e+00
3.833586454391479492e+00
3.833586454391479492e+00
3.833586454391479492e+00
3.833586454391479492e+00
3.833585977554321289e+00
3.833585977554321289e+00
3.833585977554321289e+00
3.833585977554321289e+00
3.833585977554321289e+00
3.833585977554321289e+00
3.833585977554321289e+00
3.833585977554321289e+00
3.833585977554321289e+00
3.833585977554321289e+00
3.833585977554321289e+00
3.833585977554321289e+00
3.833585977554321289e+00
3.833585977554321289e+00
3.833585977554321289e+00
3.833585977554321289e+00
3.833585977554321289e+00
3.833585977554321289e+00
3.833585977554321289e+00
3.833585977554321289e+00
3.833585977554321289e+00
3.833585977554321289e+00
3.833585977554321289e+00
3.833585977554321289e+00
3.833585977554321289e+00
3.833585977554321289e+00
3.833585977554321289e+00
3.833585977554321289e+00
3.833585977554321289e+00
3.833585977554321289e+00
3.833585977554321289e+00
3.833585977554321289e+00
3.833585977554321289e+00
3.833585977554321289e+00
3.833585977554321289e+00
3.833585977554321289e+00
3.833585977554321289e+00
3.833585977554321289e+00
3.833585977554321289e+00
3.833585977554321289e+00
3.833585977554321289e+00
3.833585977554321289e+00
3.833585977554321289e+00
3.833585977554321289e+00
3.833585977554321289e+00
3.833585977554321289e+00
3.833585977554321289e+00
3.833585500717163086e+00
3.833585977554321289e+00
3.833585977554321289e+00
3.833585977554321289e+00
3.833585977554321289e+00
3.833585977554321289e+00
3.833585977554321289e+00
3.833585500717163086e+00
3.833585500717163086e+00
3.833585977554321289e+00
3.833585977554321289e+00
3.833585977554321289e+00
3.833585977554321289e+00
3.833585977554321289e+00
3.833585977554321289e+00
3.833585500717163086e+00
3.833585500717163086e+00
3.833585977554321289e+00
3.833585977554321289e+00
3.833585977554321289e+00
3.833585977554321289e+00
3.833585977554321289e+00
3.833585977554321289e+00
3.833585500717163086e+00
3.833585500717163086e+00
3.833585500717163086e+00
3.833585977554321289e+00
3.833585977554321289e+00
3.833585977554321289e+00
3.833585977554321289e+00
3.833585977554321289e+00
3.833585500717163086e+00
3.833585500717163086e+00
3.833585500717163086e+00
3.833585977554321289e+00
3.833585977554321289e+00
3.833585977554321289e+00
3.833585977554321289e+00
3.833585977554321289e+00
3.833585500717163086e+00
3.833585500717163086e+00
3.833585500717163086e+00
3.833585977554321289e+00
3.833585977554321289e+00
3.833585977554321289e+00
3.833585977554321289e+00
3.833585977554321289e+00
3.833585500717163086e+00
3.833585500717163086e+00
3.833585500717163086e+00
3.833585977554321289e+00
3.833585977554321289e+00
3.833585977554321289e+00
3.833585977554321289e+00
3.833585500717163086e+00
3.833585500717163086e+00
3.833585500717163086e+00
3.833585500717163086e+00
3.833585977554321289e+00
3.833585977554321289e+00
3.833585977554321289e+00
3.833585977554321289e+00
3.833585500717163086e+00
3.833585500717163086e+00
3.833585500717163086e+00
3.833585500717163086e+00
3.833585977554321289e+00
3.833585977554321289e+00
3.833585977554321289e+00
3.833585977554321289e+00
3.833585500717163086e+00
3.833585500717163086e+00
3.833585500717163086e+00
3.833585500717163086e+00
3.833585977554321289e+00
3.833585977554321289e+00
3.833585977554321289e+00
3.833585977554321289e+00
3.833585500717163086e+00
3.833585500717163086e+00
3.833585500717163086e+00
3.833585500717163086e+00
3.833585500717163086e+00
3.833585977554321289e+00
3.833585977554321289e+00
3.833585977554321289e+00
3.833585500717163086e+00
3.833585500717163086e+00
3.833585500717163086e+00
3.833585500717163086e+00
3.833585500717163086e+00
3.833585977554321289e+00
3.833585977554321289e+00
3.833585977554321289e+00
3.833585500717163086e+00
3.833585500717163086e+00
3.833585500717163086e+00
3.833585500717163086e+00
3.833585500717163086e+00
3.833585977554321289e+00
3.833585977554321289e+00
3.833585977554321289e+00
3.833585500717163086e+00
3.833585500717163086e+00
3.833585500717163086e+00
3.833585500717163086e+00
3.833585500717163086e+00
3.833585977554321289e+00
3.833585977554321289e+00
3.833585977554321289e+00
3.833585500717163086e+00
3.833585500717163086e+00
3.833585500717163086e+00
3.833585500717163086e+00
3.833585500717163086e+00
3.833585977554321289e+00
3.833585977554321289e+00
3.833585977554321289e+00
3.833585500717163086e+00
3.833585500717163086e+00
3.833585500717163086e+00
3.833585500717163086e+00
3.833585500717163086e+00
3.833585977554321289e+00
3.833585977554321289e+00
3.833585977554321289e+00
3.833585500717163086e+00
3.833585500717163086e+00
3.833585500717163086e+00
3.833585500717163086e+00
3.833585500717163086e+00
3.833585977554321289e+00
3.833585977554321289e+00
3.833585977554321289e+00
3.833585500717163086e+00
3.833585500717163086e+00
3.833585500717163086e+00
3.833585500717163086e+00
3.833585500717163086e+00
3.833585977554321289e+00
3.833585977554321289e+00
3.833585977554321289e+00
3.833585500717163086e+00
3.833585500717163086e+00
3.833585500717163086e+00
3.833585500717163086e+00
3.833585500717163086e+00
3.833585977554321289e+00
3.833585977554321289e+00
3.833585977554321289e+00
3.833585500717163086e+00
3.833585500717163086e+00
3.833585500717163086e+00
3.833585500717163086e+00
3.833585500717163086e+00
3.833585977554321289e+00
3.833585977554321289e+00
3.833585977554321289e+00
3.833585500717163086e+00
3.833585500717163086e+00
3.833585500717163086e+00
3.833585500717163086e+00
3.833585500717163086e+00
3.833585977554321289e+00
3.833585977554321289e+00
3.833585977554321289e+00
3.833585500717163086e+00
3.833585500717163086e+00
3.833585500717163086e+00
3.833585500717163086e+00
3.833585500717163086e+00
3.833585977554321289e+00
3.833585977554321289e+00
3.833585977554321289e+00
3.833585500717163086e+00
3.833585500717163086e+00
3.833585500717163086e+00
3.833585500717163086e+00
3.833585500717163086e+00
3.833585977554321289e+00
3.833585977554321289e+00
3.833585977554321289e+00
3.833585500717163086e+00
3.833585500717163086e+00
3.833585500717163086e+00
3.833585500717163086e+00
3.833585500717163086e+00
3.833585977554321289e+00
3.833585977554321289e+00
3.833585977554321289e+00
3.833585500717163086e+00
3.833585500717163086e+00
3.833585500717163086e+00
3.833585500717163086e+00
3.833585500717163086e+00
3.833585977554321289e+00
3.833585977554321289e+00
3.833585977554321289e+00
3.833585500717163086e+00
3.833585023880004883e+00
3.833585023880004883e+00
3.833585023880004883e+00
3.833585023880004883e+00
3.833585977554321289e+00
3.833585977554321289e+00
3.833585977554321289e+00
3.833585023880004883e+00
3.833585023880004883e+00
3.833585023880004883e+00
3.833585023880004883e+00
3.833585023880004883e+00
3.833585977554321289e+00
3.833585977554321289e+00
3.833585500717163086e+00
3.833585023880004883e+00
3.833585023880004883e+00
3.833585023880004883e+00
3.833585023880004883e+00
3.833585023880004883e+00
3.833585500717163086e+00
3.833585500717163086e+00
3.833585500717163086e+00
3.833585023880004883e+00
3.833585023880004883e+00
3.833585023880004883e+00
3.833585023880004883e+00
3.833585023880004883e+00
3.833585500717163086e+00
3.833585500717163086e+00
3.833585500717163086e+00
3.833585023880004883e+00
3.833585023880004883e+00
3.833585023880004883e+00
3.833585023880004883e+00
3.833585023880004883e+00
3.833585500717163086e+00
3.833585500717163086e+00
3.833585500717163086e+00
3.833585023880004883e+00
3.833585023880004883e+00
3.833585023880004883e+00
3.833585023880004883e+00
3.833585023880004883e+00
3.833585500717163086e+00
3.833585500717163086e+00
3.833585500717163086e+00
3.833585023880004883e+00
3.833585023880004883e+00
3.833585023880004883e+00
3.833585023880004883e+00
3.833585023880004883e+00
3.833585023880004883e+00
3.833585023880004883e+00
3.833585023880004883e+00
3.833585023880004883e+00
3.833585023880004883e+00
3.833585023880004883e+00
3.833585023880004883e+00
3.833585023880004883e+00
3.833585023880004883e+00
3.833585023880004883e+00
3.833585023880004883e+00
3.833585023880004883e+00
3.833585023880004883e+00
3.833585023880004883e+00
3.833585023880004883e+00
3.833585023880004883e+00
3.833585023880004883e+00
3.833585023880004883e+00
3.833585023880004883e+00
3.833585023880004883e+00
3.833585023880004883e+00
3.833585023880004883e+00
3.833585023880004883e+00
3.833585023880004883e+00
3.833585023880004883e+00
3.833585023880004883e+00
3.833585023880004883e+00
3.833585023880004883e+00
3.833585023880004883e+00
3.833585023880004883e+00
3.833585023880004883e+00
3.833585023880004883e+00
3.833585023880004883e+00
3.833585023880004883e+00
3.833585023880004883e+00
3.833585023880004883e+00
3.833585023880004883e+00
3.833585023880004883e+00
3.833585023880004883e+00
3.833585023880004883e+00
3.833585023880004883e+00
3.833585023880004883e+00
3.833585023880004883e+00
3.833585023880004883e+00
3.833585023880004883e+00
3.833585023880004883e+00
3.833585023880004883e+00
3.833585023880004883e+00
3.833585023880004883e+00
3.833585023880004883e+00
3.833585023880004883e+00
3.833585023880004883e+00
3.833585023880004883e+00
3.833585023880004883e+00
3.833585023880004883e+00
3.833585023880004883e+00
3.833585500717163086e+00
3.833585500717163086e+00
3.833585500717163086e+00
3.833585023880004883e+00
3.833585023880004883e+00
3.833585023880004883e+00
3.833585023880004883e+00
3.833585023880004883e+00
3.833585023880004883e+00
3.833585023880004883e+00
3.833585023880004883e+00
3.833585023880004883e+00
3.833585023880004883e+00
3.833585023880004883e+00
3.833585023880004883e+00
3.833585023880004883e+00
3.833585023880004883e+00
3.833585023880004883e+00
3.833585023880004883e+00
3.833585023880004883e+00
3.833585023880004883e+00
3.833585023880004883e+00
3.833585500717163086e+00
3.833585500717163086e+00
3.833585500717163086e+00
3.833585023880004883e+00
3.833585023880004883e+00
3.833585023880004883e+00
3.833585023880004883e+00
3.833585500717163086e+00
3.833585500717163086e+00
3.833585023880004883e+00
3.833585023880004883e+00
3.833585023880004883e+00
3.833585500717163086e+00
3.833585500717163086e+00
3.833585023880004883e+00
3.833585023880004883e+00
3.833585023880004883e+00
3.833585023880004883e+00
3.833585500717163086e+00
3.833585500717163086e+00
3.833585500717163086e+00
3.833585023880004883e+00
3.833585023880004883e+00
3.833585023880004883e+00
3.833585023880004883e+00
3.833585023880004883e+00
3.833585023880004883e+00
3.833585500717163086e+00
3.833585023880004883e+00
3.833585023880004883e+00
3.833585023880004883e+00
3.833585023880004883e+00
3.833585023880004883e+00
3.833585023880004883e+00
3.833585023880004883e+00
3.833585023880004883e+00
3.833585023880004883e+00
3.833584547042846680e+00
3.833584547042846680e+00
3.833584547042846680e+00
3.833584547042846680e+00
3.833584547042846680e+00
3.833584547042846680e+00
3.833584547042846680e+00
3.833584547042846680e+00
3.833584547042846680e+00
3.833584547042846680e+00
3.833584547042846680e+00
3.833584547042846680e+00
3.833584547042846680e+00
3.833584547042846680e+00
3.833584547042846680e+00
3.833584547042846680e+00
3.833584547042846680e+00
3.833584547042846680e+00
3.833584547042846680e+00
3.833584547042846680e+00
3.833584547042846680e+00
3.833584547042846680e+00
3.833584547042846680e+00
3.833584547042846680e+00
3.833584547042846680e+00
3.833584547042846680e+00
3.833584547042846680e+00
3.833584547042846680e+00
3.833584547042846680e+00
3.833584547042846680e+00
3.833584547042846680e+00
3.833584547042846680e+00
3.833584547042846680e+00
3.833584547042846680e+00
3.833584547042846680e+00
3.833584547042846680e+00
3.833584547042846680e+00
3.833584547042846680e+00
3.833584547042846680e+00
3.833584547042846680e+00
3.833584070205688477e+00
3.833584070205688477e+00
3.833584070205688477e+00
3.833584070205688477e+00
3.833584070205688477e+00
3.833584070205688477e+00
3.833584070205688477e+00
3.833584070205688477e+00
3.833584070205688477e+00
3.833584070205688477e+00
3.833584070205688477e+00
3.833584070205688477e+00
