1.563844149919088640e+17
6.538236016145203200e+16
2.013988762995916800e+16
2.658354438602752000e+15
3.194383268577280000e+14
4.739436818464768000e+15
1.076539028825702400e+16
1.560986214255820800e+16
1.812336182978150400e+16
1.820316876459212800e+16
1.633270084350771200e+16
1.324368949726412800e+16
9.685325198655488000e+15
6.283172081827840000e+15
3.471918149664768000e+15
1.480636825075712000e+15
3.550811867054080000e+14
5.508783144960000000e+11
2.332731123957760000e+14
8.304162903162880000e+14
1.572416518094848000e+15
2.273866550345728000e+15
2.801949422387200000e+15
3.082855047495680000e+15
3.098602008215552000e+15
2.876460394086400000e+15
2.475080936325120000e+15
1.968818645630976000e+15
1.433813360050176000e+15
9.364231296122880000e+14
5.259121351720960000e+14
2.307946478305280000e+14
5.891222509977600000e+13
4.101804523520000000e+11
3.250098431590400000e+13
1.250987910103040000e+14
2.463810170388480000e+14
3.674074744094720000e+14
4.655694217216000000e+14
5.263614290165760000e+14
5.438273497333760000e+14
5.196171224023040000e+14
4.613088812728320000e+14
3.801658425344000000e+14
2.887782330531840000e+14
1.990980743987200000e+14
1.208291824762880000e+14
6.050401799372800000e+13
2.113121393049600000e+13
2.440861057024000000e+12
1.508604510208000000e+12
1.365351229030400000e+13
3.340133780684800000e+13
5.537290780672000000e+13
7.502842298368000000e+13
8.909081699942400000e+13
9.578642774425600000e+13
9.479798967500800000e+13
8.701368860672000000e+13
7.417161056256000000e+13
5.846681937510400000e+13
4.212284981248000000e+13
2.710411254169600000e+13
1.486056587264000000e+13
6.216559886336000000e+12
1.376850804736000000e+12
3.582222080000000000e+09
1.365255520256000000e+12
4.507295547392000000e+12
8.428428197888000000e+12
1.222633953689600000e+13
1.520614087065600000e+13
1.693286032998400000e+13
1.725587626393600000e+13
1.625686645145600000e+13
1.420881926553600000e+13
1.149482880204800000e+13
8.527734636544000000e+12
5.692624732160000000e+12
3.290004193280000000e+12
1.511785496576000000e+12
4.307926056960000000e+11
1.321709670400000000e+10
1.423093760000000000e+11
6.495265095680000000e+11
1.349558206464000000e+12
2.066515099648000000e+12
2.660751114240000000e+12
3.038246076416000000e+12
3.157696970752000000e+12
3.025371922432000000e+12
2.684884090880000000e+12
2.204144500736000000e+12
1.660861677568000000e+12
1.129681256448000000e+12
6.697693347840000000e+11
3.203808296960000000e+11
1.005940736000000000e+11
6.505801216000000000e+09
1.846720921600000000e+10
1.057498808320000000e+11
2.335481692160000000e+11
3.685679104000000000e+11
4.827471216640000000e+11
5.579427676160000000e+11
5.841569054720000000e+11
5.636647813120000000e+11
5.026629222400000000e+11
4.144188948480000000e+11
3.132789882880000000e+11
2.134245048320000000e+11
1.265973739520000000e+11
6.073695436800000000e+10
1.904885555200000000e+10
1.228178816000000000e+09
3.529792256000000000e+09
2.009069772800000000e+10
4.439636787200000000e+10
6.978297856000000000e+10
9.134288076800000000e+10
1.049754910720000000e+11
1.098167009280000000e+11
1.052941844480000000e+11
9.336619008000000000e+10
7.637229568000000000e+10
5.719908352000000000e+10
3.847879475200000000e+10
2.231966515200000000e+10
1.024851865600000000e+10
2.917835776000000000e+09
8.310840000000000000e+07
9.947798400000000000e+08
4.462451712000000000e+09
9.241658368000000000e+09
1.402132070400000000e+10
1.797676851200000000e+10
2.030309376000000000e+10
2.073465446400000000e+10
1.960171110400000000e+10
1.717678284800000000e+10
1.379402547200000000e+10
1.012243148800000000e+10
6.572048384000000000e+09
3.629586176000000000e+09
1.539155968000000000e+09
3.440887360000000000e+08
1.075042375000000000e+06
3.297360320000000000e+08
1.105466624000000000e+09
2.081811712000000000e+09
2.949774336000000000e+09
3.621204224000000000e+09
3.975251712000000000e+09
3.975251712000000000e+09
3.644433664000000000e+09
3.125571328000000000e+09
2.418163456000000000e+09
1.680438528000000000e+09
1.053471680000000000e+09
5.429545600000000000e+08
2.018534400000000000e+08
2.978117200000000000e+07
8.256922500000000000e+06
1.112489920000000000e+08
2.781606400000000000e+08
4.518451840000000000e+08
6.325162880000000000e+08
7.687584640000000000e+08
7.836852480000000000e+08
7.804739840000000000e+08
6.888504960000000000e+08
5.668874240000000000e+08
4.040749440000000000e+08
2.585080800000000000e+08
1.424567040000000000e+08
6.114927600000000000e+07
1.487381100000000000e+07
1.522385000000000000e+05
1.747866600000000000e+07
5.220660800000000000e+07
9.364576800000000000e+07
1.267043520000000000e+08
1.431404800000000000e+08
1.444763680000000000e+08
1.445496640000000000e+08
1.404102400000000000e+08
1.193613040000000000e+08
9.426629600000000000e+07
6.762568000000000000e+07
4.102827200000000000e+07
2.292494000000000000e+07
1.006159800000000000e+07
2.457178250000000000e+06
1.905000000000000000e+02
2.307882500000000000e+06
7.657145500000000000e+06
1.654300900000000000e+07
2.043439400000000000e+07
2.289422000000000000e+07
2.337303200000000000e+07
2.340909400000000000e+07
2.310040000000000000e+07
2.283757600000000000e+07
2.124291800000000000e+07
1.803960600000000000e+07
1.482295900000000000e+07
1.236410700000000000e+07
9.788550000000000000e+06
7.979862000000000000e+06
3.843378250000000000e+06
2.043606375000000000e+06
1.269678625000000000e+06
3.147545000000000000e+05
1.979849804687500000e+04
7.062650000000000000e+04
3.829024687500000000e+05
5.172345312500000000e+05
6.109905000000000000e+05
8.785144375000000000e+05
1.134478500000000000e+06
1.082810500000000000e+06
1.153318375000000000e+06
1.153318375000000000e+06
1.153318375000000000e+06
1.153318375000000000e+06
1.153318375000000000e+06
1.153318375000000000e+06
1.050626500000000000e+06
1.082810500000000000e+06
1.134478500000000000e+06
1.134478500000000000e+06
1.032658500000000000e+06
7.780425625000000000e+05
6.814745625000000000e+05
5.172345312500000000e+05
5.022185000000000000e+05
4.204025000000000000e+05
3.109625312500000000e+05
2.003224843750000000e+05
1.743905000000000000e+05
1.199385000000000000e+05
8.743850000000000000e+04
5.680250000000000000e+04
2.571050000000000000e+04
1.881850195312500000e+04
6.862500488281250000e+03
2.994499755859375000e+03
2.390499755859375000e+03
2.322500000000000000e+03
2.322500000000000000e+03
7.745000000000000000e+02
7.745000000000000000e+02
7.745000000000000000e+02
7.745000000000000000e+02
7.745000000000000000e+02
6.650000762939453125e+01
2.105000000000000000e+02
2.105000000000000000e+02
2.105000000000000000e+02
2.105000000000000000e+02
2.105000000000000000e+02
2.105000000000000000e+02
2.105000000000000000e+02
2.105000000000000000e+02
2.105000000000000000e+02
2.105000000000000000e+02
2.105000000000000000e+02
2.105000000000000000e+02
2.105000000000000000e+02
2.105000000000000000e+02
2.105000000000000000e+02
2.105000000000000000e+02
2.105000000000000000e+02
2.105000000000000000e+02
2.105000000000000000e+02
2.105000000000000000e+02
2.105000000000000000e+02
2.105000000000000000e+02
2.105000000000000000e+02
2.105000000000000000e+02
2.105000000000000000e+02
2.105000000000000000e+02
2.105000000000000000e+02
2.105000000000000000e+02
2.105000000000000000e+02
2.105000000000000000e+02
2.105000000000000000e+02
2.105000000000000000e+02
2.105000000000000000e+02
2.105000000000000000e+02
2.105000000000000000e+02
2.105000000000000000e+02
2.105000000000000000e+02
2.105000000000000000e+02
2.105000000000000000e+02
2.105000000000000000e+02
2.105000000000000000e+02
2.105000000000000000e+02
2.105000000000000000e+02
2.105000000000000000e+02
2.105000000000000000e+02
2.105000000000000000e+02
2.105000000000000000e+02
2.105000000000000000e+02
2.105000000000000000e+02
2.105000000000000000e+02
2.105000000000000000e+02
2.105000000000000000e+02
2.105000000000000000e+02
2.105000000000000000e+02
2.105000000000000000e+02
2.105000000000000000e+02
2.105000000000000000e+02
2.105000000000000000e+02
2.105000000000000000e+02
2.105000000000000000e+02
2.105000000000000000e+02
2.105000000000000000e+02
2.105000000000000000e+02
2.105000000000000000e+02
2.105000000000000000e+02
2.105000000000000000e+02
2.105000000000000000e+02
2.105000000000000000e+02
2.105000000000000000e+02
2.105000000000000000e+02
2.105000000000000000e+02
2.105000000000000000e+02
2.105000000000000000e+02
2.105000000000000000e+02
2.105000000000000000e+02
2.105000000000000000e+02
2.105000000000000000e+02
2.105000000000000000e+02
2.105000000000000000e+02
2.105000000000000000e+02
2.105000000000000000e+02
2.105000000000000000e+02
2.105000000000000000e+02
2.105000000000000000e+02
2.105000000000000000e+02
2.105000000000000000e+02
2.105000000000000000e+02
2.105000000000000000e+02
2.105000000000000000e+02
2.105000000000000000e+02
2.105000000000000000e+02
2.105000000000000000e+02
2.105000000000000000e+02
2.105000000000000000e+02
2.105000000000000000e+02
2.105000000000000000e+02
2.105000000000000000e+02
2.105000000000000000e+02
1.206500122070312500e+03
1.206500122070312500e+03
1.206500122070312500e+03
1.206500122070312500e+03
1.206500122070312500e+03
1.206500122070312500e+03
1.206500122070312500e+03
1.206500122070312500e+03
1.206500122070312500e+03
1.206500122070312500e+03
1.206500122070312500e+03
1.206500122070312500e+03
1.206500122070312500e+03
1.206500122070312500e+03
1.206500122070312500e+03
1.206500122070312500e+03
1.206500122070312500e+03
1.206500122070312500e+03
1.206500122070312500e+03
1.206500122070312500e+03
1.206500122070312500e+03
1.206500122070312500e+03
1.206500122070312500e+03
1.206500122070312500e+03
1.206500122070312500e+03
1.206500122070312500e+03
1.206500122070312500e+03
1.206500122070312500e+03
1.206500122070312500e+03
1.206500122070312500e+03
1.206500122070312500e+03
1.206500122070312500e+03
1.206500122070312500e+03
1.206500122070312500e+03
1.206500122070312500e+03
7.745000000000000000e+02
7.745000000000000000e+02
7.745000000000000000e+02
7.745000000000000000e+02
7.745000000000000000e+02
7.745000000000000000e+02
7.745000000000000000e+02
7.745000000000000000e+02
7.745000000000000000e+02
7.745000000000000000e+02
7.745000000000000000e+02
7.745000000000000000e+02
7.745000000000000000e+02
7.745000000000000000e+02
7.745000000000000000e+02
7.745000000000000000e+02
7.745000000000000000e+02
7.745000000000000000e+02
7.745000000000000000e+02
7.745000000000000000e+02
7.745000000000000000e+02
7.745000000000000000e+02
2.022500000000000000e+03
2.022500000000000000e+03
2.022500000000000000e+03
2.022500000000000000e+03
2.022500000000000000e+03
2.022500000000000000e+03
2.022500000000000000e+03
2.022500000000000000e+03
2.022500000000000000e+03
2.022500000000000000e+03
7.745000000000000000e+02
7.745000000000000000e+02
7.745000000000000000e+02
7.745000000000000000e+02
7.745000000000000000e+02
7.745000000000000000e+02
7.745000000000000000e+02
7.745000000000000000e+02
7.745000000000000000e+02
7.745000000000000000e+02
7.745000000000000000e+02
2.022500000000000000e+03
2.022500000000000000e+03
2.022500000000000000e+03
2.022500000000000000e+03
2.022500000000000000e+03
7.745000000000000000e+02
7.745000000000000000e+02
7.745000000000000000e+02
7.745000000000000000e+02
7.745000000000000000e+02
7.745000000000000000e+02
7.745000000000000000e+02
2.022500000000000000e+03
2.022500000000000000e+03
2.022500000000000000e+03
2.022500000000000000e+03
7.745000000000000000e+02
7.745000000000000000e+02
7.745000000000000000e+02
7.745000000000000000e+02
7.745000000000000000e+02
7.745000000000000000e+02
2.022500000000000000e+03
2.022500000000000000e+03
2.022500000000000000e+03
2.022500000000000000e+03
7.745000000000000000e+02
7.745000000000000000e+02
7.745000000000000000e+02
7.745000000000000000e+02
7.745000000000000000e+02
7.745000000000000000e+02
2.022500000000000000e+03
2.022500000000000000e+03
2.022500000000000000e+03
2.022500000000000000e+03
7.745000000000000000e+02
7.745000000000000000e+02
7.745000000000000000e+02
7.745000000000000000e+02
7.745000000000000000e+02
7.745000000000000000e+02
7.745000000000000000e+02
2.022500000000000000e+03
2.022500000000000000e+03
2.022500000000000000e+03
2.022500000000000000e+03
7.745000000000000000e+02
7.745000000000000000e+02
7.745000000000000000e+02
7.745000000000000000e+02
7.745000000000000000e+02
7.745000000000000000e+02
2.022500000000000000e+03
2.022500000000000000e+03
2.022500000000000000e+03
2.022500000000000000e+03
7.745000000000000000e+02
7.745000000000000000e+02
7.745000000000000000e+02
7.745000000000000000e+02
7.745000000000000000e+02
7.745000000000000000e+02
2.022500000000000000e+03
2.022500000000000000e+03
2.022500000000000000e+03
2.022500000000000000e+03
7.745000000000000000e+02
7.745000000000000000e+02
7.745000000000000000e+02
7.745000000000000000e+02
7.745000000000000000e+02
7.745000000000000000e+02
2.022500000000000000e+03
2.022500000000000000e+03
2.022500000000000000e+03
2.022500000000000000e+03
7.745000000000000000e+02
7.745000000000000000e+02
7.745000000000000000e+02
7.745000000000000000e+02
7.745000000000000000e+02
7.745000000000000000e+02
2.022500000000000000e+03
2.022500000000000000e+03
2.022500000000000000e+03
2.022500000000000000e+03
7.745000000000000000e+02
7.745000000000000000e+02
7.745000000000000000e+02
7.745000000000000000e+02
7.745000000000000000e+02
7.745000000000000000e+02
2.022500000000000000e+03
2.022500000000000000e+03
2.022500000000000000e+03
2.022500000000000000e+03
7.745000000000000000e+02
7.745000000000000000e+02
7.745000000000000000e+02
7.745000000000000000e+02
7.745000000000000000e+02
7.745000000000000000e+02
2.022500000000000000e+03
2.022500000000000000e+03
2.022500000000000000e+03
2.022500000000000000e+03
7.745000000000000000e+02
7.745000000000000000e+02
7.745000000000000000e+02
7.745000000000000000e+02
7.745000000000000000e+02
7.745000000000000000e+02
2.022500000000000000e+03
2.022500000000000000e+03
2.022500000000000000e+03
7.745000000000000000e+02
7.745000000000000000e+02
7.745000000000000000e+02
7.745000000000000000e+02
7.745000000000000000e+02
2.022500000000000000e+03
2.022500000000000000e+03
2.022500000000000000e+03
7.745000000000000000e+02
7.745000000000000000e+02
7.745000000000000000e+02
7.745000000000000000e+02
7.745000000000000000e+02
2.022500000000000000e+03
2.022500000000000000e+03
2.022500000000000000e+03
7.745000000000000000e+02
7.745000000000000000e+02
7.745000000000000000e+02
7.745000000000000000e+02
7.745000000000000000e+02
2.022500000000000000e+03
2.022500000000000000e+03
2.022500000000000000e+03
7.745000000000000000e+02
7.745000000000000000e+02
7.745000000000000000e+02
7.745000000000000000e+02
7.745000000000000000e+02
2.022500000000000000e+03
2.022500000000000000e+03
2.022500000000000000e+03
7.745000000000000000e+02
7.745000000000000000e+02
7.745000000000000000e+02
7.745000000000000000e+02
7.745000000000000000e+02
2.022500000000000000e+03
2.022500000000000000e+03
2.022500000000000000e+03
7.745000000000000000e+02
7.745000000000000000e+02
7.745000000000000000e+02
7.745000000000000000e+02
7.745000000000000000e+02
2.022500000000000000e+03
2.022500000000000000e+03
2.022500000000000000e+03
7.745000000000000000e+02
7.745000000000000000e+02
7.745000000000000000e+02
7.745000000000000000e+02
7.745000000000000000e+02
2.022500000000000000e+03
2.022500000000000000e+03
2.022500000000000000e+03
7.745000000000000000e+02
7.745000000000000000e+02
7.745000000000000000e+02
7.745000000000000000e+02
7.745000000000000000e+02
2.022500000000000000e+03
2.022500000000000000e+03
2.022500000000000000e+03
7.745000000000000000e+02
7.745000000000000000e+02
7.745000000000000000e+02
7.745000000000000000e+02
7.745000000000000000e+02
2.022500000000000000e+03
2.022500000000000000e+03
2.022500000000000000e+03
7.745000000000000000e+02
7.745000000000000000e+02
7.745000000000000000e+02
7.745000000000000000e+02
7.745000000000000000e+02
2.022500000000000000e+03
2.022500000000000000e+03
2.022500000000000000e+03
7.745000000000000000e+02
7.745000000000000000e+02
7.745000000000000000e+02
7.745000000000000000e+02
7.745000000000000000e+02
2.022500000000000000e+03
2.022500000000000000e+03
2.022500000000000000e+03
7.745000000000000000e+02
7.745000000000000000e+02
7.745000000000000000e+02
7.745000000000000000e+02
7.745000000000000000e+02
2.022500000000000000e+03
2.022500000000000000e+03
2.022500000000000000e+03
7.745000000000000000e+02
7.745000000000000000e+02
7.745000000000000000e+02
7.745000000000000000e+02
7.745000000000000000e+02
2.022500000000000000e+03
2.022500000000000000e+03
2.022500000000000000e+03
7.745000000000000000e+02
7.745000000000000000e+02
7.745000000000000000e+02
7.745000000000000000e+02
7.745000000000000000e+02
2.022500000000000000e+03
2.022500000000000000e+03
2.022500000000000000e+03
7.745000000000000000e+02
7.745000000000000000e+02
7.745000000000000000e+02
7.745000000000000000e+02
7.745000000000000000e+02
2.022500000000000000e+03
2.022500000000000000e+03
2.022500000000000000e+03
7.745000000000000000e+02
7.745000000000000000e+02
7.745000000000000000e+02
7.745000000000000000e+02
7.745000000000000000e+02
2.022500000000000000e+03
2.022500000000000000e+03
2.022500000000000000e+03
7.745000000000000000e+02
7.745000000000000000e+02
7.745000000000000000e+02
7.745000000000000000e+02
7.745000000000000000e+02
2.022500000000000000e+03
2.022500000000000000e+03
2.022500000000000000e+03
7.745000000000000000e+02
7.745000000000000000e+02
7.745000000000000000e+02
7.745000000000000000e+02
7.745000000000000000e+02
2.022500000000000000e+03
2.022500000000000000e+03
2.022500000000000000e+03
7.745000000000000000e+02
7.745000000000000000e+02
7.745000000000000000e+02
7.745000000000000000e+02
7.745000000000000000e+02
2.022500000000000000e+03
2.022500000000000000e+03
2.022500000000000000e+03
7.745000000000000000e+02
7.745000000000000000e+02
7.745000000000000000e+02
7.745000000000000000e+02
7.745000000000000000e+02
2.022500000000000000e+03
2.022500000000000000e+03
2.022500000000000000e+03
7.745000000000000000e+02
7.745000000000000000e+02
7.745000000000000000e+02
7.745000000000000000e+02
7.745000000000000000e+02
2.022500000000000000e+03
2.022500000000000000e+03
2.022500000000000000e+03
7.745000000000000000e+02
7.745000000000000000e+02
7.745000000000000000e+02
7.745000000000000000e+02
7.745000000000000000e+02
2.022500000000000000e+03
2.022500000000000000e+03
2.022500000000000000e+03
7.745000000000000000e+02
7.745000000000000000e+02
7.745000000000000000e+02
7.745000000000000000e+02
7.745000000000000000e+02
2.022500000000000000e+03
2.022500000000000000e+03
2.022500000000000000e+03
7.745000000000000000e+02
7.745000000000000000e+02
7.745000000000000000e+02
7.745000000000000000e+02
7.745000000000000000e+02
2.022500000000000000e+03
2.022500000000000000e+03
2.022500000000000000e+03
7.745000000000000000e+02
7.745000000000000000e+02
7.745000000000000000e+02
7.745000000000000000e+02
7.745000000000000000e+02
2.022500000000000000e+03
2.022500000000000000e+03
2.022500000000000000e+03
7.745000000000000000e+02
7.745000000000000000e+02
7.745000000000000000e+02
7.745000000000000000e+02
7.745000000000000000e+02
2.022500000000000000e+03
2.022500000000000000e+03
2.022500000000000000e+03
7.745000000000000000e+02
7.745000000000000000e+02
7.745000000000000000e+02
7.745000000000000000e+02
7.745000000000000000e+02
2.022500000000000000e+03
2.022500000000000000e+03
2.022500000000000000e+03
7.745000000000000000e+02
7.745000000000000000e+02
7.745000000000000000e+02
7.745000000000000000e+02
7.745000000000000000e+02
2.022500000000000000e+03
2.022500000000000000e+03
2.022500000000000000e+03
7.745000000000000000e+02
7.745000000000000000e+02
7.745000000000000000e+02
7.745000000000000000e+02
7.745000000000000000e+02
2.022500000000000000e+03
2.022500000000000000e+03
2.022500000000000000e+03
7.745000000000000000e+02
7.745000000000000000e+02
7.745000000000000000e+02
7.745000000000000000e+02
7.745000000000000000e+02
2.022500000000000000e+03
2.022500000000000000e+03
2.022500000000000000e+03
7.745000000000000000e+02
7.745000000000000000e+02
7.745000000000000000e+02
7.745000000000000000e+02
7.745000000000000000e+02
2.022500000000000000e+03
2.022500000000000000e+03
2.022500000000000000e+03
7.745000000000000000e+02
7.745000000000000000e+02
7.745000000000000000e+02
7.745000000000000000e+02
7.745000000000000000e+02
2.022500000000000000e+03
2.022500000000000000e+03
2.022500000000000000e+03
7.745000000000000000e+02
7.745000000000000000e+02
7.745000000000000000e+02
7.745000000000000000e+02
7.745000000000000000e+02
2.022500000000000000e+03
2.022500000000000000e+03
2.022500000000000000e+03
7.745000000000000000e+02
7.745000000000000000e+02
7.745000000000000000e+02
7.745000000000000000e+02
7.745000000000000000e+02
2.022500000000000000e+03
2.022500000000000000e+03
2.022500000000000000e+03
7.745000000000000000e+02
7.745000000000000000e+02
7.745000000000000000e+02
7.745000000000000000e+02
7.745000000000000000e+02
2.022500000000000000e+03
2.022500000000000000e+03
2.022500000000000000e+03
7.745000000000000000e+02
7.745000000000000000e+02
7.745000000000000000e+02
7.745000000000000000e+02
7.745000000000000000e+02
2.022500000000000000e+03
2.022500000000000000e+03
2.022500000000000000e+03
7.745000000000000000e+02
7.745000000000000000e+02
7.745000000000000000e+02
7.745000000000000000e+02
7.745000000000000000e+02
2.022500000000000000e+03
2.022500000000000000e+03
2.022500000000000000e+03
7.745000000000000000e+02
7.745000000000000000e+02
7.745000000000000000e+02
7.745000000000000000e+02
7.745000000000000000e+02
2.022500000000000000e+03
2.022500000000000000e+03
2.022500000000000000e+03
7.745000000000000000e+02
7.745000000000000000e+02
7.745000000000000000e+02
7.745000000000000000e+02
7.745000000000000000e+02
2.022500000000000000e+03
2.022500000000000000e+03
2.022500000000000000e+03
7.745000000000000000e+02
7.745000000000000000e+02
7.745000000000000000e+02
7.745000000000000000e+02
7.745000000000000000e+02
2.022500000000000000e+03
2.022500000000000000e+03
2.022500000000000000e+03
7.745000000000000000e+02
7.745000000000000000e+02
7.745000000000000000e+02
7.745000000000000000e+02
7.745000000000000000e+02
2.022500000000000000e+03
2.022500000000000000e+03
2.022500000000000000e+03
7.745000000000000000e+02
7.745000000000000000e+02
7.745000000000000000e+02
7.745000000000000000e+02
2.022500000000000000e+03
2.022500000000000000e+03
2.022500000000000000e+03
7.745000000000000000e+02
7.745000000000000000e+02
7.745000000000000000e+02
7.745000000000000000e+02
7.745000000000000000e+02
7.745000000000000000e+02
2.022500000000000000e+03
2.022500000000000000e+03
2.022500000000000000e+03
7.745000000000000000e+02
7.745000000000000000e+02
7.745000000000000000e+02
7.745000000000000000e+02
2.022500000000000000e+03
2.022500000000000000e+03
2.022500000000000000e+03
7.745000000000000000e+02
7.745000000000000000e+02
7.745000000000000000e+02
7.745000000000000000e+02
7.745000000000000000e+02
2.022500000000000000e+03
2.022500000000000000e+03
2.022500000000000000e+03
7.745000000000000000e+02
7.745000000000000000e+02
7.745000000000000000e+02
7.745000000000000000e+02
7.745000000000000000e+02
2.022500000000000000e+03
2.022500000000000000e+03
2.022500000000000000e+03
7.745000000000000000e+02
7.745000000000000000e+02
7.745000000000000000e+02
7.745000000000000000e+02
2.022500000000000000e+03
2.022500000000000000e+03
2.022500000000000000e+03
7.745000000000000000e+02
7.745000000000000000e+02
7.745000000000000000e+02
7.745000000000000000e+02
7.745000000000000000e+02
7.745000000000000000e+02
2.022500000000000000e+03
2.022500000000000000e+03
2.022500000000000000e+03
7.745000000000000000e+02
7.745000000000000000e+02
7.745000000000000000e+02
7.745000000000000000e+02
2.022500000000000000e+03
2.022500000000000000e+03
2.022500000000000000e+03
7.745000000000000000e+02
7.745000000000000000e+02
7.745000000000000000e+02
7.745000000000000000e+02
7.745000000000000000e+02
2.022500000000000000e+03
2.022500000000000000e+03
2.022500000000000000e+03
7.745000000000000000e+02
7.745000000000000000e+02
7.745000000000000000e+02
7.745000000000000000e+02
2.022500000000000000e+03
2.022500000000000000e+03
7.745000000000000000e+02
7.745000000000000000e+02
7.745000000000000000e+02
7.745000000000000000e+02
2.022500000000000000e+03
2.022500000000000000e+03
2.022500000000000000e+03
7.745000000000000000e+02
7.745000000000000000e+02
7.745000000000000000e+02
7.745000000000000000e+02
7.745000000000000000e+02
2.022500000000000000e+03
2.022500000000000000e+03
2.022500000000000000e+03
7.745000000000000000e+02
7.745000000000000000e+02
7.745000000000000000e+02
7.745000000000000000e+02
2.022500000000000000e+03
2.022500000000000000e+03
7.745000000000000000e+02
7.745000000000000000e+02
7.745000000000000000e+02
7.745000000000000000e+02
2.022500000000000000e+03
2.022500000000000000e+03
2.022500000000000000e+03
7.745000000000000000e+02
7.745000000000000000e+02
7.745000000000000000e+02
7.745000000000000000e+02
2.022500000000000000e+03
2.022500000000000000e+03
7.745000000000000000e+02
7.745000000000000000e+02
7.745000000000000000e+02
7.745000000000000000e+02
2.022500000000000000e+03
2.022500000000000000e+03
2.022500000000000000e+03
7.745000000000000000e+02
7.745000000000000000e+02
7.745000000000000000e+02
7.745000000000000000e+02
2.022500000000000000e+03
2.022500000000000000e+03
7.745000000000000000e+02
7.745000000000000000e+02
7.745000000000000000e+02
7.745000000000000000e+02
2.022500000000000000e+03
2.022500000000000000e+03
2.022500000000000000e+03
7.745000000000000000e+02
7.745000000000000000e+02
7.745000000000000000e+02
7.745000000000000000e+02
2.022500000000000000e+03
2.022500000000000000e+03
7.745000000000000000e+02
7.745000000000000000e+02
7.745000000000000000e+02
7.745000000000000000e+02
2.022500000000000000e+03
2.022500000000000000e+03
2.022500000000000000e+03
7.745000000000000000e+02
7.745000000000000000e+02
7.745000000000000000e+02
7.745000000000000000e+02
2.022500000000000000e+03
2.022500000000000000e+03
7.745000000000000000e+02
7.745000000000000000e+02
7.745000000000000000e+02
7.745000000000000000e+02
2.022500000000000000e+03
2.022500000000000000e+03
2.022500000000000000e+03
7.745000000000000000e+02
7.745000000000000000e+02
7.745000000000000000e+02
7.745000000000000000e+02
2.022500000000000000e+03
2.022500000000000000e+03
7.745000000000000000e+02
7.745000000000000000e+02
7.745000000000000000e+02
7.745000000000000000e+02
2.022500000000000000e+03
2.022500000000000000e+03
2.022500000000000000e+03
7.745000000000000000e+02
7.745000000000000000e+02
7.745000000000000000e+02
7.745000000000000000e+02
2.022500000000000000e+03
2.022500000000000000e+03
7.745000000000000000e+02
7.745000000000000000e+02
7.745000000000000000e+02
7.745000000000000000e+02
2.022500000000000000e+03
2.022500000000000000e+03
2.022500000000000000e+03
7.745000000000000000e+02
7.745000000000000000e+02
7.745000000000000000e+02
7.745000000000000000e+02
2.022500000000000000e+03
2.022500000000000000e+03
7.745000000000000000e+02
7.745000000000000000e+02
7.745000000000000000e+02
7.745000000000000000e+02
2.022500000000000000e+03
2.022500000000000000e+03
2.022500000000000000e+03
7.745000000000000000e+02
7.745000000000000000e+02
7.745000000000000000e+02
7.745000000000000000e+02
7.745000000000000000e+02
2.022500000000000000e+03
2.022500000000000000e+03
2.022500000000000000e+03
7.745000000000000000e+02
7.745000000000000000e+02
7.745000000000000000e+02
7.745000000000000000e+02
2.022500000000000000e+03
2.022500000000000000e+03
7.745000000000000000e+02
7.745000000000000000e+02
7.745000000000000000e+02
2.022500000000000000e+03
2.022500000000000000e+03
7.745000000000000000e+02
7.745000000000000000e+02
7.745000000000000000e+02
7.745000000000000000e+02
2.022500000000000000e+03
2.022500000000000000e+03
2.022500000000000000e+03
7.745000000000000000e+02
7.745000000000000000e+02
7.745000000000000000e+02
7.745000000000000000e+02
7.745000000000000000e+02
2.022500000000000000e+03
2.022500000000000000e+03
2.022500000000000000e+03
7.745000000000000000e+02
7.745000000000000000e+02
7.745000000000000000e+02
7.745000000000000000e+02
2.022500000000000000e+03
2.022500000000000000e+03
7.745000000000000000e+02
7.745000000000000000e+02
7.745000000000000000e+02
2.022500000000000000e+03
2.022500000000000000e+03
7.745000000000000000e+02
7.745000000000000000e+02
7.745000000000000000e+02
7.745000000000000000e+02
2.022500000000000000e+03
2.022500000000000000e+03
2.022500000000000000e+03
7.745000000000000000e+02
7.745000000000000000e+02
7.745000000000000000e+02
7.745000000000000000e+02
7.745000000000000000e+02
2.022500000000000000e+03
2.022500000000000000e+03
2.022500000000000000e+03
7.745000000000000000e+02
7.745000000000000000e+02
7.745000000000000000e+02
7.745000000000000000e+02
2.022500000000000000e+03
2.022500000000000000e+03
7.745000000000000000e+02
7.745000000000000000e+02
7.745000000000000000e+02
2.022500000000000000e+03
2.022500000000000000e+03
7.745000000000000000e+02
7.745000000000000000e+02
7.745000000000000000e+02
7.745000000000000000e+02
2.022500000000000000e+03
2.022500000000000000e+03
2.022500000000000000e+03
7.745000000000000000e+02
7.745000000000000000e+02
7.745000000000000000e+02
7.745000000000000000e+02
7.745000000000000000e+02
2.022500000000000000e+03
2.022500000000000000e+03
2.022500000000000000e+03
7.745000000000000000e+02
7.745000000000000000e+02
7.745000000000000000e+02
7.745000000000000000e+02
7.745000000000000000e+02
2.022500000000000000e+03
2.022500000000000000e+03
2.022500000000000000e+03
7.745000000000000000e+02
7.745000000000000000e+02
7.745000000000000000e+02
7.745000000000000000e+02
2.022500000000000000e+03
2.022500000000000000e+03
7.745000000000000000e+02
7.745000000000000000e+02
7.745000000000000000e+02
2.022500000000000000e+03
2.022500000000000000e+03
7.745000000000000000e+02
7.745000000000000000e+02
7.745000000000000000e+02
2.022500000000000000e+03
2.022500000000000000e+03
7.745000000000000000e+02
7.745000000000000000e+02
7.745000000000000000e+02
7.745000000000000000e+02
2.022500000000000000e+03
2.022500000000000000e+03
7.745000000000000000e+02
7.745000000000000000e+02
7.745000000000000000e+02
2.022500000000000000e+03
2.022500000000000000e+03
7.745000000000000000e+02
7.745000000000000000e+02
7.745000000000000000e+02
2.022500000000000000e+03
2.022500000000000000e+03
7.745000000000000000e+02
7.745000000000000000e+02
7.745000000000000000e+02
2.022500000000000000e+03
2.022500000000000000e+03
7.745000000000000000e+02
7.745000000000000000e+02
7.745000000000000000e+02
7.745000000000000000e+02
2.022500000000000000e+03
2.022500000000000000e+03
7.745000000000000000e+02
7.745000000000000000e+02
7.745000000000000000e+02
2.022500000000000000e+03
2.022500000000000000e+03
7.745000000000000000e+02
7.745000000000000000e+02
7.745000000000000000e+02
2.022500000000000000e+03
2.022500000000000000e+03
7.745000000000000000e+02
7.745000000000000000e+02
7.745000000000000000e+02
2.022500000000000000e+03
2.022500000000000000e+03
7.745000000000000000e+02
7.745000000000000000e+02
7.745000000000000000e+02
7.745000000000000000e+02
2.022500000000000000e+03
2.022500000000000000e+03
7.745000000000000000e+02
7.745000000000000000e+02
7.745000000000000000e+02
2.022500000000000000e+03
2.022500000000000000e+03
7.745000000000000000e+02
7.745000000000000000e+02
7.745000000000000000e+02
2.022500000000000000e+03
2.022500000000000000e+03
7.745000000000000000e+02
7.745000000000000000e+02
7.745000000000000000e+02
2.022500000000000000e+03
2.022500000000000000e+03
7.745000000000000000e+02
7.745000000000000000e+02
7.745000000000000000e+02
7.745000000000000000e+02
2.022500000000000000e+03
2.022500000000000000e+03
7.745000000000000000e+02
7.745000000000000000e+02
7.745000000000000000e+02
2.022500000000000000e+03
2.022500000000000000e+03
7.745000000000000000e+02
7.745000000000000000e+02
7.745000000000000000e+02
2.022500000000000000e+03
2.022500000000000000e+03
7.745000000000000000e+02
7.745000000000000000e+02
7.745000000000000000e+02
2.022500000000000000e+03
2.022500000000000000e+03
7.745000000000000000e+02
7.745000000000000000e+02
7.745000000000000000e+02
2.022500000000000000e+03
2.022500000000000000e+03
7.745000000000000000e+02
7.745000000000000000e+02
7.745000000000000000e+02
7.745000000000000000e+02
2.022500000000000000e+03
2.022500000000000000e+03
7.745000000000000000e+02
7.745000000000000000e+02
7.745000000000000000e+02
2.022500000000000000e+03
2.022500000000000000e+03
7.745000000000000000e+02
7.745000000000000000e+02
7.745000000000000000e+02
2.022500000000000000e+03
2.022500000000000000e+03
7.745000000000000000e+02
7.745000000000000000e+02
7.745000000000000000e+02
2.022500000000000000e+03
2.022500000000000000e+03
7.745000000000000000e+02
7.745000000000000000e+02
7.745000000000000000e+02
2.022500000000000000e+03
2.022500000000000000e+03
7.745000000000000000e+02
7.745000000000000000e+02
7.745000000000000000e+02
2.022500000000000000e+03
2.022500000000000000e+03
7.745000000000000000e+02
7.745000000000000000e+02
7.745000000000000000e+02
7.745000000000000000e+02
2.022500000000000000e+03
2.022500000000000000e+03
7.745000000000000000e+02
7.745000000000000000e+02
7.745000000000000000e+02
2.022500000000000000e+03
2.022500000000000000e+03
7.745000000000000000e+02
7.745000000000000000e+02
7.745000000000000000e+02
2.022500000000000000e+03
2.022500000000000000e+03
7.745000000000000000e+02
7.745000000000000000e+02
7.745000000000000000e+02
2.022500000000000000e+03
2.022500000000000000e+03
7.745000000000000000e+02
7.745000000000000000e+02
7.745000000000000000e+02
2.022500000000000000e+03
2.022500000000000000e+03
7.745000000000000000e+02
7.745000000000000000e+02
7.745000000000000000e+02
2.022500000000000000e+03
2.022500000000000000e+03
7.745000000000000000e+02
7.745000000000000000e+02
7.745000000000000000e+02
2.022500000000000000e+03
2.022500000000000000e+03
7.745000000000000000e+02
7.745000000000000000e+02
7.745000000000000000e+02
2.022500000000000000e+03
2.022500000000000000e+03
7.745000000000000000e+02
7.745000000000000000e+02
7.745000000000000000e+02
2.022500000000000000e+03
2.022500000000000000e+03
7.745000000000000000e+02
7.745000000000000000e+02
7.745000000000000000e+02
2.022500000000000000e+03
2.022500000000000000e+03
7.745000000000000000e+02
7.745000000000000000e+02
7.745000000000000000e+02
2.022500000000000000e+03
2.022500000000000000e+03
7.745000000000000000e+02
7.745000000000000000e+02
7.745000000000000000e+02
2.022500000000000000e+03
2.022500000000000000e+03
7.745000000000000000e+02
7.745000000000000000e+02
7.745000000000000000e+02
2.022500000000000000e+03
2.022500000000000000e+03
7.745000000000000000e+02
7.745000000000000000e+02
7.745000000000000000e+02
2.022500000000000000e+03
2.022500000000000000e+03
7.745000000000000000e+02
7.745000000000000000e+02
7.745000000000000000e+02
2.022500000000000000e+03
2.022500000000000000e+03
7.745000000000000000e+02
7.745000000000000000e+02
7.745000000000000000e+02
2.022500000000000000e+03
2.022500000000000000e+03
7.745000000000000000e+02
7.745000000000000000e+02
7.745000000000000000e+02
2.022500000000000000e+03
2.022500000000000000e+03
7.745000000000000000e+02
7.745000000000000000e+02
7.745000000000000000e+02
2.022500000000000000e+03
2.022500000000000000e+03
7.745000000000000000e+02
7.745000000000000000e+02
7.745000000000000000e+02
2.022500000000000000e+03
2.022500000000000000e+03
7.745000000000000000e+02
7.745000000000000000e+02
7.745000000000000000e+02
2.022500000000000000e+03
2.022500000000000000e+03
7.745000000000000000e+02
7.745000000000000000e+02
7.745000000000000000e+02
2.022500000000000000e+03
2.022500000000000000e+03
7.745000000000000000e+02
7.745000000000000000e+02
7.745000000000000000e+02
2.022500000000000000e+03
2.022500000000000000e+03
7.745000000000000000e+02
7.745000000000000000e+02
7.745000000000000000e+02
2.022500000000000000e+03
2.022500000000000000e+03
7.745000000000000000e+02
7.745000000000000000e+02
7.745000000000000000e+02
2.022500000000000000e+03
2.022500000000000000e+03
7.745000000000000000e+02
7.745000000000000000e+02
7.745000000000000000e+02
2.022500000000000000e+03
2.022500000000000000e+03
7.745000000000000000e+02
7.745000000000000000e+02
7.745000000000000000e+02
2.022500000000000000e+03
2.022500000000000000e+03
7.745000000000000000e+02
7.745000000000000000e+02
7.745000000000000000e+02
2.022500000000000000e+03
2.022500000000000000e+03
7.745000000000000000e+02
7.745000000000000000e+02
7.745000000000000000e+02
2.022500000000000000e+03
2.022500000000000000e+03
7.745000000000000000e+02
7.745000000000000000e+02
7.745000000000000000e+02
2.022500000000000000e+03
2.022500000000000000e+03
7.745000000000000000e+02
7.745000000000000000e+02
7.745000000000000000e+02
2.022500000000000000e+03
2.022500000000000000e+03
7.745000000000000000e+02
7.745000000000000000e+02
7.745000000000000000e+02
2.022500000000000000e+03
2.022500000000000000e+03
7.745000000000000000e+02
7.745000000000000000e+02
7.745000000000000000e+02
2.022500000000000000e+03
2.022500000000000000e+03
7.745000000000000000e+02
7.745000000000000000e+02
7.745000000000000000e+02
2.022500000000000000e+03
2.022500000000000000e+03
7.745000000000000000e+02
7.745000000000000000e+02
7.745000000000000000e+02
2.022500000000000000e+03
2.022500000000000000e+03
7.745000000000000000e+02
7.745000000000000000e+02
7.745000000000000000e+02
2.022500000000000000e+03
2.022500000000000000e+03
7.745000000000000000e+02
7.745000000000000000e+02
7.745000000000000000e+02
2.022500000000000000e+03
2.022500000000000000e+03
7.745000000000000000e+02
7.745000000000000000e+02
7.745000000000000000e+02
2.022500000000000000e+03
2.022500000000000000e+03
7.745000000000000000e+02
7.745000000000000000e+02
7.745000000000000000e+02
7.745000000000000000e+02
2.022500000000000000e+03
2.022500000000000000e+03
7.745000000000000000e+02
7.745000000000000000e+02
7.745000000000000000e+02
2.022500000000000000e+03
2.022500000000000000e+03
7.745000000000000000e+02
7.745000000000000000e+02
7.745000000000000000e+02
2.022500000000000000e+03
2.022500000000000000e+03
7.745000000000000000e+02
7.745000000000000000e+02
7.745000000000000000e+02
2.022500000000000000e+03
2.022500000000000000e+03
7.745000000000000000e+02
7.745000000000000000e+02
7.745000000000000000e+02
2.022500000000000000e+03
2.022500000000000000e+03
7.745000000000000000e+02
7.745000000000000000e+02
7.745000000000000000e+02
2.022500000000000000e+03
2.022500000000000000e+03
7.745000000000000000e+02
7.745000000000000000e+02
7.745000000000000000e+02
2.022500000000000000e+03
2.022500000000000000e+03
7.745000000000000000e+02
7.745000000000000000e+02
7.745000000000000000e+02
7.745000000000000000e+02
2.022500000000000000e+03
2.022500000000000000e+03
7.745000000000000000e+02
7.745000000000000000e+02
7.745000000000000000e+02
2.022500000000000000e+03
2.022500000000000000e+03
7.745000000000000000e+02
7.745000000000000000e+02
7.745000000000000000e+02
2.022500000000000000e+03
2.022500000000000000e+03
7.745000000000000000e+02
7.745000000000000000e+02
7.745000000000000000e+02
2.022500000000000000e+03
2.022500000000000000e+03
7.745000000000000000e+02
7.745000000000000000e+02
7.745000000000000000e+02
2.022500000000000000e+03
2.022500000000000000e+03
7.745000000000000000e+02
7.745000000000000000e+02
7.745000000000000000e+02
2.022500000000000000e+03
2.022500000000000000e+03
7.745000000000000000e+02
7.745000000000000000e+02
7.745000000000000000e+02
7.745000000000000000e+02
2.022500000000000000e+03
2.022500000000000000e+03
7.745000000000000000e+02
7.745000000000000000e+02
7.745000000000000000e+02
2.022500000000000000e+03
2.022500000000000000e+03
7.745000000000000000e+02
7.745000000000000000e+02
7.745000000000000000e+02
2.022500000000000000e+03
2.022500000000000000e+03
7.745000000000000000e+02
7.745000000000000000e+02
7.745000000000000000e+02
2.022500000000000000e+03
2.022500000000000000e+03
7.745000000000000000e+02
7.745000000000000000e+02
7.745000000000000000e+02
2.022500000000000000e+03
2.022500000000000000e+03
7.745000000000000000e+02
7.745000000000000000e+02
7.745000000000000000e+02
7.745000000000000000e+02
2.022500000000000000e+03
2.022500000000000000e+03
7.745000000000000000e+02
7.745000000000000000e+02
7.745000000000000000e+02
2.022500000000000000e+03
2.022500000000000000e+03
7.745000000000000000e+02
7.745000000000000000e+02
7.745000000000000000e+02
2.022500000000000000e+03
2.022500000000000000e+03
7.745000000000000000e+02
7.745000000000000000e+02
7.745000000000000000e+02
2.022500000000000000e+03
2.022500000000000000e+03
7.745000000000000000e+02
7.745000000000000000e+02
7.745000000000000000e+02
2.022500000000000000e+03
2.022500000000000000e+03
7.745000000000000000e+02
7.745000000000000000e+02
7.745000000000000000e+02
7.745000000000000000e+02
2.022500000000000000e+03
2.022500000000000000e+03
7.745000000000000000e+02
7.745000000000000000e+02
7.745000000000000000e+02
2.022500000000000000e+03
2.022500000000000000e+03
7.745000000000000000e+02
7.745000000000000000e+02
7.745000000000000000e+02
2.022500000000000000e+03
2.022500000000000000e+03
7.745000000000000000e+02
7.745000000000000000e+02
7.745000000000000000e+02
2.022500000000000000e+03
2.022500000000000000e+03
7.745000000000000000e+02
7.745000000000000000e+02
7.745000000000000000e+02
2.022500000000000000e+03
2.022500000000000000e+03
7.745000000000000000e+02
7.745000000000000000e+02
7.745000000000000000e+02
7.745000000000000000e+02
2.022500000000000000e+03
2.022500000000000000e+03
7.745000000000000000e+02
7.745000000000000000e+02
7.745000000000000000e+02
2.022500000000000000e+03
2.022500000000000000e+03
7.745000000000000000e+02
7.745000000000000000e+02
7.745000000000000000e+02
2.022500000000000000e+03
2.022500000000000000e+03
7.745000000000000000e+02
7.745000000000000000e+02
7.745000000000000000e+02
2.022500000000000000e+03
2.022500000000000000e+03
7.745000000000000000e+02
7.745000000000000000e+02
7.745000000000000000e+02
7.745000000000000000e+02
2.022500000000000000e+03
2.022500000000000000e+03
7.745000000000000000e+02
7.745000000000000000e+02
7.745000000000000000e+02
2.022500000000000000e+03
2.022500000000000000e+03
7.745000000000000000e+02
7.745000000000000000e+02
7.745000000000000000e+02
2.022500000000000000e+03
2.022500000000000000e+03
7.745000000000000000e+02
7.745000000000000000e+02
7.745000000000000000e+02
2.022500000000000000e+03
2.022500000000000000e+03
7.745000000000000000e+02
7.745000000000000000e+02
7.745000000000000000e+02
7.745000000000000000e+02
2.022500000000000000e+03
2.022500000000000000e+03
7.745000000000000000e+02
7.745000000000000000e+02
7.745000000000000000e+02
2.022500000000000000e+03
2.022500000000000000e+03
7.745000000000000000e+02
7.745000000000000000e+02
7.745000000000000000e+02
2.022500000000000000e+03
2.022500000000000000e+03
7.745000000000000000e+02
7.745000000000000000e+02
7.745000000000000000e+02
2.022500000000000000e+03
2.022500000000000000e+03
7.745000000000000000e+02
7.745000000000000000e+02
7.745000000000000000e+02
7.745000000000000000e+02
2.022500000000000000e+03
2.022500000000000000e+03
7.745000000000000000e+02
7.745000000000000000e+02
7.745000000000000000e+02
2.022500000000000000e+03
2.022500000000000000e+03
7.745000000000000000e+02
7.745000000000000000e+02
7.745000000000000000e+02
2.022500000000000000e+03
2.022500000000000000e+03
7.745000000000000000e+02
7.745000000000000000e+02
7.745000000000000000e+02
2.022500000000000000e+03
2.022500000000000000e+03
7.745000000000000000e+02
7.745000000000000000e+02
7.745000000000000000e+02
7.745000000000000000e+02
2.022500000000000000e+03
2.022500000000000000e+03
7.745000000000000000e+02
7.745000000000000000e+02
2.022500000000000000e+03
7.745000000000000000e+02
7.745000000000000000e+02
2.022500000000000000e+03
2.022500000000000000e+03
7.745000000000000000e+02
7.745000000000000000e+02
7.745000000000000000e+02
7.745000000000000000e+02
2.022500000000000000e+03
2.022500000000000000e+03
7.745000000000000000e+02
7.745000000000000000e+02
7.745000000000000000e+02
2.022500000000000000e+03
2.022500000000000000e+03
7.745000000000000000e+02
7.745000000000000000e+02
7.745000000000000000e+02
2.022500000000000000e+03
2.022500000000000000e+03
7.745000000000000000e+02
7.745000000000000000e+02
7.745000000000000000e+02
2.022500000000000000e+03
2.022500000000000000e+03
7.745000000000000000e+02
7.745000000000000000e+02
7.745000000000000000e+02
7.745000000000000000e+02
2.022500000000000000e+03
2.022500000000000000e+03
7.745000000000000000e+02
7.745000000000000000e+02
2.022500000000000000e+03
7.745000000000000000e+02
7.745000000000000000e+02
2.022500000000000000e+03
2.022500000000000000e+03
7.745000000000000000e+02
7.745000000000000000e+02
7.745000000000000000e+02
7.745000000000000000e+02
2.022500000000000000e+03
2.022500000000000000e+03
7.745000000000000000e+02
7.745000000000000000e+02
7.745000000000000000e+02
2.022500000000000000e+03
2.022500000000000000e+03
7.745000000000000000e+02
7.745000000000000000e+02
7.745000000000000000e+02
2.022500000000000000e+03
2.022500000000000000e+03
7.745000000000000000e+02
7.745000000000000000e+02
7.745000000000000000e+02
7.745000000000000000e+02
2.022500000000000000e+03
2.022500000000000000e+03
7.745000000000000000e+02
7.745000000000000000e+02
2.022500000000000000e+03
7.745000000000000000e+02
7.745000000000000000e+02
2.022500000000000000e+03
2.022500000000000000e+03
7.745000000000000000e+02
7.745000000000000000e+02
7.745000000000000000e+02
7.745000000000000000e+02
2.022500000000000000e+03
2.022500000000000000e+03
7.745000000000000000e+02
7.745000000000000000e+02
2.022500000000000000e+03
7.745000000000000000e+02
7.745000000000000000e+02
2.022500000000000000e+03
2.022500000000000000e+03
7.745000000000000000e+02
7.745000000000000000e+02
7.745000000000000000e+02
7.745000000000000000e+02
7.745000000000000000e+02
2.022500000000000000e+03
2.022500000000000000e+03
2.022500000000000000e+03
7.745000000000000000e+02
7.745000000000000000e+02
7.745000000000000000e+02
7.745000000000000000e+02
2.022500000000000000e+03
2.022500000000000000e+03
7.745000000000000000e+02
7.745000000000000000e+02
7.745000000000000000e+02
2.022500000000000000e+03
2.022500000000000000e+03
7.745000000000000000e+02
7.745000000000000000e+02
7.745000000000000000e+02
2.022500000000000000e+03
2.022500000000000000e+03
7.745000000000000000e+02
7.745000000000000000e+02
7.745000000000000000e+02
7.745000000000000000e+02
2.022500000000000000e+03
2.022500000000000000e+03
2.022500000000000000e+03
7.745000000000000000e+02
7.745000000000000000e+02
7.745000000000000000e+02
7.745000000000000000e+02
7.745000000000000000e+02
2.022500000000000000e+03
2.022500000000000000e+03
7.745000000000000000e+02
7.745000000000000000e+02
2.022500000000000000e+03
7.745000000000000000e+02
7.745000000000000000e+02
2.022500000000000000e+03
2.022500000000000000e+03
7.745000000000000000e+02
7.745000000000000000e+02
7.745000000000000000e+02
7.745000000000000000e+02
2.022500000000000000e+03
2.022500000000000000e+03
7.745000000000000000e+02
7.745000000000000000e+02
2.022500000000000000e+03
7.745000000000000000e+02
7.745000000000000000e+02
2.022500000000000000e+03
2.022500000000000000e+03
7.745000000000000000e+02
7.745000000000000000e+02
7.745000000000000000e+02
7.745000000000000000e+02
2.022500000000000000e+03
2.022500000000000000e+03
7.745000000000000000e+02
7.745000000000000000e+02
2.022500000000000000e+03
7.745000000000000000e+02
7.745000000000000000e+02
2.022500000000000000e+03
2.022500000000000000e+03
7.745000000000000000e+02
7.745000000000000000e+02
7.745000000000000000e+02
7.745000000000000000e+02
2.022500000000000000e+03
2.022500000000000000e+03
7.745000000000000000e+02
7.745000000000000000e+02
2.022500000000000000e+03
7.745000000000000000e+02
7.745000000000000000e+02
2.022500000000000000e+03
2.022500000000000000e+03
7.745000000000000000e+02
7.745000000000000000e+02
7.745000000000000000e+02
7.745000000000000000e+02
2.022500000000000000e+03
2.022500000000000000e+03
7.745000000000000000e+02
7.745000000000000000e+02
2.022500000000000000e+03
7.745000000000000000e+02
7.745000000000000000e+02
2.022500000000000000e+03
7.745000000000000000e+02
7.745000000000000000e+02
2.022500000000000000e+03
2.022500000000000000e+03
7.745000000000000000e+02
7.745000000000000000e+02
7.745000000000000000e+02
7.745000000000000000e+02
2.022500000000000000e+03
2.022500000000000000e+03
7.745000000000000000e+02
7.745000000000000000e+02
2.022500000000000000e+03
7.745000000000000000e+02
7.745000000000000000e+02
2.022500000000000000e+03
2.022500000000000000e+03
7.745000000000000000e+02
7.745000000000000000e+02
7.745000000000000000e+02
7.745000000000000000e+02
2.022500000000000000e+03
2.022500000000000000e+03
7.745000000000000000e+02
7.745000000000000000e+02
2.022500000000000000e+03
7.745000000000000000e+02
7.745000000000000000e+02
2.022500000000000000e+03
7.745000000000000000e+02
7.745000000000000000e+02
2.022500000000000000e+03
2.022500000000000000e+03
7.745000000000000000e+02
7.745000000000000000e+02
7.745000000000000000e+02
7.745000000000000000e+02
2.022500000000000000e+03
2.022500000000000000e+03
7.745000000000000000e+02
7.745000000000000000e+02
2.022500000000000000e+03
7.745000000000000000e+02
7.745000000000000000e+02
2.022500000000000000e+03
2.022500000000000000e+03
7.745000000000000000e+02
7.745000000000000000e+02
7.745000000000000000e+02
7.745000000000000000e+02
2.022500000000000000e+03
2.022500000000000000e+03
7.745000000000000000e+02
7.745000000000000000e+02
2.022500000000000000e+03
7.745000000000000000e+02
7.745000000000000000e+02
2.022500000000000000e+03
7.745000000000000000e+02
7.745000000000000000e+02
2.022500000000000000e+03
2.022500000000000000e+03
7.745000000000000000e+02
7.745000000000000000e+02
7.745000000000000000e+02
7.745000000000000000e+02
2.022500000000000000e+03
2.022500000000000000e+03
7.745000000000000000e+02
7.745000000000000000e+02
2.022500000000000000e+03
7.745000000000000000e+02
7.745000000000000000e+02
2.022500000000000000e+03
2.022500000000000000e+03
7.745000000000000000e+02
7.745000000000000000e+02
7.745000000000000000e+02
7.745000000000000000e+02
2.022500000000000000e+03
2.022500000000000000e+03
7.745000000000000000e+02
7.745000000000000000e+02
2.022500000000000000e+03
7.745000000000000000e+02
7.745000000000000000e+02
2.022500000000000000e+03
7.745000000000000000e+02
7.745000000000000000e+02
2.022500000000000000e+03
2.022500000000000000e+03
7.745000000000000000e+02
7.745000000000000000e+02
7.745000000000000000e+02
7.745000000000000000e+02
2.022500000000000000e+03
2.022500000000000000e+03
7.745000000000000000e+02
7.745000000000000000e+02
2.022500000000000000e+03
7.745000000000000000e+02
7.745000000000000000e+02
2.022500000000000000e+03
2.022500000000000000e+03
7.745000000000000000e+02
7.745000000000000000e+02
7.745000000000000000e+02
7.745000000000000000e+02
2.022500000000000000e+03
2.022500000000000000e+03
7.745000000000000000e+02
7.745000000000000000e+02
2.022500000000000000e+03
7.745000000000000000e+02
7.745000000000000000e+02
2.022500000000000000e+03
7.745000000000000000e+02
7.745000000000000000e+02
2.022500000000000000e+03
2.022500000000000000e+03
7.745000000000000000e+02
7.745000000000000000e+02
7.745000000000000000e+02
7.745000000000000000e+02
2.022500000000000000e+03
2.022500000000000000e+03
7.745000000000000000e+02
7.745000000000000000e+02
2.022500000000000000e+03
7.745000000000000000e+02
7.745000000000000000e+02
2.022500000000000000e+03
7.745000000000000000e+02
7.745000000000000000e+02
2.022500000000000000e+03
2.022500000000000000e+03
7.745000000000000000e+02
7.745000000000000000e+02
7.745000000000000000e+02
7.745000000000000000e+02
2.022500000000000000e+03
2.022500000000000000e+03
7.745000000000000000e+02
7.745000000000000000e+02
2.022500000000000000e+03
7.745000000000000000e+02
7.745000000000000000e+02
2.022500000000000000e+03
7.745000000000000000e+02
7.745000000000000000e+02
2.022500000000000000e+03
2.022500000000000000e+03
7.745000000000000000e+02
7.745000000000000000e+02
7.745000000000000000e+02
7.745000000000000000e+02
2.022500000000000000e+03
2.022500000000000000e+03
7.745000000000000000e+02
7.745000000000000000e+02
2.022500000000000000e+03
7.745000000000000000e+02
7.745000000000000000e+02
2.022500000000000000e+03
7.745000000000000000e+02
7.745000000000000000e+02
2.022500000000000000e+03
2.022500000000000000e+03
7.745000000000000000e+02
7.745000000000000000e+02
7.745000000000000000e+02
7.745000000000000000e+02
2.022500000000000000e+03
2.022500000000000000e+03
7.745000000000000000e+02
7.745000000000000000e+02
2.022500000000000000e+03
7.745000000000000000e+02
7.745000000000000000e+02
2.022500000000000000e+03
7.745000000000000000e+02
7.745000000000000000e+02
2.022500000000000000e+03
2.022500000000000000e+03
7.745000000000000000e+02
7.745000000000000000e+02
7.745000000000000000e+02
7.745000000000000000e+02
2.022500000000000000e+03
2.022500000000000000e+03
7.745000000000000000e+02
7.745000000000000000e+02
2.022500000000000000e+03
7.745000000000000000e+02
7.745000000000000000e+02
2.022500000000000000e+03
7.745000000000000000e+02
7.745000000000000000e+02
2.022500000000000000e+03
2.022500000000000000e+03
7.745000000000000000e+02
7.745000000000000000e+02
7.745000000000000000e+02
7.745000000000000000e+02
2.022500000000000000e+03
2.022500000000000000e+03
7.745000000000000000e+02
7.745000000000000000e+02
2.022500000000000000e+03
7.745000000000000000e+02
7.745000000000000000e+02
2.022500000000000000e+03
7.745000000000000000e+02
7.745000000000000000e+02
2.022500000000000000e+03
2.022500000000000000e+03
7.745000000000000000e+02
7.745000000000000000e+02
7.745000000000000000e+02
7.745000000000000000e+02
2.022500000000000000e+03
2.022500000000000000e+03
7.745000000000000000e+02
7.745000000000000000e+02
2.022500000000000000e+03
7.745000000000000000e+02
7.745000000000000000e+02
2.022500000000000000e+03
7.745000000000000000e+02
7.745000000000000000e+02
2.022500000000000000e+03
2.022500000000000000e+03
7.745000000000000000e+02
7.745000000000000000e+02
7.745000000000000000e+02
7.745000000000000000e+02
2.022500000000000000e+03
2.022500000000000000e+03
7.745000000000000000e+02
7.745000000000000000e+02
2.022500000000000000e+03
7.745000000000000000e+02
7.745000000000000000e+02
2.022500000000000000e+03
7.745000000000000000e+02
7.745000000000000000e+02
2.022500000000000000e+03
2.022500000000000000e+03
7.745000000000000000e+02
7.745000000000000000e+02
7.745000000000000000e+02
7.745000000000000000e+02
2.022500000000000000e+03
2.022500000000000000e+03
7.745000000000000000e+02
7.745000000000000000e+02
2.022500000000000000e+03
7.745000000000000000e+02
7.745000000000000000e+02
2.022500000000000000e+03
7.745000000000000000e+02
7.745000000000000000e+02
2.022500000000000000e+03
2.022500000000000000e+03
7.745000000000000000e+02
7.745000000000000000e+02
7.745000000000000000e+02
7.745000000000000000e+02
2.022500000000000000e+03
2.022500000000000000e+03
7.745000000000000000e+02
7.745000000000000000e+02
2.022500000000000000e+03
7.745000000000000000e+02
7.745000000000000000e+02
2.022500000000000000e+03
7.745000000000000000e+02
2.022500000000000000e+03
7.745000000000000000e+02
7.745000000000000000e+02
2.022500000000000000e+03
7.745000000000000000e+02
7.745000000000000000e+02
2.022500000000000000e+03
7.745000000000000000e+02
2.022500000000000000e+03
7.745000000000000000e+02
7.745000000000000000e+02
2.022500000000000000e+03
7.745000000000000000e+02
7.745000000000000000e+02
2.022500000000000000e+03
2.022500000000000000e+03
7.745000000000000000e+02
7.745000000000000000e+02
7.745000000000000000e+02
7.745000000000000000e+02
2.022500000000000000e+03
2.022500000000000000e+03
7.745000000000000000e+02
7.745000000000000000e+02
2.022500000000000000e+03
7.745000000000000000e+02
7.745000000000000000e+02
2.022500000000000000e+03
7.745000000000000000e+02
7.745000000000000000e+02
2.022500000000000000e+03
2.022500000000000000e+03
7.745000000000000000e+02
7.745000000000000000e+02
7.745000000000000000e+02
7.745000000000000000e+02
2.022500000000000000e+03
2.022500000000000000e+03
7.745000000000000000e+02
7.745000000000000000e+02
2.022500000000000000e+03
7.745000000000000000e+02
7.745000000000000000e+02
2.022500000000000000e+03
7.745000000000000000e+02
2.022500000000000000e+03
7.745000000000000000e+02
7.745000000000000000e+02
2.022500000000000000e+03
7.745000000000000000e+02
7.745000000000000000e+02
2.022500000000000000e+03
7.745000000000000000e+02
2.022500000000000000e+03
7.745000000000000000e+02
7.745000000000000000e+02
2.022500000000000000e+03
7.745000000000000000e+02
7.745000000000000000e+02
2.022500000000000000e+03
2.022500000000000000e+03
7.745000000000000000e+02
7.745000000000000000e+02
7.745000000000000000e+02
7.745000000000000000e+02
2.022500000000000000e+03
2.022500000000000000e+03
7.745000000000000000e+02
7.745000000000000000e+02
7.745000000000000000e+02
2.022500000000000000e+03
2.022500000000000000e+03
7.745000000000000000e+02
7.745000000000000000e+02
7.745000000000000000e+02
2.022500000000000000e+03
2.022500000000000000e+03
7.745000000000000000e+02
7.745000000000000000e+02
7.745000000000000000e+02
7.745000000000000000e+02
2.022500000000000000e+03
2.022500000000000000e+03
2.022500000000000000e+03
7.745000000000000000e+02
7.745000000000000000e+02
7.745000000000000000e+02
7.745000000000000000e+02
7.745000000000000000e+02
2.022500000000000000e+03
2.022500000000000000e+03
2.022500000000000000e+03
7.745000000000000000e+02
7.745000000000000000e+02
7.745000000000000000e+02
7.745000000000000000e+02
7.745000000000000000e+02
2.022500000000000000e+03
2.022500000000000000e+03
2.022500000000000000e+03
7.745000000000000000e+02
7.745000000000000000e+02
7.745000000000000000e+02
7.745000000000000000e+02
2.022500000000000000e+03
2.022500000000000000e+03
7.745000000000000000e+02
7.745000000000000000e+02
7.745000000000000000e+02
2.022500000000000000e+03
2.022500000000000000e+03
7.745000000000000000e+02
7.745000000000000000e+02
7.745000000000000000e+02
2.022500000000000000e+03
2.022500000000000000e+03
7.745000000000000000e+02
7.745000000000000000e+02
7.745000000000000000e+02
7.745000000000000000e+02
2.022500000000000000e+03
2.022500000000000000e+03
7.745000000000000000e+02
7.745000000000000000e+02
7.745000000000000000e+02
2.022500000000000000e+03
2.022500000000000000e+03
7.745000000000000000e+02
7.745000000000000000e+02
7.745000000000000000e+02
2.022500000000000000e+03
2.022500000000000000e+03
7.745000000000000000e+02
7.745000000000000000e+02
7.745000000000000000e+02
2.022500000000000000e+03
7.745000000000000000e+02
2.022500000000000000e+03
7.745000000000000000e+02
7.745000000000000000e+02
2.022500000000000000e+03
7.745000000000000000e+02
7.745000000000000000e+02
2.022500000000000000e+03
2.022500000000000000e+03
7.745000000000000000e+02
7.745000000000000000e+02
7.745000000000000000e+02
7.745000000000000000e+02
2.022500000000000000e+03
2.022500000000000000e+03
7.745000000000000000e+02
7.745000000000000000e+02
2.022500000000000000e+03
7.745000000000000000e+02
7.745000000000000000e+02
2.022500000000000000e+03
7.745000000000000000e+02
2.022500000000000000e+03
7.745000000000000000e+02
7.745000000000000000e+02
2.022500000000000000e+03
7.745000000000000000e+02
7.745000000000000000e+02
2.022500000000000000e+03
2.022500000000000000e+03
7.745000000000000000e+02
7.745000000000000000e+02
7.745000000000000000e+02
7.745000000000000000e+02
2.022500000000000000e+03
2.022500000000000000e+03
7.745000000000000000e+02
7.745000000000000000e+02
7.745000000000000000e+02
2.022500000000000000e+03
2.022500000000000000e+03
7.745000000000000000e+02
7.745000000000000000e+02
7.745000000000000000e+02
2.022500000000000000e+03
2.022500000000000000e+03
7.745000000000000000e+02
7.745000000000000000e+02
7.745000000000000000e+02
2.022500000000000000e+03
7.745000000000000000e+02
2.022500000000000000e+03
7.745000000000000000e+02
7.745000000000000000e+02
2.022500000000000000e+03
7.745000000000000000e+02
7.745000000000000000e+02
2.022500000000000000e+03
2.022500000000000000e+03
7.745000000000000000e+02
7.745000000000000000e+02
7.745000000000000000e+02
7.745000000000000000e+02
2.022500000000000000e+03
2.022500000000000000e+03
7.745000000000000000e+02
7.745000000000000000e+02
2.022500000000000000e+03
7.745000000000000000e+02
7.745000000000000000e+02
2.022500000000000000e+03
7.745000000000000000e+02
2.022500000000000000e+03
7.745000000000000000e+02
7.745000000000000000e+02
7.745000000000000000e+02
2.022500000000000000e+03
2.022500000000000000e+03
7.745000000000000000e+02
7.745000000000000000e+02
7.745000000000000000e+02
2.022500000000000000e+03
2.022500000000000000e+03
7.745000000000000000e+02
7.745000000000000000e+02
7.745000000000000000e+02
2.022500000000000000e+03
2.022500000000000000e+03
7.745000000000000000e+02
7.745000000000000000e+02
7.745000000000000000e+02
7.745000000000000000e+02
2.022500000000000000e+03
2.022500000000000000e+03
7.745000000000000000e+02
7.745000000000000000e+02
2.022500000000000000e+03
7.745000000000000000e+02
7.745000000000000000e+02
2.022500000000000000e+03
2.022500000000000000e+03
7.745000000000000000e+02
7.745000000000000000e+02
7.745000000000000000e+02
7.745000000000000000e+02
2.022500000000000000e+03
2.022500000000000000e+03
7.745000000000000000e+02
7.745000000000000000e+02
7.745000000000000000e+02
2.022500000000000000e+03
2.022500000000000000e+03
7.745000000000000000e+02
7.745000000000000000e+02
7.745000000000000000e+02
2.022500000000000000e+03
2.022500000000000000e+03
7.745000000000000000e+02
7.745000000000000000e+02
7.745000000000000000e+02
7.745000000000000000e+02
2.022500000000000000e+03
2.022500000000000000e+03
2.022500000000000000e+03
7.745000000000000000e+02
7.745000000000000000e+02
7.745000000000000000e+02
7.745000000000000000e+02
7.745000000000000000e+02
7.745000000000000000e+02
2.022500000000000000e+03
2.022500000000000000e+03
2.022500000000000000e+03
2.022500000000000000e+03
7.745000000000000000e+02
7.745000000000000000e+02
7.745000000000000000e+02
7.745000000000000000e+02
7.745000000000000000e+02
7.745000000000000000e+02
2.022500000000000000e+03
2.022500000000000000e+03
2.022500000000000000e+03
7.745000000000000000e+02
7.745000000000000000e+02
7.745000000000000000e+02
7.745000000000000000e+02
2.022500000000000000e+03
2.022500000000000000e+03
7.745000000000000000e+02
7.745000000000000000e+02
7.745000000000000000e+02
2.022500000000000000e+03
2.022500000000000000e+03
7.745000000000000000e+02
7.745000000000000000e+02
7.745000000000000000e+02
2.022500000000000000e+03
7.745000000000000000e+02
2.022500000000000000e+03
7.745000000000000000e+02
7.745000000000000000e+02
2.022500000000000000e+03
7.745000000000000000e+02
2.022500000000000000e+03
7.745000000000000000e+02
7.745000000000000000e+02
7.745000000000000000e+02
2.022500000000000000e+03
2.022500000000000000e+03
7.745000000000000000e+02
7.745000000000000000e+02
7.745000000000000000e+02
2.022500000000000000e+03
2.022500000000000000e+03
7.745000000000000000e+02
7.745000000000000000e+02
7.745000000000000000e+02
2.022500000000000000e+03
7.745000000000000000e+02
2.022500000000000000e+03
7.745000000000000000e+02
7.745000000000000000e+02
7.745000000000000000e+02
2.022500000000000000e+03
2.022500000000000000e+03
2.022500000000000000e+03
7.745000000000000000e+02
7.745000000000000000e+02
7.745000000000000000e+02
7.745000000000000000e+02
7.745000000000000000e+02
7.745000000000000000e+02
2.022500000000000000e+03
2.022500000000000000e+03
2.022500000000000000e+03
2.022500000000000000e+03
7.745000000000000000e+02
7.745000000000000000e+02
7.745000000000000000e+02
7.745000000000000000e+02
7.745000000000000000e+02
7.745000000000000000e+02
2.022500000000000000e+03
2.022500000000000000e+03
2.022500000000000000e+03
7.745000000000000000e+02
7.745000000000000000e+02
7.745000000000000000e+02
7.745000000000000000e+02
2.022500000000000000e+03
2.022500000000000000e+03
7.745000000000000000e+02
7.745000000000000000e+02
7.745000000000000000e+02
2.022500000000000000e+03
2.022500000000000000e+03
7.745000000000000000e+02
7.745000000000000000e+02
7.745000000000000000e+02
7.745000000000000000e+02
2.022500000000000000e+03
2.022500000000000000e+03
2.022500000000000000e+03
7.745000000000000000e+02
7.745000000000000000e+02
7.745000000000000000e+02
7.745000000000000000e+02
7.745000000000000000e+02
2.022500000000000000e+03
2.022500000000000000e+03
2.022500000000000000e+03
7.745000000000000000e+02
7.745000000000000000e+02
7.745000000000000000e+02
7.745000000000000000e+02
7.745000000000000000e+02
2.022500000000000000e+03
2.022500000000000000e+03
2.022500000000000000e+03
7.745000000000000000e+02
7.745000000000000000e+02
7.745000000000000000e+02
7.745000000000000000e+02
7.745000000000000000e+02
2.022500000000000000e+03
2.022500000000000000e+03
2.022500000000000000e+03
7.745000000000000000e+02
7.745000000000000000e+02
7.745000000000000000e+02
7.745000000000000000e+02
2.022500000000000000e+03
2.022500000000000000e+03
7.745000000000000000e+02
7.745000000000000000e+02
7.745000000000000000e+02
7.745000000000000000e+02
2.022500000000000000e+03
2.022500000000000000e+03
2.022500000000000000e+03
7.745000000000000000e+02
7.745000000000000000e+02
7.745000000000000000e+02
7.745000000000000000e+02
2.022500000000000000e+03
2.022500000000000000e+03
7.745000000000000000e+02
7.745000000000000000e+02
7.745000000000000000e+02
7.745000000000000000e+02
2.022500000000000000e+03
2.022500000000000000e+03
2.022500000000000000e+03
7.745000000000000000e+02
7.745000000000000000e+02
7.745000000000000000e+02
7.745000000000000000e+02
2.022500000000000000e+03
2.022500000000000000e+03
7.745000000000000000e+02
7.745000000000000000e+02
7.745000000000000000e+02
7.745000000000000000e+02
2.022500000000000000e+03
2.022500000000000000e+03
2.022500000000000000e+03
7.745000000000000000e+02
7.745000000000000000e+02
7.745000000000000000e+02
7.745000000000000000e+02
7.745000000000000000e+02
2.022500000000000000e+03
2.022500000000000000e+03
2.022500000000000000e+03
7.745000000000000000e+02
7.745000000000000000e+02
7.745000000000000000e+02
7.745000000000000000e+02
2.022500000000000000e+03
2.022500000000000000e+03
7.745000000000000000e+02
7.745000000000000000e+02
7.745000000000000000e+02
7.745000000000000000e+02
2.022500000000000000e+03
2.022500000000000000e+03
2.022500000000000000e+03
7.745000000000000000e+02
7.745000000000000000e+02
7.745000000000000000e+02
7.745000000000000000e+02
2.022500000000000000e+03
2.022500000000000000e+03
7.745000000000000000e+02
7.745000000000000000e+02
7.745000000000000000e+02
7.745000000000000000e+02
2.022500000000000000e+03
2.022500000000000000e+03
2.022500000000000000e+03
7.745000000000000000e+02
7.745000000000000000e+02
7.745000000000000000e+02
7.745000000000000000e+02
7.745000000000000000e+02
2.022500000000000000e+03
2.022500000000000000e+03
2.022500000000000000e+03
7.745000000000000000e+02
7.745000000000000000e+02
7.745000000000000000e+02
7.745000000000000000e+02
2.022500000000000000e+03
2.022500000000000000e+03
7.745000000000000000e+02
7.745000000000000000e+02
7.745000000000000000e+02
7.745000000000000000e+02
2.022500000000000000e+03
2.022500000000000000e+03
2.022500000000000000e+03
7.745000000000000000e+02
7.745000000000000000e+02
7.745000000000000000e+02
7.745000000000000000e+02
2.022500000000000000e+03
2.022500000000000000e+03
7.745000000000000000e+02
7.745000000000000000e+02
7.745000000000000000e+02
7.745000000000000000e+02
2.022500000000000000e+03
2.022500000000000000e+03
2.022500000000000000e+03
7.745000000000000000e+02
7.745000000000000000e+02
7.745000000000000000e+02
7.745000000000000000e+02
7.745000000000000000e+02
2.022500000000000000e+03
2.022500000000000000e+03
2.022500000000000000e+03
7.745000000000000000e+02
7.745000000000000000e+02
7.745000000000000000e+02
7.745000000000000000e+02
7.745000000000000000e+02
2.022500000000000000e+03
2.022500000000000000e+03
2.022500000000000000e+03
7.745000000000000000e+02
7.745000000000000000e+02
7.745000000000000000e+02
7.745000000000000000e+02
2.022500000000000000e+03
2.022500000000000000e+03
7.745000000000000000e+02
7.745000000000000000e+02
7.745000000000000000e+02
2.022500000000000000e+03
2.022500000000000000e+03
7.745000000000000000e+02
7.745000000000000000e+02
7.745000000000000000e+02
7.745000000000000000e+02
2.022500000000000000e+03
2.022500000000000000e+03
2.022500000000000000e+03
7.745000000000000000e+02
7.745000000000000000e+02
7.745000000000000000e+02
7.745000000000000000e+02
7.745000000000000000e+02
2.022500000000000000e+03
2.022500000000000000e+03
2.022500000000000000e+03
7.745000000000000000e+02
7.745000000000000000e+02
7.745000000000000000e+02
7.745000000000000000e+02
7.745000000000000000e+02
2.022500000000000000e+03
2.022500000000000000e+03
2.022500000000000000e+03
7.745000000000000000e+02
7.745000000000000000e+02
7.745000000000000000e+02
7.745000000000000000e+02
7.745000000000000000e+02
2.022500000000000000e+03
2.022500000000000000e+03
2.022500000000000000e+03
7.745000000000000000e+02
7.745000000000000000e+02
7.745000000000000000e+02
7.745000000000000000e+02
2.022500000000000000e+03
2.022500000000000000e+03
7.745000000000000000e+02
7.745000000000000000e+02
7.745000000000000000e+02
2.022500000000000000e+03
2.022500000000000000e+03
7.745000000000000000e+02
7.745000000000000000e+02
7.745000000000000000e+02
7.745000000000000000e+02
2.022500000000000000e+03
2.022500000000000000e+03
2.022500000000000000e+03
7.745000000000000000e+02
7.745000000000000000e+02
7.745000000000000000e+02
7.745000000000000000e+02
7.745000000000000000e+02
2.022500000000000000e+03
2.022500000000000000e+03
2.022500000000000000e+03
7.745000000000000000e+02
7.745000000000000000e+02
7.745000000000000000e+02
7.745000000000000000e+02
7.745000000000000000e+02
2.022500000000000000e+03
2.022500000000000000e+03
2.022500000000000000e+03
7.745000000000000000e+02
7.745000000000000000e+02
7.745000000000000000e+02
7.745000000000000000e+02
7.745000000000000000e+02
2.022500000000000000e+03
2.022500000000000000e+03
2.022500000000000000e+03
7.745000000000000000e+02
7.745000000000000000e+02
7.745000000000000000e+02
7.745000000000000000e+02
2.022500000000000000e+03
2.022500000000000000e+03
7.745000000000000000e+02
7.745000000000000000e+02
7.745000000000000000e+02
2.022500000000000000e+03
7.745000000000000000e+02
2.022500000000000000e+03
7.745000000000000000e+02
7.745000000000000000e+02
2.022500000000000000e+03
7.745000000000000000e+02
2.022500000000000000e+03
7.745000000000000000e+02
7.745000000000000000e+02
2.022500000000000000e+03
7.745000000000000000e+02
7.745000000000000000e+02
2.022500000000000000e+03
2.022500000000000000e+03
7.745000000000000000e+02
7.745000000000000000e+02
7.745000000000000000e+02
7.745000000000000000e+02
2.022500000000000000e+03
2.022500000000000000e+03
7.745000000000000000e+02
7.745000000000000000e+02
7.745000000000000000e+02
2.022500000000000000e+03
2.022500000000000000e+03
7.745000000000000000e+02
7.745000000000000000e+02
7.745000000000000000e+02
2.022500000000000000e+03
7.745000000000000000e+02
2.022500000000000000e+03
7.745000000000000000e+02
7.745000000000000000e+02
2.022500000000000000e+03
7.745000000000000000e+02
2.022500000000000000e+03
7.745000000000000000e+02
7.745000000000000000e+02
2.022500000000000000e+03
7.745000000000000000e+02
7.745000000000000000e+02
2.022500000000000000e+03
7.745000000000000000e+02
2.022500000000000000e+03
7.745000000000000000e+02
7.745000000000000000e+02
2.022500000000000000e+03
7.745000000000000000e+02
2.022500000000000000e+03
7.745000000000000000e+02
7.745000000000000000e+02
7.745000000000000000e+02
2.022500000000000000e+03
2.022500000000000000e+03
7.745000000000000000e+02
7.745000000000000000e+02
7.745000000000000000e+02
2.022500000000000000e+03
2.022500000000000000e+03
7.745000000000000000e+02
7.745000000000000000e+02
7.745000000000000000e+02
2.022500000000000000e+03
7.745000000000000000e+02
2.022500000000000000e+03
7.745000000000000000e+02
7.745000000000000000e+02
2.022500000000000000e+03
7.745000000000000000e+02
2.022500000000000000e+03
7.745000000000000000e+02
7.745000000000000000e+02
7.745000000000000000e+02
2.022500000000000000e+03
2.022500000000000000e+03
2.022500000000000000e+03
7.745000000000000000e+02
7.745000000000000000e+02
7.745000000000000000e+02
7.745000000000000000e+02
7.745000000000000000e+02
7.745000000000000000e+02
2.022500000000000000e+03
2.022500000000000000e+03
2.022500000000000000e+03
2.022500000000000000e+03
7.745000000000000000e+02
7.745000000000000000e+02
7.745000000000000000e+02
7.745000000000000000e+02
7.745000000000000000e+02
7.745000000000000000e+02
7.745000000000000000e+02
2.022500000000000000e+03
2.022500000000000000e+03
2.022500000000000000e+03
2.022500000000000000e+03
7.745000000000000000e+02
7.745000000000000000e+02
7.745000000000000000e+02
7.745000000000000000e+02
7.745000000000000000e+02
7.745000000000000000e+02
2.022500000000000000e+03
2.022500000000000000e+03
2.022500000000000000e+03
7.745000000000000000e+02
7.745000000000000000e+02
7.745000000000000000e+02
7.745000000000000000e+02
2.022500000000000000e+03
2.022500000000000000e+03
2.022500000000000000e+03
7.745000000000000000e+02
7.745000000000000000e+02
7.745000000000000000e+02
7.745000000000000000e+02
7.745000000000000000e+02
7.745000000000000000e+02
2.022500000000000000e+03
2.022500000000000000e+03
2.022500000000000000e+03
2.022500000000000000e+03
7.745000000000000000e+02
7.745000000000000000e+02
7.745000000000000000e+02
7.745000000000000000e+02
7.745000000000000000e+02
7.745000000000000000e+02
7.745000000000000000e+02
2.022500000000000000e+03
2.022500000000000000e+03
2.022500000000000000e+03
2.022500000000000000e+03
7.745000000000000000e+02
7.745000000000000000e+02
7.745000000000000000e+02
7.745000000000000000e+02
7.745000000000000000e+02
7.745000000000000000e+02
2.022500000000000000e+03
2.022500000000000000e+03
2.022500000000000000e+03
2.022500000000000000e+03
7.745000000000000000e+02
7.745000000000000000e+02
7.745000000000000000e+02
7.745000000000000000e+02
7.745000000000000000e+02
7.745000000000000000e+02
7.745000000000000000e+02
2.022500000000000000e+03
2.022500000000000000e+03
2.022500000000000000e+03
2.022500000000000000e+03
7.745000000000000000e+02
7.745000000000000000e+02
7.745000000000000000e+02
7.745000000000000000e+02
7.745000000000000000e+02
7.745000000000000000e+02
2.022500000000000000e+03
2.022500000000000000e+03
2.022500000000000000e+03
2.022500000000000000e+03
7.745000000000000000e+02
7.745000000000000000e+02
7.745000000000000000e+02
7.745000000000000000e+02
7.745000000000000000e+02
7.745000000000000000e+02
7.745000000000000000e+02
2.022500000000000000e+03
2.586499755859375000e+03
2.586499755859375000e+03
2.022500000000000000e+03
7.745000000000000000e+02
7.745000000000000000e+02
7.745000000000000000e+02
7.745000000000000000e+02
7.745000000000000000e+02
7.745000000000000000e+02
7.745000000000000000e+02
2.586499755859375000e+03
2.586499755859375000e+03
2.586499755859375000e+03
2.586499755859375000e+03
7.745000000000000000e+02
7.745000000000000000e+02
7.745000000000000000e+02
7.745000000000000000e+02
7.745000000000000000e+02
7.745000000000000000e+02
7.745000000000000000e+02
2.586499755859375000e+03
2.586499755859375000e+03
2.586499755859375000e+03
7.745000000000000000e+02
7.745000000000000000e+02
7.745000000000000000e+02
7.745000000000000000e+02
7.745000000000000000e+02
2.022500000000000000e+03
2.022500000000000000e+03
2.022500000000000000e+03
7.745000000000000000e+02
7.745000000000000000e+02
7.745000000000000000e+02
7.745000000000000000e+02
2.022500000000000000e+03
2.022500000000000000e+03
7.745000000000000000e+02
7.745000000000000000e+02
7.745000000000000000e+02
2.022500000000000000e+03
7.745000000000000000e+02
2.022500000000000000e+03
7.745000000000000000e+02
7.745000000000000000e+02
2.022500000000000000e+03
2.022500000000000000e+03
7.745000000000000000e+02
7.745000000000000000e+02
7.745000000000000000e+02
7.745000000000000000e+02
2.022500000000000000e+03
2.022500000000000000e+03
7.745000000000000000e+02
7.745000000000000000e+02
2.022500000000000000e+03
7.745000000000000000e+02
7.745000000000000000e+02
2.022500000000000000e+03
7.745000000000000000e+02
2.022500000000000000e+03
7.745000000000000000e+02
7.745000000000000000e+02
7.745000000000000000e+02
2.022500000000000000e+03
2.022500000000000000e+03
7.745000000000000000e+02
7.745000000000000000e+02
7.745000000000000000e+02
2.022500000000000000e+03
2.022500000000000000e+03
7.745000000000000000e+02
7.745000000000000000e+02
7.745000000000000000e+02
2.022500000000000000e+03
7.745000000000000000e+02
2.022500000000000000e+03
7.745000000000000000e+02
7.745000000000000000e+02
2.022500000000000000e+03
7.745000000000000000e+02
2.022500000000000000e+03
7.745000000000000000e+02
7.745000000000000000e+02
7.745000000000000000e+02
2.022500000000000000e+03
2.022500000000000000e+03
7.745000000000000000e+02
7.745000000000000000e+02
7.745000000000000000e+02
2.022500000000000000e+03
2.022500000000000000e+03
7.745000000000000000e+02
7.745000000000000000e+02
7.745000000000000000e+02
7.745000000000000000e+02
2.022500000000000000e+03
2.022500000000000000e+03
2.022500000000000000e+03
7.745000000000000000e+02
7.745000000000000000e+02
7.745000000000000000e+02
7.745000000000000000e+02
7.745000000000000000e+02
2.022500000000000000e+03
2.022500000000000000e+03
2.022500000000000000e+03
7.745000000000000000e+02
7.745000000000000000e+02
7.745000000000000000e+02
7.745000000000000000e+02
7.745000000000000000e+02
2.022500000000000000e+03
2.022500000000000000e+03
2.022500000000000000e+03
7.745000000000000000e+02
7.745000000000000000e+02
7.745000000000000000e+02
7.745000000000000000e+02
7.745000000000000000e+02
2.022500000000000000e+03
2.022500000000000000e+03
2.022500000000000000e+03
7.745000000000000000e+02
7.745000000000000000e+02
7.745000000000000000e+02
7.745000000000000000e+02
2.022500000000000000e+03
2.022500000000000000e+03
7.745000000000000000e+02
7.745000000000000000e+02
7.745000000000000000e+02
2.022500000000000000e+03
7.745000000000000000e+02
2.022500000000000000e+03
7.745000000000000000e+02
7.745000000000000000e+02
2.022500000000000000e+03
2.022500000000000000e+03
7.745000000000000000e+02
7.745000000000000000e+02
7.745000000000000000e+02
7.745000000000000000e+02
2.022500000000000000e+03
2.022500000000000000e+03
7.745000000000000000e+02
7.745000000000000000e+02
7.745000000000000000e+02
2.022500000000000000e+03
2.022500000000000000e+03
7.745000000000000000e+02
7.745000000000000000e+02
7.745000000000000000e+02
7.745000000000000000e+02
2.022500000000000000e+03
2.022500000000000000e+03
2.022500000000000000e+03
7.745000000000000000e+02
7.745000000000000000e+02
7.745000000000000000e+02
7.745000000000000000e+02
7.745000000000000000e+02
2.022500000000000000e+03
2.022500000000000000e+03
2.022500000000000000e+03
7.745000000000000000e+02
7.745000000000000000e+02
7.745000000000000000e+02
7.745000000000000000e+02
7.745000000000000000e+02
2.022500000000000000e+03
2.022500000000000000e+03
2.022500000000000000e+03
7.745000000000000000e+02
7.745000000000000000e+02
7.745000000000000000e+02
7.745000000000000000e+02
2.022500000000000000e+03
2.022500000000000000e+03
7.745000000000000000e+02
7.745000000000000000e+02
7.745000000000000000e+02
2.022500000000000000e+03
7.745000000000000000e+02
2.022500000000000000e+03
7.745000000000000000e+02
7.745000000000000000e+02
2.022500000000000000e+03
7.745000000000000000e+02
2.022500000000000000e+03
7.745000000000000000e+02
7.745000000000000000e+02
7.745000000000000000e+02
2.022500000000000000e+03
2.022500000000000000e+03
2.022500000000000000e+03
7.745000000000000000e+02
7.745000000000000000e+02
7.745000000000000000e+02
7.745000000000000000e+02
7.745000000000000000e+02
7.745000000000000000e+02
2.022500000000000000e+03
2.022500000000000000e+03
2.022500000000000000e+03
7.745000000000000000e+02
7.745000000000000000e+02
7.745000000000000000e+02
7.745000000000000000e+02
2.022500000000000000e+03
2.022500000000000000e+03
2.022500000000000000e+03
7.745000000000000000e+02
7.745000000000000000e+02
7.745000000000000000e+02
7.745000000000000000e+02
7.745000000000000000e+02
7.745000000000000000e+02
2.022500000000000000e+03
2.586499755859375000e+03
2.022500000000000000e+03
2.022500000000000000e+03
7.745000000000000000e+02
7.745000000000000000e+02
7.745000000000000000e+02
7.745000000000000000e+02
7.745000000000000000e+02
7.745000000000000000e+02
7.745000000000000000e+02
2.022500000000000000e+03
2.022500000000000000e+03
2.022500000000000000e+03
2.022500000000000000e+03
7.745000000000000000e+02
7.745000000000000000e+02
7.745000000000000000e+02
7.745000000000000000e+02
7.745000000000000000e+02
2.022500000000000000e+03
2.022500000000000000e+03
7.745000000000000000e+02
7.745000000000000000e+02
7.745000000000000000e+02
2.022500000000000000e+03
2.022500000000000000e+03
7.745000000000000000e+02
7.745000000000000000e+02
7.745000000000000000e+02
2.022500000000000000e+03
2.022500000000000000e+03
7.745000000000000000e+02
7.745000000000000000e+02
7.745000000000000000e+02
7.745000000000000000e+02
2.022500000000000000e+03
2.022500000000000000e+03
2.022500000000000000e+03
7.745000000000000000e+02
7.745000000000000000e+02
7.745000000000000000e+02
7.745000000000000000e+02
7.745000000000000000e+02
2.022500000000000000e+03
2.022500000000000000e+03
2.022500000000000000e+03
7.745000000000000000e+02
7.745000000000000000e+02
7.745000000000000000e+02
7.745000000000000000e+02
7.745000000000000000e+02
2.022500000000000000e+03
2.022500000000000000e+03
2.022500000000000000e+03
7.745000000000000000e+02
7.745000000000000000e+02
7.745000000000000000e+02
7.745000000000000000e+02
7.745000000000000000e+02
2.022500000000000000e+03
2.022500000000000000e+03
2.022500000000000000e+03
7.745000000000000000e+02
7.745000000000000000e+02
7.745000000000000000e+02
7.745000000000000000e+02
2.022500000000000000e+03
2.022500000000000000e+03
7.745000000000000000e+02
7.745000000000000000e+02
7.745000000000000000e+02
2.022500000000000000e+03
7.745000000000000000e+02
2.022500000000000000e+03
7.745000000000000000e+02
7.745000000000000000e+02
2.022500000000000000e+03
7.745000000000000000e+02
2.022500000000000000e+03
7.745000000000000000e+02
7.745000000000000000e+02
7.745000000000000000e+02
2.022500000000000000e+03
2.022500000000000000e+03
7.745000000000000000e+02
7.745000000000000000e+02
2.022500000000000000e+03
7.745000000000000000e+02
7.745000000000000000e+02
2.022500000000000000e+03
7.745000000000000000e+02
7.745000000000000000e+02
2.022500000000000000e+03
2.022500000000000000e+03
7.745000000000000000e+02
7.745000000000000000e+02
7.745000000000000000e+02
7.745000000000000000e+02
2.022500000000000000e+03
2.022500000000000000e+03
2.022500000000000000e+03
7.745000000000000000e+02
7.745000000000000000e+02
7.745000000000000000e+02
7.745000000000000000e+02
7.745000000000000000e+02
2.022500000000000000e+03
2.022500000000000000e+03
7.745000000000000000e+02
7.745000000000000000e+02
2.022500000000000000e+03
7.745000000000000000e+02
2.022500000000000000e+03
7.745000000000000000e+02
7.745000000000000000e+02
7.745000000000000000e+02
2.022500000000000000e+03
2.022500000000000000e+03
7.745000000000000000e+02
7.745000000000000000e+02
7.745000000000000000e+02
2.022500000000000000e+03
2.022500000000000000e+03
7.745000000000000000e+02
7.745000000000000000e+02
7.745000000000000000e+02
7.745000000000000000e+02
2.022500000000000000e+03
2.022500000000000000e+03
2.022500000000000000e+03
7.745000000000000000e+02
7.745000000000000000e+02
7.745000000000000000e+02
7.745000000000000000e+02
7.745000000000000000e+02
2.022500000000000000e+03
2.022500000000000000e+03
2.022500000000000000e+03
7.745000000000000000e+02
7.745000000000000000e+02
7.745000000000000000e+02
7.745000000000000000e+02
7.745000000000000000e+02
2.022500000000000000e+03
2.022500000000000000e+03
2.022500000000000000e+03
7.745000000000000000e+02
7.745000000000000000e+02
7.745000000000000000e+02
7.745000000000000000e+02
7.745000000000000000e+02
2.022500000000000000e+03
2.022500000000000000e+03
2.022500000000000000e+03
7.745000000000000000e+02
7.745000000000000000e+02
7.745000000000000000e+02
7.745000000000000000e+02
2.022500000000000000e+03
2.022500000000000000e+03
7.745000000000000000e+02
7.745000000000000000e+02
7.745000000000000000e+02
2.022500000000000000e+03
2.022500000000000000e+03
7.745000000000000000e+02
7.745000000000000000e+02
7.745000000000000000e+02
7.745000000000000000e+02
2.022500000000000000e+03
2.022500000000000000e+03
2.022500000000000000e+03
7.745000000000000000e+02
7.745000000000000000e+02
7.745000000000000000e+02
7.745000000000000000e+02
7.745000000000000000e+02
2.022500000000000000e+03
2.022500000000000000e+03
2.022500000000000000e+03
7.745000000000000000e+02
7.745000000000000000e+02
7.745000000000000000e+02
7.745000000000000000e+02
7.745000000000000000e+02
2.022500000000000000e+03
2.022500000000000000e+03
2.022500000000000000e+03
7.745000000000000000e+02
7.745000000000000000e+02
7.745000000000000000e+02
7.745000000000000000e+02
7.745000000000000000e+02
2.022500000000000000e+03
2.022500000000000000e+03
2.022500000000000000e+03
7.745000000000000000e+02
7.745000000000000000e+02
7.745000000000000000e+02
7.745000000000000000e+02
2.022500000000000000e+03
2.022500000000000000e+03
7.745000000000000000e+02
7.745000000000000000e+02
7.745000000000000000e+02
7.745000000000000000e+02
2.586499755859375000e+03
2.586499755859375000e+03
2.022500000000000000e+03
7.745000000000000000e+02
7.745000000000000000e+02
7.745000000000000000e+02
7.745000000000000000e+02
7.745000000000000000e+02
2.022500000000000000e+03
2.022500000000000000e+03
7.745000000000000000e+02
7.745000000000000000e+02
2.022500000000000000e+03
7.745000000000000000e+02
7.745000000000000000e+02
2.022500000000000000e+03
2.022500000000000000e+03
7.745000000000000000e+02
7.745000000000000000e+02
7.745000000000000000e+02
7.745000000000000000e+02
2.022500000000000000e+03
2.022500000000000000e+03
7.745000000000000000e+02
7.745000000000000000e+02
2.022500000000000000e+03
7.745000000000000000e+02
7.745000000000000000e+02
2.022500000000000000e+03
7.745000000000000000e+02
2.022500000000000000e+03
7.745000000000000000e+02
7.745000000000000000e+02
2.022500000000000000e+03
7.745000000000000000e+02
7.745000000000000000e+02
2.022500000000000000e+03
2.022500000000000000e+03
7.745000000000000000e+02
7.745000000000000000e+02
7.745000000000000000e+02
7.745000000000000000e+02
2.022500000000000000e+03
2.022500000000000000e+03
7.745000000000000000e+02
7.745000000000000000e+02
2.022500000000000000e+03
7.745000000000000000e+02
7.745000000000000000e+02
2.022500000000000000e+03
2.022500000000000000e+03
7.745000000000000000e+02
7.745000000000000000e+02
7.745000000000000000e+02
7.745000000000000000e+02
2.022500000000000000e+03
2.022500000000000000e+03
7.745000000000000000e+02
7.745000000000000000e+02
7.745000000000000000e+02
2.022500000000000000e+03
2.022500000000000000e+03
7.745000000000000000e+02
7.745000000000000000e+02
7.745000000000000000e+02
2.022500000000000000e+03
2.022500000000000000e+03
7.745000000000000000e+02
7.745000000000000000e+02
7.745000000000000000e+02
7.745000000000000000e+02
2.022500000000000000e+03
2.022500000000000000e+03
2.022500000000000000e+03
7.745000000000000000e+02
7.745000000000000000e+02
7.745000000000000000e+02
7.745000000000000000e+02
7.745000000000000000e+02
2.022500000000000000e+03
2.022500000000000000e+03
7.745000000000000000e+02
7.745000000000000000e+02
2.022500000000000000e+03
2.022500000000000000e+03
7.745000000000000000e+02
7.745000000000000000e+02
7.745000000000000000e+02
7.745000000000000000e+02
7.745000000000000000e+02
2.022500000000000000e+03
2.022500000000000000e+03
2.022500000000000000e+03
7.745000000000000000e+02
7.745000000000000000e+02
7.745000000000000000e+02
7.745000000000000000e+02
2.022500000000000000e+03
2.022500000000000000e+03
2.022500000000000000e+03
7.745000000000000000e+02
7.745000000000000000e+02
7.745000000000000000e+02
7.745000000000000000e+02
7.745000000000000000e+02
7.745000000000000000e+02
2.022500000000000000e+03
2.022500000000000000e+03
2.022500000000000000e+03
2.022500000000000000e+03
7.745000000000000000e+02
7.745000000000000000e+02
7.745000000000000000e+02
7.745000000000000000e+02
7.745000000000000000e+02
7.745000000000000000e+02
7.745000000000000000e+02
2.022500000000000000e+03
2.022500000000000000e+03
2.022500000000000000e+03
2.022500000000000000e+03
7.745000000000000000e+02
7.745000000000000000e+02
7.745000000000000000e+02
7.745000000000000000e+02
7.745000000000000000e+02
7.745000000000000000e+02
2.022500000000000000e+03
2.022500000000000000e+03
2.022500000000000000e+03
2.022500000000000000e+03
7.745000000000000000e+02
7.745000000000000000e+02
7.745000000000000000e+02
7.745000000000000000e+02
7.745000000000000000e+02
7.745000000000000000e+02
7.745000000000000000e+02
2.022500000000000000e+03
2.022500000000000000e+03
2.022500000000000000e+03
2.022500000000000000e+03
7.745000000000000000e+02
7.745000000000000000e+02
7.745000000000000000e+02
7.745000000000000000e+02
7.745000000000000000e+02
7.745000000000000000e+02
2.022500000000000000e+03
2.022500000000000000e+03
2.022500000000000000e+03
2.022500000000000000e+03
7.745000000000000000e+02
7.745000000000000000e+02
7.745000000000000000e+02
7.745000000000000000e+02
7.745000000000000000e+02
7.745000000000000000e+02
7.745000000000000000e+02
2.022500000000000000e+03
2.022500000000000000e+03
2.022500000000000000e+03
2.022500000000000000e+03
7.745000000000000000e+02
7.745000000000000000e+02
7.745000000000000000e+02
7.745000000000000000e+02
7.745000000000000000e+02
2.022500000000000000e+03
2.022500000000000000e+03
7.745000000000000000e+02
7.745000000000000000e+02
7.745000000000000000e+02
2.022500000000000000e+03
2.022500000000000000e+03
7.745000000000000000e+02
7.745000000000000000e+02
7.745000000000000000e+02
2.022500000000000000e+03
2.022500000000000000e+03
7.745000000000000000e+02
7.745000000000000000e+02
7.745000000000000000e+02
7.745000000000000000e+02
2.022500000000000000e+03
2.022500000000000000e+03
2.022500000000000000e+03
7.745000000000000000e+02
7.745000000000000000e+02
7.745000000000000000e+02
7.745000000000000000e+02
7.745000000000000000e+02
2.022500000000000000e+03
2.022500000000000000e+03
7.745000000000000000e+02
7.745000000000000000e+02
2.022500000000000000e+03
2.022500000000000000e+03
7.745000000000000000e+02
7.745000000000000000e+02
7.745000000000000000e+02
7.745000000000000000e+02
7.745000000000000000e+02
2.022500000000000000e+03
2.022500000000000000e+03
2.022500000000000000e+03
7.745000000000000000e+02
7.745000000000000000e+02
7.745000000000000000e+02
7.745000000000000000e+02
2.022500000000000000e+03
2.022500000000000000e+03
7.745000000000000000e+02
7.745000000000000000e+02
2.022500000000000000e+03
7.745000000000000000e+02
7.745000000000000000e+02
7.745000000000000000e+02
2.022500000000000000e+03
2.022500000000000000e+03
2.022500000000000000e+03
7.745000000000000000e+02
7.745000000000000000e+02
7.745000000000000000e+02
7.745000000000000000e+02
7.745000000000000000e+02
7.745000000000000000e+02
2.022500000000000000e+03
2.022500000000000000e+03
2.022500000000000000e+03
2.022500000000000000e+03
7.745000000000000000e+02
7.745000000000000000e+02
7.745000000000000000e+02
7.745000000000000000e+02
7.745000000000000000e+02
7.745000000000000000e+02
7.745000000000000000e+02
2.022500000000000000e+03
2.022500000000000000e+03
2.022500000000000000e+03
2.022500000000000000e+03
7.745000000000000000e+02
7.745000000000000000e+02
7.745000000000000000e+02
7.745000000000000000e+02
7.745000000000000000e+02
2.022500000000000000e+03
2.022500000000000000e+03
7.745000000000000000e+02
7.745000000000000000e+02
2.022500000000000000e+03
7.745000000000000000e+02
7.745000000000000000e+02
2.022500000000000000e+03
7.745000000000000000e+02
2.022500000000000000e+03
7.745000000000000000e+02
7.745000000000000000e+02
2.022500000000000000e+03
7.745000000000000000e+02
7.745000000000000000e+02
2.022500000000000000e+03
2.022500000000000000e+03
7.745000000000000000e+02
7.745000000000000000e+02
7.745000000000000000e+02
7.745000000000000000e+02
2.022500000000000000e+03
2.022500000000000000e+03
7.745000000000000000e+02
7.745000000000000000e+02
2.022500000000000000e+03
7.745000000000000000e+02
7.745000000000000000e+02
2.022500000000000000e+03
2.022500000000000000e+03
7.745000000000000000e+02
7.745000000000000000e+02
7.745000000000000000e+02
7.745000000000000000e+02
2.022500000000000000e+03
2.022500000000000000e+03
7.745000000000000000e+02
7.745000000000000000e+02
7.745000000000000000e+02
2.022500000000000000e+03
2.022500000000000000e+03
7.745000000000000000e+02
7.745000000000000000e+02
7.745000000000000000e+02
2.022500000000000000e+03
7.745000000000000000e+02
2.022500000000000000e+03
7.745000000000000000e+02
7.745000000000000000e+02
2.022500000000000000e+03
7.745000000000000000e+02
2.022500000000000000e+03
7.745000000000000000e+02
7.745000000000000000e+02
7.745000000000000000e+02
2.022500000000000000e+03
2.022500000000000000e+03
7.745000000000000000e+02
7.745000000000000000e+02
7.745000000000000000e+02
2.022500000000000000e+03
2.022500000000000000e+03
7.745000000000000000e+02
7.745000000000000000e+02
7.745000000000000000e+02
2.022500000000000000e+03
7.745000000000000000e+02
2.022500000000000000e+03
7.745000000000000000e+02
7.745000000000000000e+02
2.022500000000000000e+03
7.745000000000000000e+02
2.022500000000000000e+03
7.745000000000000000e+02
7.745000000000000000e+02
7.745000000000000000e+02
2.022500000000000000e+03
2.022500000000000000e+03
7.745000000000000000e+02
7.745000000000000000e+02
7.745000000000000000e+02
2.022500000000000000e+03
2.022500000000000000e+03
7.745000000000000000e+02
7.745000000000000000e+02
7.745000000000000000e+02
2.022500000000000000e+03
7.745000000000000000e+02
2.022500000000000000e+03
7.745000000000000000e+02
7.745000000000000000e+02
2.022500000000000000e+03
7.745000000000000000e+02
2.022500000000000000e+03
7.745000000000000000e+02
7.745000000000000000e+02
7.745000000000000000e+02
2.022500000000000000e+03
2.022500000000000000e+03
7.745000000000000000e+02
7.745000000000000000e+02
2.022500000000000000e+03
7.745000000000000000e+02
7.745000000000000000e+02
2.022500000000000000e+03
7.745000000000000000e+02
7.745000000000000000e+02
2.022500000000000000e+03
2.022500000000000000e+03
7.745000000000000000e+02
7.745000000000000000e+02
7.745000000000000000e+02
7.745000000000000000e+02
2.022500000000000000e+03
2.022500000000000000e+03
7.745000000000000000e+02
7.745000000000000000e+02
2.022500000000000000e+03
7.745000000000000000e+02
7.745000000000000000e+02
2.022500000000000000e+03
2.022500000000000000e+03
7.745000000000000000e+02
7.745000000000000000e+02
7.745000000000000000e+02
7.745000000000000000e+02
2.022500000000000000e+03
2.022500000000000000e+03
7.745000000000000000e+02
7.745000000000000000e+02
7.745000000000000000e+02
2.022500000000000000e+03
2.022500000000000000e+03
7.745000000000000000e+02
7.745000000000000000e+02
7.745000000000000000e+02
2.022500000000000000e+03
2.022500000000000000e+03
7.745000000000000000e+02
7.745000000000000000e+02
7.745000000000000000e+02
7.745000000000000000e+02
2.022500000000000000e+03
2.022500000000000000e+03
2.022500000000000000e+03
7.745000000000000000e+02
1.206500122070312500e+03
1.206500122070312500e+03
7.745000000000000000e+02
7.745000000000000000e+02
2.022500000000000000e+03
2.022500000000000000e+03
2.022500000000000000e+03
7.745000000000000000e+02
7.745000000000000000e+02
7.745000000000000000e+02
7.745000000000000000e+02
2.022500000000000000e+03
2.022500000000000000e+03
7.745000000000000000e+02
7.745000000000000000e+02
7.745000000000000000e+02
2.022500000000000000e+03
2.022500000000000000e+03
7.745000000000000000e+02
7.745000000000000000e+02
7.745000000000000000e+02
2.022500000000000000e+03
2.022500000000000000e+03
7.745000000000000000e+02
7.745000000000000000e+02
7.745000000000000000e+02
7.745000000000000000e+02
2.022500000000000000e+03
2.022500000000000000e+03
2.022500000000000000e+03
7.745000000000000000e+02
7.710500488281250000e+03
7.745000000000000000e+02
2.022500000000000000e+03
2.022500000000000000e+03
2.022500000000000000e+03
7.745000000000000000e+02
1.206500122070312500e+03
1.206500122070312500e+03
7.745000000000000000e+02
2.022500000000000000e+03
2.022500000000000000e+03
7.745000000000000000e+02
7.745000000000000000e+02
7.745000000000000000e+02
2.022500000000000000e+03
2.022500000000000000e+03
7.745000000000000000e+02
7.745000000000000000e+02
7.745000000000000000e+02
2.022500000000000000e+03
2.022500000000000000e+03
7.745000000000000000e+02
7.745000000000000000e+02
7.745000000000000000e+02
2.022500000000000000e+03
7.745000000000000000e+02
2.022500000000000000e+03
7.745000000000000000e+02
7.745000000000000000e+02
2.022500000000000000e+03
7.745000000000000000e+02
7.745000000000000000e+02
2.022500000000000000e+03
2.022500000000000000e+03
7.745000000000000000e+02
7.745000000000000000e+02
7.745000000000000000e+02
7.745000000000000000e+02
2.022500000000000000e+03
2.022500000000000000e+03
2.022500000000000000e+03
7.710500488281250000e+03
6.706500488281250000e+03
2.022500000000000000e+03
2.022500000000000000e+03
2.022500000000000000e+03
2.022500000000000000e+03
7.710500488281250000e+03
7.710500488281250000e+03
2.022500000000000000e+03
2.022500000000000000e+03
2.022500000000000000e+03
2.022500000000000000e+03
7.710500488281250000e+03
7.710500488281250000e+03
2.022500000000000000e+03
2.022500000000000000e+03
2.022500000000000000e+03
7.745000000000000000e+02
7.745000000000000000e+02
7.745000000000000000e+02
2.022500000000000000e+03
2.022500000000000000e+03
7.710500488281250000e+03
7.745000000000000000e+02
2.022500000000000000e+03
2.022500000000000000e+03
2.022500000000000000e+03
1.206500122070312500e+03
1.206500122070312500e+03
1.206500122070312500e+03
1.206500122070312500e+03
5.544999389648437500e+02
5.544999389648437500e+02
5.544999389648437500e+02
5.544999389648437500e+02
5.544999389648437500e+02
1.206500122070312500e+03
1.206500122070312500e+03
1.206500122070312500e+03
5.544999389648437500e+02
5.544999389648437500e+02
5.544999389648437500e+02
5.544999389648437500e+02
7.745000000000000000e+02
1.206500122070312500e+03
7.745000000000000000e+02
5.544999389648437500e+02
5.544999389648437500e+02
5.544999389648437500e+02
5.544999389648437500e+02
1.206500122070312500e+03
1.206500122070312500e+03
1.206500122070312500e+03
5.544999389648437500e+02
5.544999389648437500e+02
5.544999389648437500e+02
5.544999389648437500e+02
5.544999389648437500e+02
1.206500122070312500e+03
1.206500122070312500e+03
1.206500122070312500e+03
7.745000000000000000e+02
2.022500000000000000e+03
2.022500000000000000e+03
2.022500000000000000e+03
7.745000000000000000e+02
1.206500122070312500e+03
1.206500122070312500e+03
7.745000000000000000e+02
2.022500000000000000e+03
2.022500000000000000e+03
2.022500000000000000e+03
1.206500122070312500e+03
1.206500122070312500e+03
1.206500122070312500e+03
1.206500122070312500e+03
5.544999389648437500e+02
5.544999389648437500e+02
5.544999389648437500e+02
5.544999389648437500e+02
5.544999389648437500e+02
7.745000000000000000e+02
1.206500122070312500e+03
7.745000000000000000e+02
7.745000000000000000e+02
5.544999389648437500e+02
5.544999389648437500e+02
5.544999389648437500e+02
5.544999389648437500e+02
5.544999389648437500e+02
7.745000000000000000e+02
7.745000000000000000e+02
7.745000000000000000e+02
5.544999389648437500e+02
5.544999389648437500e+02
7.745000000000000000e+02
5.544999389648437500e+02
7.745000000000000000e+02
5.544999389648437500e+02
7.745000000000000000e+02
5.544999389648437500e+02
5.544999389648437500e+02
7.745000000000000000e+02
7.745000000000000000e+02
5.544999389648437500e+02
5.544999389648437500e+02
7.745000000000000000e+02
5.544999389648437500e+02
7.745000000000000000e+02
5.544999389648437500e+02
7.745000000000000000e+02
5.544999389648437500e+02
5.544999389648437500e+02
7.745000000000000000e+02
7.745000000000000000e+02
5.544999389648437500e+02
5.544999389648437500e+02
7.745000000000000000e+02
7.745000000000000000e+02
5.544999389648437500e+02
5.544999389648437500e+02
5.544999389648437500e+02
7.745000000000000000e+02
7.745000000000000000e+02
7.745000000000000000e+02
5.544999389648437500e+02
5.544999389648437500e+02
5.544999389648437500e+02
5.544999389648437500e+02
7.745000000000000000e+02
7.745000000000000000e+02
7.745000000000000000e+02
5.544999389648437500e+02
5.544999389648437500e+02
5.544999389648437500e+02
7.745000000000000000e+02
7.745000000000000000e+02
5.544999389648437500e+02
5.544999389648437500e+02
7.745000000000000000e+02
7.745000000000000000e+02
5.544999389648437500e+02
5.544999389648437500e+02
7.745000000000000000e+02
5.544999389648437500e+02
7.745000000000000000e+02
5.544999389648437500e+02
5.544999389648437500e+02
7.745000000000000000e+02
7.745000000000000000e+02
5.544999389648437500e+02
5.544999389648437500e+02
7.745000000000000000e+02
7.745000000000000000e+02
5.544999389648437500e+02
5.544999389648437500e+02
5.544999389648437500e+02
7.745000000000000000e+02
7.745000000000000000e+02
7.745000000000000000e+02
5.544999389648437500e+02
5.544999389648437500e+02
5.544999389648437500e+02
5.544999389648437500e+02
7.745000000000000000e+02
7.745000000000000000e+02
7.745000000000000000e+02
5.544999389648437500e+02
5.544999389648437500e+02
5.544999389648437500e+02
7.745000000000000000e+02
7.745000000000000000e+02
7.745000000000000000e+02
5.544999389648437500e+02
5.544999389648437500e+02
5.544999389648437500e+02
5.544999389648437500e+02
7.745000000000000000e+02
7.745000000000000000e+02
7.745000000000000000e+02
5.544999389648437500e+02
5.544999389648437500e+02
5.544999389648437500e+02
7.745000000000000000e+02
7.745000000000000000e+02
5.544999389648437500e+02
5.544999389648437500e+02
7.745000000000000000e+02
7.745000000000000000e+02
5.544999389648437500e+02
5.544999389648437500e+02
5.544999389648437500e+02
7.745000000000000000e+02
7.745000000000000000e+02
7.745000000000000000e+02
5.544999389648437500e+02
5.544999389648437500e+02
5.544999389648437500e+02
5.544999389648437500e+02
7.745000000000000000e+02
7.745000000000000000e+02
7.745000000000000000e+02
7.745000000000000000e+02
2.022500000000000000e+03
2.022500000000000000e+03
2.022500000000000000e+03
7.745000000000000000e+02
1.206500122070312500e+03
1.206500122070312500e+03
7.745000000000000000e+02
5.544999389648437500e+02
5.544999389648437500e+02
5.544999389648437500e+02
5.544999389648437500e+02
7.745000000000000000e+02
7.745000000000000000e+02
7.745000000000000000e+02
5.544999389648437500e+02
5.544999389648437500e+02
5.544999389648437500e+02
7.745000000000000000e+02
7.745000000000000000e+02
5.544999389648437500e+02
5.544999389648437500e+02
7.745000000000000000e+02
5.544999389648437500e+02
7.745000000000000000e+02
5.544999389648437500e+02
7.745000000000000000e+02
5.544999389648437500e+02
7.745000000000000000e+02
5.544999389648437500e+02
5.544999389648437500e+02
7.745000000000000000e+02
7.745000000000000000e+02
5.544999389648437500e+02
5.544999389648437500e+02
5.544999389648437500e+02
7.745000000000000000e+02
1.206500122070312500e+03
7.745000000000000000e+02
5.544999389648437500e+02
5.544999389648437500e+02
5.544999389648437500e+02
5.544999389648437500e+02
7.745000000000000000e+02
1.206500122070312500e+03
7.745000000000000000e+02
5.544999389648437500e+02
5.544999389648437500e+02
5.544999389648437500e+02
5.544999389648437500e+02
1.206500122070312500e+03
1.206500122070312500e+03
7.745000000000000000e+02
5.544999389648437500e+02
5.544999389648437500e+02
5.544999389648437500e+02
5.544999389648437500e+02
1.206500122070312500e+03
1.206500122070312500e+03
7.745000000000000000e+02
5.544999389648437500e+02
5.544999389648437500e+02
5.544999389648437500e+02
5.544999389648437500e+02
7.745000000000000000e+02
1.206500122070312500e+03
7.745000000000000000e+02
5.544999389648437500e+02
5.544999389648437500e+02
5.544999389648437500e+02
5.544999389648437500e+02
1.206500122070312500e+03
1.206500122070312500e+03
7.745000000000000000e+02
5.544999389648437500e+02
5.544999389648437500e+02
5.544999389648437500e+02
5.544999389648437500e+02
1.206500122070312500e+03
1.206500122070312500e+03
5.544999389648437500e+02
5.544999389648437500e+02
1.206500122070312500e+03
7.745000000000000000e+02
5.544999389648437500e+02
5.544999389648437500e+02
5.544999389648437500e+02
5.544999389648437500e+02
1.206500122070312500e+03
1.206500122070312500e+03
1.206500122070312500e+03
5.544999389648437500e+02
5.544999389648437500e+02
5.544999389648437500e+02
5.544999389648437500e+02
1.206500122070312500e+03
1.206500122070312500e+03
7.745000000000000000e+02
5.544999389648437500e+02
5.544999389648437500e+02
5.544999389648437500e+02
5.544999389648437500e+02
5.544999389648437500e+02
1.206500122070312500e+03
1.206500122070312500e+03
1.206500122070312500e+03
1.206500122070312500e+03
5.544999389648437500e+02
5.544999389648437500e+02
5.544999389648437500e+02
5.544999389648437500e+02
5.544999389648437500e+02
5.544999389648437500e+02
1.206500122070312500e+03
1.206500122070312500e+03
1.206500122070312500e+03
1.206500122070312500e+03
5.544999389648437500e+02
5.544999389648437500e+02
5.544999389648437500e+02
5.544999389648437500e+02
5.544999389648437500e+02
5.544999389648437500e+02
1.206500122070312500e+03
7.710500488281250000e+03
1.206500122070312500e+03
2.022500000000000000e+03
2.022500000000000000e+03
2.022500000000000000e+03
5.544999389648437500e+02
1.206500122070312500e+03
1.206500122070312500e+03
1.206500122070312500e+03
2.985000305175781250e+02
2.985000305175781250e+02
2.985000305175781250e+02
2.985000305175781250e+02
1.206500122070312500e+03
1.206500122070312500e+03
2.985000305175781250e+02
5.544999389648437500e+02
5.544999389648437500e+02
2.985000305175781250e+02
7.710500488281250000e+03
2.985000305175781250e+02
5.544999389648437500e+02
5.544999389648437500e+02
5.544999389648437500e+02
1.206500122070312500e+03
1.206500122070312500e+03
2.985000305175781250e+02
5.544999389648437500e+02
2.985000305175781250e+02
1.206500122070312500e+03
1.206500122070312500e+03
5.544999389648437500e+02
5.544999389648437500e+02
5.544999389648437500e+02
2.985000305175781250e+02
7.710500488281250000e+03
2.985000305175781250e+02
5.544999389648437500e+02
5.544999389648437500e+02
2.985000305175781250e+02
7.710500488281250000e+03
5.544999389648437500e+02
5.544999389648437500e+02
5.544999389648437500e+02
5.544999389648437500e+02
7.710500488281250000e+03
5.544999389648437500e+02
5.544999389648437500e+02
5.544999389648437500e+02
7.745000000000000000e+02
7.745000000000000000e+02
5.544999389648437500e+02
5.544999389648437500e+02
5.544999389648437500e+02
7.710500488281250000e+03
5.544999389648437500e+02
5.544999389648437500e+02
5.544999389648437500e+02
7.745000000000000000e+02
7.745000000000000000e+02
5.544999389648437500e+02
5.544999389648437500e+02
5.544999389648437500e+02
7.745000000000000000e+02
1.206500122070312500e+03
5.544999389648437500e+02
5.544999389648437500e+02
2.985000305175781250e+02
7.710500488281250000e+03
2.022500000000000000e+03
2.022500000000000000e+03
7.710500488281250000e+03
2.022500000000000000e+03
2.022500000000000000e+03
7.710500488281250000e+03
2.022500000000000000e+03
2.022500000000000000e+03
7.710500488281250000e+03
2.022500000000000000e+03
2.022500000000000000e+03
7.710500488281250000e+03
2.022500000000000000e+03
2.022500000000000000e+03
7.710500488281250000e+03
2.022500000000000000e+03
2.022500000000000000e+03
7.710500488281250000e+03
2.022500000000000000e+03
2.022500000000000000e+03
7.710500488281250000e+03
1.478500000000000000e+03
1.478500000000000000e+03
7.710500488281250000e+03
2.022500000000000000e+03
2.022500000000000000e+03
7.710500488281250000e+03
2.022500000000000000e+03
2.022500000000000000e+03
7.710500488281250000e+03
2.022500000000000000e+03
2.022500000000000000e+03
7.710500488281250000e+03
2.022500000000000000e+03
2.022500000000000000e+03
7.710500488281250000e+03
2.022500000000000000e+03
2.022500000000000000e+03
7.710500488281250000e+03
2.022500000000000000e+03
2.022500000000000000e+03
7.710500488281250000e+03
2.022500000000000000e+03
2.022500000000000000e+03
7.710500488281250000e+03
1.478500000000000000e+03
1.478500000000000000e+03
7.710500488281250000e+03
2.022500000000000000e+03
2.022500000000000000e+03
1.206500122070312500e+03
1.206500122070312500e+03
2.022500000000000000e+03
1.478500000000000000e+03
7.710500488281250000e+03
1.206500122070312500e+03
2.022500000000000000e+03
2.022500000000000000e+03
2.022500000000000000e+03
7.710500488281250000e+03
2.022500000000000000e+03
1.206500122070312500e+03
1.478500000000000000e+03
7.710500488281250000e+03
2.022500000000000000e+03
2.022500000000000000e+03
2.022500000000000000e+03
7.710500488281250000e+03
7.710500488281250000e+03
2.390499755859375000e+03
2.390499755859375000e+03
2.390499755859375000e+03
2.390499755859375000e+03
7.086500000000000000e+03
7.086500000000000000e+03
5.849999618530273438e+01
2.390499755859375000e+03
2.390499755859375000e+03
2.390499755859375000e+03
5.849999618530273438e+01
7.086500000000000000e+03
6.122500000000000000e+03
3.862500000000000000e+03
3.862500000000000000e+03
3.862500000000000000e+03
6.122500000000000000e+03
7.086500000000000000e+03
2.390499755859375000e+03
2.390499755859375000e+03
5.849999618530273438e+01
5.849999618530273438e+01
5.849999618530273438e+01
6.122500000000000000e+03
2.390499755859375000e+03
2.390499755859375000e+03
2.390499755859375000e+03
5.230500000000000000e+03
5.230500000000000000e+03
2.390499755859375000e+03
2.390499755859375000e+03
6.065000000000000000e+02
9.905000000000000000e+02
2.390499755859375000e+03
9.905000000000000000e+02
9.905000000000000000e+02
2.390499755859375000e+03
6.065000000000000000e+02
2.390499755859375000e+03
9.905000000000000000e+02
9.905000000000000000e+02
6.065000000000000000e+02
2.022500000000000000e+03
2.022500000000000000e+03
6.122500000000000000e+03
5.849999618530273438e+01
5.849999618530273438e+01
2.390499755859375000e+03
2.390499755859375000e+03
6.122500000000000000e+03
5.849999618530273438e+01
5.849999618530273438e+01
5.849999618530273438e+01
5.849999618530273438e+01
5.849999618530273438e+01
5.849999618530273438e+01
5.849999618530273438e+01
6.249999618530273438e+01
6.249999618530273438e+01
6.249999618530273438e+01
6.249999618530273438e+01
6.249999618530273438e+01
6.249999618530273438e+01
6.249999618530273438e+01
6.249999618530273438e+01
5.849999618530273438e+01
5.849999618530273438e+01
5.849999618530273438e+01
5.849999618530273438e+01
5.849999618530273438e+01
5.849999618530273438e+01
5.849999618530273438e+01
5.849999618530273438e+01
5.849999618530273438e+01
6.249999618530273438e+01
6.249999618530273438e+01
6.249999618530273438e+01
6.249999618530273438e+01
5.849999618530273438e+01
5.849999618530273438e+01
5.849999618530273438e+01
5.849999618530273438e+01
5.849999618530273438e+01
5.849999618530273438e+01
6.249999618530273438e+01
6.249999618530273438e+01
6.249999618530273438e+01
6.249999618530273438e+01
5.849999618530273438e+01
5.849999618530273438e+01
5.849999618530273438e+01
5.849999618530273438e+01
5.849999618530273438e+01
5.849999618530273438e+01
6.249999618530273438e+01
6.249999618530273438e+01
6.249999618530273438e+01
5.849999618530273438e+01
5.849999618530273438e+01
5.849999618530273438e+01
5.849999618530273438e+01
5.849999618530273438e+01
6.249999618530273438e+01
6.249999618530273438e+01
6.249999618530273438e+01
5.849999618530273438e+01
5.849999618530273438e+01
5.849999618530273438e+01
5.849999618530273438e+01
5.849999618530273438e+01
6.249999618530273438e+01
6.249999618530273438e+01
6.249999618530273438e+01
5.849999618530273438e+01
5.849999618530273438e+01
5.849999618530273438e+01
5.849999618530273438e+01
5.849999618530273438e+01
6.249999618530273438e+01
6.249999618530273438e+01
6.249999618530273438e+01
5.849999618530273438e+01
5.849999618530273438e+01
5.849999618530273438e+01
5.849999618530273438e+01
5.849999618530273438e+01
6.249999618530273438e+01
6.249999618530273438e+01
6.249999618530273438e+01
5.849999618530273438e+01
5.849999618530273438e+01
5.849999618530273438e+01
5.849999618530273438e+01
5.849999618530273438e+01
6.249999618530273438e+01
6.249999618530273438e+01
6.249999618530273438e+01
5.849999618530273438e+01
5.849999618530273438e+01
5.849999618530273438e+01
5.849999618530273438e+01
5.849999618530273438e+01
6.249999618530273438e+01
6.249999618530273438e+01
6.249999618530273438e+01
5.849999618530273438e+01
5.849999618530273438e+01
5.849999618530273438e+01
5.849999618530273438e+01
5.849999618530273438e+01
6.249999618530273438e+01
6.249999618530273438e+01
6.249999618530273438e+01
5.849999618530273438e+01
5.849999618530273438e+01
5.849999618530273438e+01
5.849999618530273438e+01
5.849999618530273438e+01
6.249999618530273438e+01
6.249999618530273438e+01
6.249999618530273438e+01
5.849999618530273438e+01
5.849999618530273438e+01
5.849999618530273438e+01
5.849999618530273438e+01
5.849999618530273438e+01
6.249999618530273438e+01
6.249999618530273438e+01
6.249999618530273438e+01
5.849999618530273438e+01
5.849999618530273438e+01
5.849999618530273438e+01
5.849999618530273438e+01
5.849999618530273438e+01
6.249999618530273438e+01
6.249999618530273438e+01
6.249999618530273438e+01
5.849999618530273438e+01
5.849999618530273438e+01
5.849999618530273438e+01
5.849999618530273438e+01
5.849999618530273438e+01
6.249999618530273438e+01
6.249999618530273438e+01
6.249999618530273438e+01
5.849999618530273438e+01
5.849999618530273438e+01
5.849999618530273438e+01
5.849999618530273438e+01
5.849999618530273438e+01
6.249999618530273438e+01
6.249999618530273438e+01
6.249999618530273438e+01
5.849999618530273438e+01
5.849999618530273438e+01
5.849999618530273438e+01
5.849999618530273438e+01
5.849999618530273438e+01
6.249999618530273438e+01
6.249999618530273438e+01
6.249999618530273438e+01
5.849999618530273438e+01
5.849999618530273438e+01
5.849999618530273438e+01
5.849999618530273438e+01
5.849999618530273438e+01
6.249999618530273438e+01
6.249999618530273438e+01
6.249999618530273438e+01
5.849999618530273438e+01
5.849999618530273438e+01
5.849999618530273438e+01
5.849999618530273438e+01
5.849999618530273438e+01
6.249999618530273438e+01
6.249999618530273438e+01
6.249999618530273438e+01
5.849999618530273438e+01
5.849999618530273438e+01
5.849999618530273438e+01
5.849999618530273438e+01
5.849999618530273438e+01
6.249999618530273438e+01
6.249999618530273438e+01
6.249999618530273438e+01
5.849999618530273438e+01
5.849999618530273438e+01
5.849999618530273438e+01
5.849999618530273438e+01
5.849999618530273438e+01
6.249999618530273438e+01
6.249999618530273438e+01
6.249999618530273438e+01
5.849999618530273438e+01
5.849999618530273438e+01
5.849999618530273438e+01
5.849999618530273438e+01
5.849999618530273438e+01
6.249999618530273438e+01
6.249999618530273438e+01
6.249999618530273438e+01
5.849999618530273438e+01
5.849999618530273438e+01
5.849999618530273438e+01
5.849999618530273438e+01
5.849999618530273438e+01
6.249999618530273438e+01
6.249999618530273438e+01
6.249999618530273438e+01
5.849999618530273438e+01
5.849999618530273438e+01
5.849999618530273438e+01
5.849999618530273438e+01
5.849999618530273438e+01
6.249999618530273438e+01
6.249999618530273438e+01
6.249999618530273438e+01
5.849999618530273438e+01
5.849999618530273438e+01
5.849999618530273438e+01
5.849999618530273438e+01
5.849999618530273438e+01
6.249999618530273438e+01
6.249999618530273438e+01
6.249999618530273438e+01
5.849999618530273438e+01
5.849999618530273438e+01
5.849999618530273438e+01
5.849999618530273438e+01
5.849999618530273438e+01
6.249999618530273438e+01
6.249999618530273438e+01
6.249999618530273438e+01
5.849999618530273438e+01
5.849999618530273438e+01
5.849999618530273438e+01
5.849999618530273438e+01
5.849999618530273438e+01
6.249999618530273438e+01
6.249999618530273438e+01
6.249999618530273438e+01
5.849999618530273438e+01
5.849999618530273438e+01
5.849999618530273438e+01
5.849999618530273438e+01
5.849999618530273438e+01
6.249999618530273438e+01
6.249999618530273438e+01
6.249999618530273438e+01
5.849999618530273438e+01
5.849999618530273438e+01
5.849999618530273438e+01
5.849999618530273438e+01
5.849999618530273438e+01
6.249999618530273438e+01
6.249999618530273438e+01
6.249999618530273438e+01
5.849999618530273438e+01
5.849999618530273438e+01
5.849999618530273438e+01
5.849999618530273438e+01
5.849999618530273438e+01
6.249999618530273438e+01
6.249999618530273438e+01
6.249999618530273438e+01
5.849999618530273438e+01
5.849999618530273438e+01
5.849999618530273438e+01
5.849999618530273438e+01
5.849999618530273438e+01
6.249999618530273438e+01
6.249999618530273438e+01
6.249999618530273438e+01
5.849999618530273438e+01
5.849999618530273438e+01
5.849999618530273438e+01
5.849999618530273438e+01
5.849999618530273438e+01
6.249999618530273438e+01
6.249999618530273438e+01
6.249999618530273438e+01
5.849999618530273438e+01
5.849999618530273438e+01
5.849999618530273438e+01
5.849999618530273438e+01
5.849999618530273438e+01
6.249999618530273438e+01
6.249999618530273438e+01
6.249999618530273438e+01
5.849999618530273438e+01
5.849999618530273438e+01
5.849999618530273438e+01
5.849999618530273438e+01
5.849999618530273438e+01
6.249999618530273438e+01
6.249999618530273438e+01
6.249999618530273438e+01
5.849999618530273438e+01
5.849999618530273438e+01
5.849999618530273438e+01
5.849999618530273438e+01
5.849999618530273438e+01
6.249999618530273438e+01
6.249999618530273438e+01
6.249999618530273438e+01
5.849999618530273438e+01
5.849999618530273438e+01
5.849999618530273438e+01
5.849999618530273438e+01
5.849999618530273438e+01
6.249999618530273438e+01
6.249999618530273438e+01
6.249999618530273438e+01
5.849999618530273438e+01
5.849999618530273438e+01
5.849999618530273438e+01
5.849999618530273438e+01
5.849999618530273438e+01
6.249999618530273438e+01
6.249999618530273438e+01
6.249999618530273438e+01
5.849999618530273438e+01
5.849999618530273438e+01
5.849999618530273438e+01
5.849999618530273438e+01
5.849999618530273438e+01
6.249999618530273438e+01
6.249999618530273438e+01
6.249999618530273438e+01
5.849999618530273438e+01
5.849999618530273438e+01
5.849999618530273438e+01
5.849999618530273438e+01
5.849999618530273438e+01
6.249999618530273438e+01
6.249999618530273438e+01
6.249999618530273438e+01
5.849999618530273438e+01
5.849999618530273438e+01
5.849999618530273438e+01
5.849999618530273438e+01
5.849999618530273438e+01
6.249999618530273438e+01
6.249999618530273438e+01
6.249999618530273438e+01
5.849999618530273438e+01
5.849999618530273438e+01
5.849999618530273438e+01
5.849999618530273438e+01
5.849999618530273438e+01
6.249999618530273438e+01
6.249999618530273438e+01
6.249999618530273438e+01
5.849999618530273438e+01
5.849999618530273438e+01
5.849999618530273438e+01
5.849999618530273438e+01
5.849999618530273438e+01
6.249999618530273438e+01
6.249999618530273438e+01
6.249999618530273438e+01
5.849999618530273438e+01
5.849999618530273438e+01
5.849999618530273438e+01
5.849999618530273438e+01
5.849999618530273438e+01
6.249999618530273438e+01
6.249999618530273438e+01
6.249999618530273438e+01
5.849999618530273438e+01
5.849999618530273438e+01
5.849999618530273438e+01
5.849999618530273438e+01
5.849999618530273438e+01
6.249999618530273438e+01
6.249999618530273438e+01
6.249999618530273438e+01
5.849999618530273438e+01
5.849999618530273438e+01
5.849999618530273438e+01
5.849999618530273438e+01
5.849999618530273438e+01
6.249999618530273438e+01
6.249999618530273438e+01
6.249999618530273438e+01
5.849999618530273438e+01
5.849999618530273438e+01
5.849999618530273438e+01
5.849999618530273438e+01
5.849999618530273438e+01
6.249999618530273438e+01
6.249999618530273438e+01
6.249999618530273438e+01
5.849999618530273438e+01
5.849999618530273438e+01
5.849999618530273438e+01
5.849999618530273438e+01
5.849999618530273438e+01
6.249999618530273438e+01
6.249999618530273438e+01
6.249999618530273438e+01
5.849999618530273438e+01
5.849999618530273438e+01
5.849999618530273438e+01
5.849999618530273438e+01
5.849999618530273438e+01
6.249999618530273438e+01
6.249999618530273438e+01
6.249999618530273438e+01
5.849999618530273438e+01
5.849999618530273438e+01
5.849999618530273438e+01
5.849999618530273438e+01
5.849999618530273438e+01
6.249999618530273438e+01
6.249999618530273438e+01
6.249999618530273438e+01
5.849999618530273438e+01
5.849999618530273438e+01
5.849999618530273438e+01
5.849999618530273438e+01
5.849999618530273438e+01
6.249999618530273438e+01
6.249999618530273438e+01
6.249999618530273438e+01
5.849999618530273438e+01
5.849999618530273438e+01
5.849999618530273438e+01
5.849999618530273438e+01
5.849999618530273438e+01
6.249999618530273438e+01
6.249999618530273438e+01
6.249999618530273438e+01
5.849999618530273438e+01
5.849999618530273438e+01
5.849999618530273438e+01
5.849999618530273438e+01
5.849999618530273438e+01
6.249999618530273438e+01
6.249999618530273438e+01
6.249999618530273438e+01
5.849999618530273438e+01
5.849999618530273438e+01
5.849999618530273438e+01
5.849999618530273438e+01
5.849999618530273438e+01
6.249999618530273438e+01
6.249999618530273438e+01
6.249999618530273438e+01
5.849999618530273438e+01
5.849999618530273438e+01
5.849999618530273438e+01
5.849999618530273438e+01
5.849999618530273438e+01
6.249999618530273438e+01
6.249999618530273438e+01
6.249999618530273438e+01
5.849999618530273438e+01
5.849999618530273438e+01
5.849999618530273438e+01
5.849999618530273438e+01
5.849999618530273438e+01
6.249999618530273438e+01
6.249999618530273438e+01
6.249999618530273438e+01
5.849999618530273438e+01
5.849999618530273438e+01
5.849999618530273438e+01
5.849999618530273438e+01
5.849999618530273438e+01
6.249999618530273438e+01
6.249999618530273438e+01
6.249999618530273438e+01
5.849999618530273438e+01
5.849999618530273438e+01
5.849999618530273438e+01
5.849999618530273438e+01
5.849999618530273438e+01
6.249999618530273438e+01
6.249999618530273438e+01
6.249999618530273438e+01
5.849999618530273438e+01
5.849999618530273438e+01
5.849999618530273438e+01
5.849999618530273438e+01
6.249999618530273438e+01
6.249999618530273438e+01
5.849999618530273438e+01
5.849999618530273438e+01
5.849999618530273438e+01
5.849999618530273438e+01
6.249999618530273438e+01
6.249999618530273438e+01
6.249999618530273438e+01
5.849999618530273438e+01
5.849999618530273438e+01
5.849999618530273438e+01
5.849999618530273438e+01
5.849999618530273438e+01
6.249999618530273438e+01
6.249999618530273438e+01
6.249999618530273438e+01
5.849999618530273438e+01
5.849999618530273438e+01
5.849999618530273438e+01
5.849999618530273438e+01
5.849999618530273438e+01
6.249999618530273438e+01
6.249999618530273438e+01
6.249999618530273438e+01
5.849999618530273438e+01
5.849999618530273438e+01
5.849999618530273438e+01
5.849999618530273438e+01
6.249999618530273438e+01
6.249999618530273438e+01
5.849999618530273438e+01
5.849999618530273438e+01
5.849999618530273438e+01
5.849999618530273438e+01
6.249999618530273438e+01
6.249999618530273438e+01
6.249999618530273438e+01
5.849999618530273438e+01
5.849999618530273438e+01
5.849999618530273438e+01
5.849999618530273438e+01
5.849999618530273438e+01
5.849999618530273438e+01
6.249999618530273438e+01
6.249999618530273438e+01
6.249999618530273438e+01
5.849999618530273438e+01
5.849999618530273438e+01
5.849999618530273438e+01
5.849999618530273438e+01
6.249999618530273438e+01
6.249999618530273438e+01
5.849999618530273438e+01
5.849999618530273438e+01
5.849999618530273438e+01
5.849999618530273438e+01
6.249999618530273438e+01
6.249999618530273438e+01
6.249999618530273438e+01
5.849999618530273438e+01
5.849999618530273438e+01
5.849999618530273438e+01
5.849999618530273438e+01
6.249999618530273438e+01
6.249999618530273438e+01
5.849999618530273438e+01
5.849999618530273438e+01
5.849999618530273438e+01
5.849999618530273438e+01
6.249999618530273438e+01
6.249999618530273438e+01
6.249999618530273438e+01
5.849999618530273438e+01
5.849999618530273438e+01
5.849999618530273438e+01
5.849999618530273438e+01
5.849999618530273438e+01
5.849999618530273438e+01
6.249999618530273438e+01
6.249999618530273438e+01
6.249999618530273438e+01
5.849999618530273438e+01
5.849999618530273438e+01
5.849999618530273438e+01
5.849999618530273438e+01
6.249999618530273438e+01
6.249999618530273438e+01
5.849999618530273438e+01
5.849999618530273438e+01
5.849999618530273438e+01
6.249999618530273438e+01
6.249999618530273438e+01
5.849999618530273438e+01
5.849999618530273438e+01
5.849999618530273438e+01
5.849999618530273438e+01
6.249999618530273438e+01
6.249999618530273438e+01
6.249999618530273438e+01
5.849999618530273438e+01
5.849999618530273438e+01
5.849999618530273438e+01
5.849999618530273438e+01
5.849999618530273438e+01
6.249999618530273438e+01
6.249999618530273438e+01
6.249999618530273438e+01
5.849999618530273438e+01
5.849999618530273438e+01
5.849999618530273438e+01
5.849999618530273438e+01
5.849999618530273438e+01
6.249999618530273438e+01
6.249999618530273438e+01
6.249999618530273438e+01
5.849999618530273438e+01
5.849999618530273438e+01
5.849999618530273438e+01
5.849999618530273438e+01
5.849999618530273438e+01
6.249999618530273438e+01
6.249999618530273438e+01
6.249999618530273438e+01
5.849999618530273438e+01
5.849999618530273438e+01
5.849999618530273438e+01
5.849999618530273438e+01
5.849999618530273438e+01
6.249999618530273438e+01
6.249999618530273438e+01
6.249999618530273438e+01
5.849999618530273438e+01
5.849999618530273438e+01
5.849999618530273438e+01
5.849999618530273438e+01
5.849999618530273438e+01
6.249999618530273438e+01
6.249999618530273438e+01
6.249999618530273438e+01
5.849999618530273438e+01
5.849999618530273438e+01
5.849999618530273438e+01
5.849999618530273438e+01
5.849999618530273438e+01
6.249999618530273438e+01
6.249999618530273438e+01
6.249999618530273438e+01
5.849999618530273438e+01
5.849999618530273438e+01
5.849999618530273438e+01
5.849999618530273438e+01
5.849999618530273438e+01
6.249999618530273438e+01
6.249999618530273438e+01
6.249999618530273438e+01
5.849999618530273438e+01
5.849999618530273438e+01
5.849999618530273438e+01
5.849999618530273438e+01
5.849999618530273438e+01
6.249999618530273438e+01
6.249999618530273438e+01
6.249999618530273438e+01
5.849999618530273438e+01
5.849999618530273438e+01
5.849999618530273438e+01
5.849999618530273438e+01
