7.503460083007812500e+02
4.067097778320312500e+02
1.831370086669921875e+02
5.312710571289062500e+01
8.090573310852050781e+00
7.050024986267089844e+00
7.013810157775878906e+00
6.984432220458984375e+00
6.959500312805175781e+00
6.938323974609375000e+00
6.919222831726074219e+00
6.902093410491943359e+00
6.886021614074707031e+00
6.870900154113769531e+00
6.856386661529541016e+00
6.841950893402099609e+00
6.827852725982666016e+00
6.813617706298828125e+00
6.799386501312255859e+00
6.784997463226318359e+00
6.770573616027832031e+00
6.755560874938964844e+00
6.740617275238037109e+00
6.725714683532714844e+00
6.709810733795166016e+00
6.694117069244384766e+00
6.677809715270996094e+00
6.661732673645019531e+00
6.644882202148437500e+00
6.627980709075927734e+00
6.610408782958984375e+00
6.593159675598144531e+00
6.575112819671630859e+00
6.557042121887207031e+00
6.538628578186035156e+00
6.519779205322265625e+00
6.500889778137207031e+00
6.481283664703369141e+00
6.461847782135009766e+00
6.441910743713378906e+00
6.421602725982666016e+00
6.401220798492431641e+00
6.379969120025634766e+00
6.359176635742187500e+00
6.337852954864501953e+00
6.315980434417724609e+00
6.294105529785156250e+00
6.271843433380126953e+00
6.249482631683349609e+00
6.226651668548583984e+00
6.203675270080566406e+00
6.180473327636718750e+00
6.157019615173339844e+00
6.133569240570068359e+00
6.109508514404296875e+00
6.085394382476806641e+00
6.061131477355957031e+00
6.036784172058105469e+00
6.011883735656738281e+00
5.986699581146240234e+00
5.961527347564697266e+00
5.936210632324218750e+00
5.910099506378173828e+00
5.884129524230957031e+00
5.858224391937255859e+00
5.831892490386962891e+00
5.804906368255615234e+00
5.778176784515380859e+00
5.751262664794921875e+00
5.723781108856201172e+00
5.695787429809570312e+00
5.668316841125488281e+00
5.640284061431884766e+00
5.611860275268554688e+00
5.583656787872314453e+00
5.554544925689697266e+00
5.525888919830322266e+00
5.496979713439941406e+00
5.467572689056396484e+00
5.437629699707031250e+00
5.408415794372558594e+00
5.378205299377441406e+00
5.348321437835693359e+00
5.318432807922363281e+00
5.287611961364746094e+00
5.256759166717529297e+00
5.226178169250488281e+00
5.195511341094970703e+00
5.164340019226074219e+00
5.133177280426025391e+00
5.102484703063964844e+00
5.070559024810791016e+00
5.039414405822753906e+00
5.008240699768066406e+00
4.976175785064697266e+00
4.944332122802734375e+00
4.912387847900390625e+00
4.880309581756591797e+00
4.848694801330566406e+00
4.815416336059570312e+00
4.783474922180175781e+00
4.751028060913085938e+00
4.718962192535400391e+00
4.686188697814941406e+00
4.653749942779541016e+00
4.621129989624023438e+00
4.588507652282714844e+00
4.556479454040527344e+00
4.523049354553222656e+00
4.490811347961425781e+00
4.458487033843994141e+00
4.425405502319335938e+00
4.392932891845703125e+00
4.359873294830322266e+00
4.327251434326171875e+00
4.294077396392822266e+00
4.261837959289550781e+00
4.228426933288574219e+00
4.195536613464355469e+00
4.162611961364746094e+00
4.129633426666259766e+00
4.096543788909912109e+00
4.062932491302490234e+00
4.030204772949218750e+00
3.997541904449462891e+00
3.963322162628173828e+00
3.930947065353393555e+00
3.897725582122802734e+00
3.864775180816650391e+00
3.831949234008789062e+00
3.799013614654541016e+00
3.765932083129882812e+00
3.733087062835693359e+00
3.700579881668090820e+00
3.668037414550781250e+00
3.634938001632690430e+00
3.602748155593872070e+00
3.570078372955322266e+00
3.537430524826049805e+00
3.505064487457275391e+00
3.473650455474853516e+00
3.441001892089843750e+00
3.408684492111206055e+00
3.376136064529418945e+00
3.344815015792846680e+00
3.312598466873168945e+00
3.280813694000244141e+00
3.249474048614501953e+00
3.217465162277221680e+00
3.186008691787719727e+00
3.154371500015258789e+00
3.123049259185791016e+00
3.091921567916870117e+00
3.060479402542114258e+00
3.029052495956420898e+00
2.998548984527587891e+00
2.967108964920043945e+00
2.936032533645629883e+00
2.905165910720825195e+00
2.875441074371337891e+00
2.844166755676269531e+00
2.813511371612548828e+00
2.783379077911376953e+00
2.753020286560058594e+00
2.722668409347534180e+00
2.692740678787231445e+00
2.662906646728515625e+00
2.632839441299438477e+00
2.603416919708251953e+00
2.573906898498535156e+00
2.544279575347900391e+00
2.515305757522583008e+00
2.486304759979248047e+00
2.456213712692260742e+00
2.428184747695922852e+00
2.398997068405151367e+00
2.370055437088012695e+00
2.341862678527832031e+00
2.313534498214721680e+00
2.284501314163208008e+00
2.256285190582275391e+00
2.228183269500732422e+00
2.200290203094482422e+00
2.173250198364257812e+00
2.145126581192016602e+00
2.118088245391845703e+00
2.090442180633544922e+00
2.063675165176391602e+00
2.037347316741943359e+00
2.010247945785522461e+00
1.983535051345825195e+00
1.957958221435546875e+00
1.932114839553833008e+00
1.906146287918090820e+00
1.880622506141662598e+00
1.855135679244995117e+00
1.830031394958496094e+00
1.805163741111755371e+00
1.780489563941955566e+00
1.756197571754455566e+00
1.731798171997070312e+00
1.708067297935485840e+00
1.684420228004455566e+00
1.661322236061096191e+00
1.637809038162231445e+00
1.614325165748596191e+00
1.592387795448303223e+00
1.569158196449279785e+00
1.547476530075073242e+00
1.524717926979064941e+00
1.503089785575866699e+00
1.481121897697448730e+00
1.459789514541625977e+00
1.437485575675964355e+00
1.417201399803161621e+00
1.396535754203796387e+00
1.376446366310119629e+00
1.355430364608764648e+00
1.336204290390014648e+00
1.315636873245239258e+00
1.296656489372253418e+00
1.277672886848449707e+00
1.258372902870178223e+00
1.239025950431823730e+00
1.220692634582519531e+00
1.203177690505981445e+00
1.184090375900268555e+00
1.167170047760009766e+00
1.149482131004333496e+00
1.132545232772827148e+00
1.115407228469848633e+00
1.098821997642517090e+00
1.082512497901916504e+00
1.066522836685180664e+00
1.050441026687622070e+00
1.034621119499206543e+00
1.019187450408935547e+00
1.003833889961242676e+00
9.895865321159362793e-01
9.739457964897155762e-01
9.600396156311035156e-01
9.458587765693664551e-01
9.317077398300170898e-01
9.183098673820495605e-01
9.050322771072387695e-01
8.925517797470092773e-01
8.790033459663391113e-01
8.669136762619018555e-01
8.547139167785644531e-01
8.426836729049682617e-01
8.313356637954711914e-01
8.194668889045715332e-01
8.083454370498657227e-01
7.971842885017395020e-01
7.864242196083068848e-01
7.757943868637084961e-01
7.650377154350280762e-01
7.552319765090942383e-01
7.448500394821166992e-01
7.352465987205505371e-01
7.259321212768554688e-01
7.160553932189941406e-01
7.070714235305786133e-01
6.981937289237976074e-01
6.890080571174621582e-01
6.805957555770874023e-01
6.723778247833251953e-01
6.642135381698608398e-01
6.564133763313293457e-01
6.486597657203674316e-01
6.411209702491760254e-01
6.336086988449096680e-01
6.268926262855529785e-01
6.197189092636108398e-01
6.129440069198608398e-01
6.063145995140075684e-01
5.998343229293823242e-01
5.936082005500793457e-01
5.874506235122680664e-01
5.819243192672729492e-01
5.758475065231323242e-01
5.703660249710083008e-01
5.651041865348815918e-01
5.597884058952331543e-01
5.545037388801574707e-01
5.497351884841918945e-01
5.448285341262817383e-01
5.403916239738464355e-01
5.355409383773803711e-01
5.312370657920837402e-01
5.272039771080017090e-01
5.228397846221923828e-01
5.189557075500488281e-01
5.151958465576171875e-01
5.110834836959838867e-01
5.074580907821655273e-01
5.037333965301513672e-01
5.006252527236938477e-01
4.970235824584960938e-01
4.938576817512512207e-01
4.907861649990081787e-01
4.876524806022644043e-01
4.849947988986968994e-01
4.819593429565429688e-01
4.793047308921813965e-01
4.767283499240875244e-01
4.742741584777832031e-01
4.716376364231109619e-01
4.693683683872222900e-01
4.672411382198333740e-01
4.649350047111511230e-01
4.629305899143218994e-01
4.605859816074371338e-01
4.589636325836181641e-01
4.567607045173645020e-01
4.549266397953033447e-01
4.530791342258453369e-01
4.514475762844085693e-01
4.499827027320861816e-01
4.481377005577087402e-01
4.465406537055969238e-01
4.451546072959899902e-01
4.437750875949859619e-01
4.425262808799743652e-01
4.408536553382873535e-01
4.399259686470031738e-01
4.386941790580749512e-01
4.374137818813323975e-01
4.361574053764343262e-01
4.351301193237304688e-01
4.342759251594543457e-01
4.332010149955749512e-01
4.322009980678558350e-01
4.313611984252929688e-01
4.304494261741638184e-01
4.296976923942565918e-01
4.287453591823577881e-01
4.280977845191955566e-01
4.271245896816253662e-01
4.264620244503021240e-01
4.257737994194030762e-01
4.250609278678894043e-01
4.245091080665588379e-01
4.237488210201263428e-01
4.233140051364898682e-01
4.226792454719543457e-01
4.221157133579254150e-01
4.218562245368957520e-01
4.212112426757812500e-01
4.207472801208496094e-01
4.203038811683654785e-01
4.199210703372955322e-01
4.194346368312835693e-01
4.190376400947570801e-01
4.186434745788574219e-01
4.183048605918884277e-01
4.178351461887359619e-01
4.176481366157531738e-01
4.172955453395843506e-01
4.168574810028076172e-01
4.166305959224700928e-01
4.163467288017272949e-01
4.160982072353363037e-01
4.157575070858001709e-01
4.155682623386383057e-01
4.152832627296447754e-01
4.149889051914215088e-01
4.148088991641998291e-01
4.144903719425201416e-01
4.143170416355133057e-01
4.140953123569488525e-01
4.140316843986511230e-01
4.136983752250671387e-01
4.135535657405853271e-01
4.133598208427429199e-01
4.133069515228271484e-01
4.131924211978912354e-01
4.129270613193511963e-01
4.127964973449707031e-01
4.126652777194976807e-01
4.125387668609619141e-01
4.123991429805755615e-01
4.123496413230895996e-01
4.121119379997253418e-01
4.119800627231597900e-01
4.118780195713043213e-01
4.117851853370666504e-01
4.117247462272644043e-01
4.115311503410339355e-01
4.114384651184082031e-01
4.113349318504333496e-01
4.112725257873535156e-01
4.111796021461486816e-01
4.111719131469726562e-01
4.110291004180908203e-01
4.109884202480316162e-01
4.109230041503906250e-01
4.109016060829162598e-01
4.109094738960266113e-01
4.107459187507629395e-01
4.107027649879455566e-01
4.106857180595397949e-01
4.105968475341796875e-01
4.105669856071472168e-01
4.104720950126647949e-01
4.104604125022888184e-01
4.104185998439788818e-01
4.103426039218902588e-01
4.103170931339263916e-01
4.102644920349121094e-01
4.102183282375335693e-01
4.101808965206146240e-01
4.101590216159820557e-01
4.102340340614318848e-01
4.101071357727050781e-01
4.100676476955413818e-01
4.100334644317626953e-01
4.100417196750640869e-01
4.099889695644378662e-01
4.099729955196380615e-01
4.099539220333099365e-01
4.099522531032562256e-01
4.099187254905700684e-01
4.099031984806060791e-01
4.098904132843017578e-01
4.098653197288513184e-01
4.098678231239318848e-01
4.098336100578308105e-01
4.098292887210845947e-01
4.097983837127685547e-01
4.097859859466552734e-01
4.098357260227203369e-01
4.097533822059631348e-01
4.097388684749603271e-01
4.097359776496887207e-01
4.097256660461425781e-01
4.096987843513488770e-01
4.096917212009429932e-01
4.096907079219818115e-01
4.096494317054748535e-01
4.096308350563049316e-01
4.096853137016296387e-01
4.096125662326812744e-01
4.096000194549560547e-01
4.095908105373382568e-01
4.096081852912902832e-01
4.096168875694274902e-01
4.095672667026519775e-01
4.095494151115417480e-01
4.095577299594879150e-01
4.095281064510345459e-01
4.095898568630218506e-01
4.095096588134765625e-01
4.095115661621093750e-01
4.095250666141510010e-01
4.094906747341156006e-01
4.094933569431304932e-01
4.094827175140380859e-01
4.095024466514587402e-01
4.094551503658294678e-01
4.094395637512207031e-01
4.094309210777282715e-01
4.094152450561523438e-01
4.094102978706359863e-01
4.094060063362121582e-01
4.093837738037109375e-01
4.094500541687011719e-01
4.093903005123138428e-01
4.093590676784515381e-01
4.093664288520812988e-01
4.093537926673889160e-01
4.093523025512695312e-01
4.093859791755676270e-01
4.093279242515563965e-01
4.093545973300933838e-01
4.093199670314788818e-01
4.093361496925354004e-01
4.093026518821716309e-01
4.093621373176574707e-01
4.092985689640045166e-01
4.092850089073181152e-01
4.092769622802734375e-01
4.092714786529541016e-01
4.092633128166198730e-01
4.092679619789123535e-01
4.092567563056945801e-01
4.092423319816589355e-01
4.092463850975036621e-01
4.092224538326263428e-01
4.092589318752288818e-01
4.092552661895751953e-01
4.092375636100769043e-01
4.091977477073669434e-01
4.091981947422027588e-01
4.092308580875396729e-01
4.092189371585845947e-01
4.092299342155456543e-01
4.091716706752777100e-01
4.091781973838806152e-01
4.091561436653137207e-01
4.091878831386566162e-01
4.091637730598449707e-01
4.091619849205017090e-01
4.091861248016357422e-01
4.091607630252838135e-01
4.091776907444000244e-01
4.091514945030212402e-01
4.091515541076660156e-01
4.091192781925201416e-01
4.090984463691711426e-01
4.090623855590820312e-01
4.090655446052551270e-01
4.090625345706939697e-01
4.091235995292663574e-01
4.090849459171295166e-01
4.090878069400787354e-01
4.090799689292907715e-01
4.090918004512786865e-01
4.090731143951416016e-01
4.090995192527770996e-01
4.090806543827056885e-01
4.090623855590820312e-01
4.090696275234222412e-01
4.090520739555358887e-01
4.090423583984375000e-01
4.090217053890228271e-01
4.090425372123718262e-01
4.090141355991363525e-01
4.090138375759124756e-01
4.090222418308258057e-01
4.090123772621154785e-01
4.089977741241455078e-01
4.090038836002349854e-01
4.090062677860260010e-01
4.089765548706054688e-01
4.089889526367187500e-01
4.089947640895843506e-01
4.090107083320617676e-01
4.089659750461578369e-01
4.089608788490295410e-01
4.089505672454833984e-01
4.089505672454833984e-01
4.089727401733398438e-01
4.089764952659606934e-01
4.089260101318359375e-01
4.089750647544860840e-01
4.089319109916687012e-01
4.089161753654479980e-01
4.089152812957763672e-01
4.089103639125823975e-01
4.088935852050781250e-01
4.089010357856750488e-01
4.088999629020690918e-01
4.088712632656097412e-01
4.088747501373291016e-01
4.088820517063140869e-01
4.088672995567321777e-01
4.088655412197113037e-01
4.088970124721527100e-01
4.088565409183502197e-01
4.088551104068756104e-01
4.088466763496398926e-01
4.088353216648101807e-01
4.088538587093353271e-01
4.088258147239685059e-01
4.088253378868103027e-01
4.088219702243804932e-01
4.088119566440582275e-01
4.088261723518371582e-01
4.088006615638732910e-01
4.087944626808166504e-01
4.088004529476165771e-01
4.087878167629241943e-01
4.087964892387390137e-01
4.087540507316589355e-01
4.087826609611511230e-01
4.087672233581542969e-01
4.087532162666320801e-01
4.088173806667327881e-01
4.087341427803039551e-01
4.087299406528472900e-01
4.087789654731750488e-01
4.087346196174621582e-01
4.087355732917785645e-01
4.087466299533843994e-01
4.087225794792175293e-01
4.087461531162261963e-01
4.087119698524475098e-01
4.087327122688293457e-01
4.086984694004058838e-01
4.087443947792053223e-01
4.086738228797912598e-01
4.086967110633850098e-01
4.086628854274749756e-01
4.086976051330566406e-01
4.086581170558929443e-01
4.086443781852722168e-01
4.086386263370513916e-01
4.086612164974212646e-01
4.086237549781799316e-01
4.086239933967590332e-01
4.086268544197082520e-01
4.086224436759948730e-01
4.086561799049377441e-01
4.086449146270751953e-01
4.086117744445800781e-01
4.086031913757324219e-01
4.086070060729980469e-01
4.085752964019775391e-01
4.085741043090820312e-01
4.086322188377380371e-01
4.085757732391357422e-01
4.085901677608489990e-01
4.085809588432312012e-01
4.085503220558166504e-01
4.085569381713867188e-01
4.085825383663177490e-01
4.085496068000793457e-01
4.085241258144378662e-01
4.085190296173095703e-01
4.085418283939361572e-01
4.085447192192077637e-01
4.085123538970947266e-01
4.085364341735839844e-01
4.084913134574890137e-01
4.085084795951843262e-01
4.084950387477874756e-01
4.084931015968322754e-01
4.085173010826110840e-01
4.084659516811370850e-01
4.084653258323669434e-01
4.084577560424804688e-01
4.084512591361999512e-01
4.084763526916503906e-01
4.084436297416687012e-01
4.084437787532806396e-01
4.084406793117523193e-01
4.084267616271972656e-01
4.084401130676269531e-01
4.084209501743316650e-01
4.084070622920989990e-01
4.084064066410064697e-01
4.084104001522064209e-01
4.084045290946960449e-01
4.084184765815734863e-01
4.084105491638183594e-01
4.084018766880035400e-01
4.083921015262603760e-01
4.083866178989410400e-01
4.083628058433532715e-01
4.084990918636322021e-01
4.083399176597595215e-01
4.083775579929351807e-01
4.083534181118011475e-01
4.083391129970550537e-01
4.083282351493835449e-01
4.083336889743804932e-01
4.083253443241119385e-01
4.083967804908752441e-01
4.083026945590972900e-01
4.083157479763031006e-01
4.082977175712585449e-01
4.082849025726318359e-01
4.082864224910736084e-01
4.082747399806976318e-01
4.082780778408050537e-01
4.082555770874023438e-01
4.082521498203277588e-01
4.083034992218017578e-01
4.082368314266204834e-01
4.082504808902740479e-01
4.082098901271820068e-01
4.082013964653015137e-01
4.082849025726318359e-01
4.081974029541015625e-01
4.082206189632415771e-01
4.082533717155456543e-01
4.082136750221252441e-01
4.082027375698089600e-01
4.082427024841308594e-01
4.082002639770507812e-01
4.081581234931945801e-01
4.081668853759765625e-01
4.082335829734802246e-01
4.082036912441253662e-01
4.081408381462097168e-01
4.081452488899230957e-01
4.081037640571594238e-01
4.081319272518157959e-01
4.081071317195892334e-01
4.081032872200012207e-01
4.080840051174163818e-01
4.081077575683593750e-01
4.080696105957031250e-01
4.081067144870758057e-01
4.080960154533386230e-01
4.080751836299896240e-01
4.081544280052185059e-01
4.080466330051422119e-01
4.080703854560852051e-01
4.080566763877868652e-01
4.080809056758880615e-01
4.080188870429992676e-01
4.080129563808441162e-01
4.080085754394531250e-01
4.079957604408264160e-01
4.079902768135070801e-01
4.080027043819427490e-01
4.080494344234466553e-01
4.079914987087249756e-01
4.080038964748382568e-01
4.079585075378417969e-01
4.079472422599792480e-01
4.079567790031433105e-01
4.079800546169281006e-01
4.079419076442718506e-01
4.079406857490539551e-01
4.079278409481048584e-01
4.079287648200988770e-01
4.079282879829406738e-01
4.079310894012451172e-01
4.078913629055023193e-01
4.078897535800933838e-01
4.079185426235198975e-01
4.078883230686187744e-01
4.079422056674957275e-01
4.078816473484039307e-01
4.078955054283142090e-01
4.078544676303863525e-01
4.078646302223205566e-01
4.078670442104339600e-01
4.078545570373535156e-01
4.078402519226074219e-01
4.078401029109954834e-01
4.078434109687805176e-01
4.078359007835388184e-01
4.077985882759094238e-01
4.078418612480163574e-01
4.078038632869720459e-01
4.077988564968109131e-01
4.077887535095214844e-01
4.078162312507629395e-01
4.077751040458679199e-01
4.077667295932769775e-01
4.077788293361663818e-01
4.077753424644470215e-01
4.078174531459808350e-01
4.077954888343811035e-01
4.078038632869720459e-01
4.078521728515625000e-01
4.077686667442321777e-01
4.077731966972351074e-01
4.077409803867340088e-01
4.077142179012298584e-01
4.077471196651458740e-01
4.077028334140777588e-01
4.077099859714508057e-01
4.077033102512359619e-01
4.077196121215820312e-01
4.076449871063232422e-01
4.076553285121917725e-01
4.076240658760070801e-01
4.076224267482757568e-01
4.076211452484130859e-01
4.076051115989685059e-01
4.075988233089447021e-01
4.076617360115051270e-01
4.075732231140136719e-01
4.075714051723480225e-01
4.075728356838226318e-01
4.075608253479003906e-01
4.075843393802642822e-01
4.075939059257507324e-01
4.075412154197692871e-01
4.075184464454650879e-01
4.075923562049865723e-01
4.075452685356140137e-01
4.075041413307189941e-01
4.074932038784027100e-01
4.074881970882415771e-01
4.074763357639312744e-01
4.074824750423431396e-01
4.074756503105163574e-01
4.075031280517578125e-01
4.074515700340270996e-01
4.074501991271972656e-01
4.074446558952331543e-01
4.074893593788146973e-01
4.074404835700988770e-01
4.074180126190185547e-01
4.074577391147613525e-01
4.074117541313171387e-01
4.073961377143859863e-01
4.074062705039978027e-01
4.074189066886901855e-01
4.073758721351623535e-01
4.073483347892761230e-01
4.073475897312164307e-01
4.073596000671386719e-01
4.073666930198669434e-01
4.073460996150970459e-01
4.073525369167327881e-01
4.073636531829833984e-01
4.073141217231750488e-01
4.073270857334136963e-01
4.073138833045959473e-01
4.073042273521423340e-01
4.072937965393066406e-01
4.072755277156829834e-01
4.073235392570495605e-01
4.072623252868652344e-01
4.072463512420654297e-01
4.072396159172058105e-01
4.072347581386566162e-01
4.072412848472595215e-01
4.072330594062805176e-01
4.072186052799224854e-01
4.072087407112121582e-01
4.073025286197662354e-01
4.071914553642272949e-01
4.072104096412658691e-01
4.071778357028961182e-01
4.072010517120361328e-01
4.071688652038574219e-01
4.072517454624176025e-01
4.071826934814453125e-01
4.071668982505798340e-01
4.071723818778991699e-01
4.071228504180908203e-01
4.071084558963775635e-01
4.070538878440856934e-01
4.070838093757629395e-01
4.070701003074645996e-01
4.070534706115722656e-01
4.070967733860015869e-01
4.071287214756011963e-01
4.070990085601806641e-01
4.070782065391540527e-01
4.070723056793212891e-01
4.070985317230224609e-01
4.071065783500671387e-01
4.070559442043304443e-01
4.070525169372558594e-01
4.070726335048675537e-01
4.070394635200500488e-01
4.070461392402648926e-01
4.070126116275787354e-01
4.070218503475189209e-01
4.070429801940917969e-01
4.070458412170410156e-01
4.070433974266052246e-01
4.069882035255432129e-01
4.069983065128326416e-01
4.070029258728027344e-01
4.069766998291015625e-01
4.069819450378417969e-01
4.070274829864501953e-01
4.069768786430358887e-01
4.070125520229339600e-01
4.070487618446350098e-01
4.069536328315734863e-01
4.069510400295257568e-01
4.069526195526123047e-01
4.069370329380035400e-01
4.069564342498779297e-01
4.069282412528991699e-01
4.069177508354187012e-01
4.069237112998962402e-01
4.069211483001708984e-01
4.069341719150543213e-01
4.068626463413238525e-01
4.068473279476165771e-01
4.068153500556945801e-01
4.067990183830261230e-01
4.067722856998443604e-01
4.067479968070983887e-01
4.068690836429595947e-01
4.067285060882568359e-01
4.067164361476898193e-01
4.067617356777191162e-01
4.067100882530212402e-01
4.066484570503234863e-01
4.067045152187347412e-01
4.066692888736724854e-01
4.067273736000061035e-01
4.066896438598632812e-01
4.066734910011291504e-01
4.066936969757080078e-01
4.066890776157379150e-01
4.066641926765441895e-01
4.066549241542816162e-01
4.066491723060607910e-01
4.066566526889801025e-01
4.066306054592132568e-01
4.065927863121032715e-01
4.065533578395843506e-01
4.066893160343170166e-01
4.065578579902648926e-01
4.065471589565277100e-01
4.065796732902526855e-01
4.065360128879547119e-01
4.065562784671783447e-01
4.065214991569519043e-01
4.065840840339660645e-01
4.065407216548919678e-01
4.065342843532562256e-01
4.065033793449401855e-01
4.065426290035247803e-01
4.065391421318054199e-01
4.065059125423431396e-01
4.065026342868804932e-01
4.065107703208923340e-01
4.065096974372863770e-01
4.064868092536926270e-01
4.064589142799377441e-01
4.064456522464752197e-01
4.064405560493469238e-01
4.065032899379730225e-01
4.064967036247253418e-01
4.064210951328277588e-01
4.064930975437164307e-01
4.065186083316802979e-01
4.064156413078308105e-01
4.063657224178314209e-01
4.063454270362854004e-01
4.063285887241363525e-01
4.063003659248352051e-01
4.063069224357604980e-01
4.063180983066558838e-01
4.063606262207031250e-01
4.063062667846679688e-01
4.062514901161193848e-01
4.062857031822204590e-01
4.062470495700836182e-01
4.062667787075042725e-01
4.062492847442626953e-01
4.062497615814208984e-01
4.062609672546386719e-01
4.062100350856781006e-01
4.062492251396179199e-01
4.062439799308776855e-01
4.062431752681732178e-01
4.062317013740539551e-01
4.062375426292419434e-01
4.061965048313140869e-01
4.062877297401428223e-01
4.062383770942687988e-01
4.061594009399414062e-01
4.061631560325622559e-01
4.062941670417785645e-01
4.061016440391540527e-01
4.060945510864257812e-01
4.060650765895843506e-01
4.060589671134948730e-01
4.060530066490173340e-01
4.060769081115722656e-01
4.060329794883728027e-01
4.060147404670715332e-01
4.060602188110351562e-01
4.060506820678710938e-01
4.061431884765625000e-01
4.059863090515136719e-01
4.059991836547851562e-01
4.059826731681823730e-01
4.059862196445465088e-01
4.059593677520751953e-01
4.059720933437347412e-01
4.059596657752990723e-01
4.059445858001708984e-01
4.059290885925292969e-01
4.059282839298248291e-01
4.059349894523620605e-01
4.058911204338073730e-01
4.059757590293884277e-01
4.058671891689300537e-01
4.058538377285003662e-01
4.058724045753479004e-01
4.058671593666076660e-01
4.059100747108459473e-01
4.058600962162017822e-01
4.058181643486022949e-01
4.057978987693786621e-01
4.057689607143402100e-01
4.057826995849609375e-01
4.058189988136291504e-01
4.058149456977844238e-01
4.057710766792297363e-01
4.058120250701904297e-01
4.058594107627868652e-01
4.057413935661315918e-01
4.057889580726623535e-01
4.057678580284118652e-01
4.057533144950866699e-01
4.057350754737854004e-01
4.057216644287109375e-01
4.056926369667053223e-01
4.056732654571533203e-01
4.056802690029144287e-01
4.056689143180847168e-01
4.057602882385253906e-01
4.056548476219177246e-01
4.056429266929626465e-01
4.056167006492614746e-01
4.056034684181213379e-01
4.056017398834228516e-01
4.056317210197448730e-01
4.056256413459777832e-01
4.055930078029632568e-01
4.055896699428558350e-01
4.055590629577636719e-01
4.055723249912261963e-01
4.055373072624206543e-01
4.055551588535308838e-01
4.055013656616210938e-01
4.054659307003021240e-01
4.055137634277343750e-01
4.055075049400329590e-01
4.055462777614593506e-01
4.055065512657165527e-01
4.055026173591613770e-01
4.055128693580627441e-01
4.055267870426177979e-01
4.055089950561523438e-01
4.055605828762054443e-01
4.055471420288085938e-01
4.055461287498474121e-01
4.055448174476623535e-01
4.055297970771789551e-01
4.055265486240386963e-01
4.055712819099426270e-01
4.055954515933990479e-01
4.055312275886535645e-01
4.055376052856445312e-01
4.055016636848449707e-01
4.055051207542419434e-01
4.054546356201171875e-01
4.053975939750671387e-01
4.053443074226379395e-01
4.053016602993011475e-01
4.055847525596618652e-01
4.053058624267578125e-01
4.052821993827819824e-01
4.052923619747161865e-01
4.052616655826568604e-01
4.052488207817077637e-01
4.052087664604187012e-01
4.053133130073547363e-01
4.051918387413024902e-01
4.051671028137207031e-01
4.051689207553863525e-01
4.051532745361328125e-01
4.051522612571716309e-01
4.051620364189147949e-01
4.051375985145568848e-01
4.051317274570465088e-01
4.051257073879241943e-01
4.051326811313629150e-01
4.051572680473327637e-01
4.051445126533508301e-01
4.051207900047302246e-01
4.050768017768859863e-01
4.050505757331848145e-01
4.050131440162658691e-01
4.049934446811676025e-01
4.050520956516265869e-01
4.049935340881347656e-01
4.049905836582183838e-01
4.049720168113708496e-01
4.050244390964508057e-01
4.050950407981872559e-01
4.050287604331970215e-01
4.049983024597167969e-01
4.049950242042541504e-01
4.050005376338958740e-01
4.049232006072998047e-01
4.048985838890075684e-01
4.048941731452941895e-01
4.049117565155029297e-01
4.048817157745361328e-01
4.048508107662200928e-01
4.049008488655090332e-01
4.049250483512878418e-01
4.048261642456054688e-01
4.048205316066741943e-01
4.047994017601013184e-01
4.047826230525970459e-01
4.048319458961486816e-01
4.048236012458801270e-01
4.047743380069732666e-01
4.049122929573059082e-01
4.047516882419586182e-01
4.047220349311828613e-01
4.046759605407714844e-01
4.048290252685546875e-01
4.046471118927001953e-01
4.047673642635345459e-01
4.048236310482025146e-01
4.047317504882812500e-01
4.046837389469146729e-01
4.047209620475769043e-01
4.046830534934997559e-01
4.045979380607604980e-01
4.046069979667663574e-01
4.045535624027252197e-01
4.046137928962707520e-01
4.045830368995666504e-01
4.046038985252380371e-01
4.046085774898529053e-01
4.045665264129638672e-01
4.045448303222656250e-01
4.045716822147369385e-01
4.045960009098052979e-01
4.047148227691650391e-01
4.045655131340026855e-01
4.045592248439788818e-01
4.045248031616210938e-01
4.044579863548278809e-01
4.044523239135742188e-01
4.045062661170959473e-01
4.044018387794494629e-01
4.044897556304931641e-01
4.045588970184326172e-01
4.043965339660644531e-01
4.043875336647033691e-01
4.044435620307922363e-01
4.043641090393066406e-01
4.044075608253479004e-01
4.044263958930969238e-01
4.043610990047454834e-01
4.044706821441650391e-01
4.043744206428527832e-01
4.043284058570861816e-01
4.043570458889007568e-01
4.043377935886383057e-01
4.043190479278564453e-01
4.043461382389068604e-01
4.042990207672119141e-01
4.043374657630920410e-01
4.043124616146087646e-01
4.042592048645019531e-01
4.042214751243591309e-01
4.042790532112121582e-01
4.042075574398040771e-01
4.041723608970642090e-01
4.041531682014465332e-01
4.041321873664855957e-01
4.041748940944671631e-01
4.041582047939300537e-01
4.041115343570709229e-01
4.040994048118591309e-01
4.041166305541992188e-01
4.041450023651123047e-01
4.041364192962646484e-01
4.040656089782714844e-01
4.040689468383789062e-01
4.040757715702056885e-01
4.040400385856628418e-01
4.040779173374176025e-01
4.039819836616516113e-01
4.041709899902343750e-01
4.039871096611022949e-01
4.039756655693054199e-01
4.039102196693420410e-01
4.039198458194732666e-01
4.039000570774078369e-01
4.039238393306732178e-01
4.038767218589782715e-01
4.038817286491394043e-01
4.038432240486145020e-01
4.039676785469055176e-01
4.038400650024414062e-01
4.039695858955383301e-01
4.039654135704040527e-01
4.039450287818908691e-01
4.039806723594665527e-01
4.040020108222961426e-01
4.040492475032806396e-01
4.039252698421478271e-01
4.037789404392242432e-01
4.037279188632965088e-01
4.037125110626220703e-01
4.039024412631988525e-01
4.036934971809387207e-01
4.037529826164245605e-01
4.036577343940734863e-01
4.037480950355529785e-01
4.036493301391601562e-01
4.036808013916015625e-01
4.036311209201812744e-01
4.036149978637695312e-01
4.036172926425933838e-01
4.035825729370117188e-01
4.036192893981933594e-01
4.035974144935607910e-01
4.035708308219909668e-01
4.035439491271972656e-01
4.036064743995666504e-01
4.035876393318176270e-01
4.035930633544921875e-01
4.036793112754821777e-01
4.035166800022125244e-01
4.035137295722961426e-01
4.035727977752685547e-01
4.035184383392333984e-01
4.035255312919616699e-01
4.035111963748931885e-01
4.034503996372222900e-01
4.033755362033843994e-01
4.033931195735931396e-01
4.033716320991516113e-01
4.033516049385070801e-01
4.033374786376953125e-01
4.034758508205413818e-01
4.034501910209655762e-01
4.034755825996398926e-01
4.035535752773284912e-01
4.034718871116638184e-01
4.034698605537414551e-01
4.035046696662902832e-01
4.035243093967437744e-01
4.033621847629547119e-01
4.033281207084655762e-01
4.032946228981018066e-01
4.032756686210632324e-01
4.033088088035583496e-01
4.032285809516906738e-01
4.032571911811828613e-01
4.032097756862640381e-01
4.032088220119476318e-01
4.031907021999359131e-01
4.031955599784851074e-01
4.031551480293273926e-01
4.031537175178527832e-01
4.031480252742767334e-01
4.031533300876617432e-01
4.031073451042175293e-01
4.030918180942535400e-01
4.030699729919433594e-01
4.030355513095855713e-01
4.030370712280273438e-01
4.030050337314605713e-01
4.029997885227203369e-01
4.029830098152160645e-01
4.029519557952880859e-01
4.029716551303863525e-01
4.030106663703918457e-01
4.029844403266906738e-01
4.029337763786315918e-01
4.029466509819030762e-01
4.029192924499511719e-01
4.029038548469543457e-01
4.031540751457214355e-01
4.028744101524353027e-01
4.028813838958740234e-01
4.028522074222564697e-01
4.028372168540954590e-01
4.028111994266510010e-01
4.028795659542083740e-01
4.028168320655822754e-01
4.027777612209320068e-01
4.027962684631347656e-01
4.028208255767822266e-01
4.027706980705261230e-01
4.028058648109436035e-01
4.027641713619232178e-01
4.027569890022277832e-01
4.027319848537445068e-01
4.027646481990814209e-01
4.027431905269622803e-01
4.027313590049743652e-01
4.027115702629089355e-01
4.027289450168609619e-01
4.027467370033264160e-01
4.026038646697998047e-01
4.026270806789398193e-01
4.026105999946594238e-01
4.025858938694000244e-01
4.025444090366363525e-01
4.025532603263854980e-01
4.025344252586364746e-01
4.025104939937591553e-01
4.024997353553771973e-01
4.025017619132995605e-01
4.024901986122131348e-01
4.025603234767913818e-01
4.024843275547027588e-01
4.024609625339508057e-01
4.024427533149719238e-01
4.025493264198303223e-01
4.023898243904113770e-01
4.023849368095397949e-01
4.023650586605072021e-01
4.023444652557373047e-01
4.023664891719818115e-01
4.023775160312652588e-01
4.023188054561614990e-01
4.025071263313293457e-01
4.022899568080902100e-01
4.023613035678863525e-01
4.022539258003234863e-01
4.023238718509674072e-01
4.022905230522155762e-01
4.022741317749023438e-01
4.022421240806579590e-01
4.022342264652252197e-01
4.022572934627532959e-01
4.021427631378173828e-01
4.021456837654113770e-01
4.021258950233459473e-01
4.021319448947906494e-01
4.021703600883483887e-01
4.022591710090637207e-01
4.022397100925445557e-01
4.020778536796569824e-01
4.020533561706542969e-01
4.020482599735260010e-01
4.020614624023437500e-01
4.020619392395019531e-01
4.020368158817291260e-01
4.020614624023437500e-01
4.020163416862487793e-01
4.019794464111328125e-01
4.019865393638610840e-01
4.020167291164398193e-01
4.019300937652587891e-01
4.019033908843994141e-01
4.019392132759094238e-01
4.019698500633239746e-01
4.018941521644592285e-01
4.018638730049133301e-01
4.018105864524841309e-01
4.019521772861480713e-01
4.018338322639465332e-01
4.018507897853851318e-01
4.018592238426208496e-01
4.017930924892425537e-01
4.017547667026519775e-01
4.017528593540191650e-01
4.017287790775299072e-01
4.017186164855957031e-01
4.017598628997802734e-01
4.017028808593750000e-01
4.016951918601989746e-01
4.017720818519592285e-01
4.017252027988433838e-01
4.016940593719482422e-01
4.017146527767181396e-01
4.017866253852844238e-01
4.016137719154357910e-01
4.016194343566894531e-01
4.016074240207672119e-01
4.016823768615722656e-01
4.016246795654296875e-01
4.016646742820739746e-01
4.015370309352874756e-01
4.015169739723205566e-01
4.015202522277832031e-01
4.014853537082672119e-01
4.014775156974792480e-01
4.014506936073303223e-01
4.015737175941467285e-01
4.014723300933837891e-01
4.015130996704101562e-01
4.014440178871154785e-01
4.014097154140472412e-01
4.014195799827575684e-01
4.014270901679992676e-01
4.014739096164703369e-01
4.013379216194152832e-01
4.013690948486328125e-01
4.013480246067047119e-01
4.013433456420898438e-01
4.013129174709320068e-01
4.013005793094635010e-01
4.013137221336364746e-01
4.013232290744781494e-01
4.012252390384674072e-01
4.012506008148193359e-01
4.012174606323242188e-01
4.011832177639007568e-01
4.011901915073394775e-01
4.011676907539367676e-01
4.012403488159179688e-01
4.011857509613037109e-01
4.011688232421875000e-01
4.011183679103851318e-01
4.010814130306243896e-01
4.010697305202484131e-01
4.011724889278411865e-01
4.010602831840515137e-01
4.010223746299743652e-01
4.009637236595153809e-01
4.011338651180267334e-01
4.010350108146667480e-01
4.009401202201843262e-01
4.010228216648101807e-01
4.010233283042907715e-01
4.009927213191986084e-01
4.011096060276031494e-01
4.010688662528991699e-01
4.010854363441467285e-01
4.010557532310485840e-01
4.011035859584808350e-01
4.011854231357574463e-01
4.009812474250793457e-01
4.009471535682678223e-01
4.008065164089202881e-01
4.011474251747131348e-01
4.007727503776550293e-01
4.007534980773925781e-01
4.007696509361267090e-01
4.007223546504974365e-01
4.007703363895416260e-01
4.006959795951843262e-01
4.006685316562652588e-01
4.006710052490234375e-01
4.006696641445159912e-01
4.006761014461517334e-01
4.006489813327789307e-01
4.006148278713226318e-01
4.006006717681884766e-01
4.005931019783020020e-01
4.005874991416931152e-01
4.005810618400573730e-01
4.006067812442779541e-01
4.005664288997650146e-01
4.005882740020751953e-01
4.004635214805603027e-01
4.004216194152832031e-01
4.004185795783996582e-01
4.004796147346496582e-01
4.004591107368469238e-01
4.004842638969421387e-01
4.004281461238861084e-01
4.003668725490570068e-01
4.004994034767150879e-01
4.004678726196289062e-01
4.003674387931823730e-01
4.004032611846923828e-01
4.003795981407165527e-01
4.002854824066162109e-01
4.002866744995117188e-01
4.002714157104492188e-01
4.002662599086761475e-01
4.002552032470703125e-01
4.002721905708312988e-01
4.003552794456481934e-01
4.002126157283782959e-01
4.003563523292541504e-01
4.001679420471191406e-01
4.001973271369934082e-01
4.001276493072509766e-01
4.002198576927185059e-01
4.002158641815185547e-01
4.000806212425231934e-01
4.001368582248687744e-01
4.000485837459564209e-01
4.001299738883972168e-01
4.000042974948883057e-01
4.000079035758972168e-01
3.999805450439453125e-01
4.000020921230316162e-01
4.000225663185119629e-01
3.999157547950744629e-01
3.998798727989196777e-01
3.998731374740600586e-01
3.998776674270629883e-01
4.000580310821533203e-01
3.999425768852233887e-01
3.999265730381011963e-01
3.999224305152893066e-01
3.998926281929016113e-01
3.998739123344421387e-01
3.999081552028656006e-01
3.999182879924774170e-01
3.998636603355407715e-01
3.998473286628723145e-01
3.998049199581146240e-01
3.997553884983062744e-01
3.997450470924377441e-01
3.997069597244262695e-01
3.996830284595489502e-01
3.997176289558410645e-01
3.996397852897644043e-01
3.997332453727722168e-01
3.996455669403076172e-01
3.996352553367614746e-01
3.995972275733947754e-01
3.997119963169097900e-01
3.995563983917236328e-01
3.995154798030853271e-01
3.995217382907867432e-01
3.995231688022613525e-01
3.995200991630554199e-01
3.994913995265960693e-01
3.994874060153961182e-01
3.994740545749664307e-01
3.995447754859924316e-01
3.994765877723693848e-01
3.994610309600830078e-01
3.994061946868896484e-01
3.993799090385437012e-01
3.993279635906219482e-01
3.994438946247100830e-01
3.993065953254699707e-01
3.993369936943054199e-01
3.992777466773986816e-01
3.992885649204254150e-01
3.992365002632141113e-01
3.992206752300262451e-01
3.993347287178039551e-01
3.992092013359069824e-01
3.991597890853881836e-01
3.991459012031555176e-01
3.992643952369689941e-01
3.991633057594299316e-01
3.992684483528137207e-01
3.991232514381408691e-01
3.992595672607421875e-01
3.991090357303619385e-01
3.990696966648101807e-01
3.991600573062896729e-01
3.990926742553710938e-01
3.990089893341064453e-01
3.990164697170257568e-01
3.989799618721008301e-01
3.989772498607635498e-01
3.989644944667816162e-01
3.989221453666687012e-01
3.989303112030029297e-01
3.991014659404754639e-01
3.988655507564544678e-01
3.989751338958740234e-01
3.988556563854217529e-01
3.988337516784667969e-01
3.988878130912780762e-01
3.989464938640594482e-01
3.988044857978820801e-01
3.988322615623474121e-01
3.987325727939605713e-01
3.987261652946472168e-01
3.988581895828247070e-01
3.987846970558166504e-01
3.989901542663574219e-01
3.987703621387481689e-01
3.986208438873291016e-01
3.986980319023132324e-01
3.987071514129638672e-01
3.987339138984680176e-01
3.987447023391723633e-01
3.987521529197692871e-01
3.987668752670288086e-01
3.987975716590881348e-01
3.988351225852966309e-01
3.988789618015289307e-01
3.988978564739227295e-01
3.987364172935485840e-01
3.987310230731964111e-01
3.985787034034729004e-01
3.985012173652648926e-01
3.986613154411315918e-01
3.985332846641540527e-01
3.984209597110748291e-01
3.983829617500305176e-01
3.984045982360839844e-01
3.984181284904479980e-01
3.983605504035949707e-01
3.983007371425628662e-01
3.984526097774505615e-01
3.982773721218109131e-01
3.983115553855895996e-01
3.982955217361450195e-01
3.982776999473571777e-01
3.981921672821044922e-01
3.981476724147796631e-01
3.981552720069885254e-01
3.982565999031066895e-01
3.981892168521881104e-01
3.981166481971740723e-01
3.982177376747131348e-01
3.980674147605895996e-01
3.982111811637878418e-01
3.981130719184875488e-01
3.981019556522369385e-01
3.981549143791198730e-01
3.980073332786560059e-01
3.981109559535980225e-01
3.979454636573791504e-01
3.979535698890686035e-01
3.979242742061614990e-01
3.980318903923034668e-01
3.979426324367523193e-01
3.978953659534454346e-01
3.978555798530578613e-01
3.978429436683654785e-01
3.979429304599761963e-01
3.978486955165863037e-01
3.977932631969451904e-01
3.978611826896667480e-01
3.977661728858947754e-01
3.977552950382232666e-01
3.977690637111663818e-01
3.976913988590240479e-01
3.978770971298217773e-01
3.976759314537048340e-01
3.976576030254364014e-01
3.977255821228027344e-01
3.976758122444152832e-01
3.976511359214782715e-01
3.976206183433532715e-01
3.976874649524688721e-01
3.976393640041351318e-01
3.975666463375091553e-01
3.975243866443634033e-01
3.975245654582977295e-01
3.975087702274322510e-01
3.974292576313018799e-01
3.974308073520660400e-01
3.977667689323425293e-01
3.974077105522155762e-01
3.974186182022094727e-01
3.973935246467590332e-01
3.973591327667236328e-01
3.973532617092132568e-01
3.973260521888732910e-01
3.973146378993988037e-01
3.972675204277038574e-01
3.972334265708923340e-01
3.973347544670104980e-01
3.974026143550872803e-01
3.972542881965637207e-01
3.972679674625396729e-01
3.972436785697937012e-01
3.972533047199249268e-01
3.971533179283142090e-01
3.972463905811309814e-01
3.971980512142181396e-01
3.971133530139923096e-01
3.970782160758972168e-01
3.971553146839141846e-01
3.971160054206848145e-01
3.972721099853515625e-01
3.970641791820526123e-01
3.969805240631103516e-01
3.970623612403869629e-01
3.969794213771820068e-01
3.969295620918273926e-01
3.969302773475646973e-01
3.969172835350036621e-01
3.969479799270629883e-01
3.968317806720733643e-01
3.968031704425811768e-01
3.967917859554290771e-01
3.967900276184082031e-01
3.970171213150024414e-01
3.969047665596008301e-01
3.968996107578277588e-01
3.968852460384368896e-01
3.969727158546447754e-01
3.969148993492126465e-01
3.968997895717620850e-01
3.967736363410949707e-01
3.967720866203308105e-01
3.967223763465881348e-01
3.967064619064331055e-01
3.967194259166717529e-01
3.966493010520935059e-01
3.966318964958190918e-01
3.965747356414794922e-01
3.969206213951110840e-01
3.968669772148132324e-01
3.965750336647033691e-01
3.965053558349609375e-01
3.966310024261474609e-01
3.964360356330871582e-01
3.964620828628540039e-01
3.964967131614685059e-01
3.963696658611297607e-01
3.963692188262939453e-01
3.963305354118347168e-01
3.963136076927185059e-01
3.962941765785217285e-01
3.963061869144439697e-01
3.962637186050415039e-01
3.962844014167785645e-01
3.961932063102722168e-01
3.962417244911193848e-01
3.962025046348571777e-01
3.962569534778594971e-01
3.962528109550476074e-01
3.961741030216217041e-01
3.961706161499023438e-01
3.962418735027313232e-01
3.962854743003845215e-01
3.961235880851745605e-01
3.960193097591400146e-01
3.961449563503265381e-01
3.960196077823638916e-01
3.960737586021423340e-01
3.960577547550201416e-01
3.960165679454803467e-01
3.960361778736114502e-01
3.960308134555816650e-01
3.961272835731506348e-01
3.960638642311096191e-01
3.959501385688781738e-01
3.959130346775054932e-01
3.959370255470275879e-01
3.959353864192962646e-01
3.959026932716369629e-01
3.958354890346527100e-01
3.958099484443664551e-01
3.957581818103790283e-01
3.958118557929992676e-01
3.957219123840332031e-01
3.957055211067199707e-01
3.956910967826843262e-01
3.958290219306945801e-01
3.956695199012756348e-01
3.956598043441772461e-01
3.956386446952819824e-01
3.956374526023864746e-01
3.956815004348754883e-01
3.955447077751159668e-01
3.955605626106262207e-01
3.955013751983642578e-01
3.956324160099029541e-01
3.954857289791107178e-01
3.956243991851806641e-01
3.954522907733917236e-01
3.954141736030578613e-01
3.954639434814453125e-01
3.954377472400665283e-01
3.954772651195526123e-01
3.954374790191650391e-01
3.953674733638763428e-01
3.953182101249694824e-01
3.952940404415130615e-01
3.953097760677337646e-01
3.953078389167785645e-01
3.952473998069763184e-01
3.952833116054534912e-01
3.954508900642395020e-01
3.952209055423736572e-01
3.952153325080871582e-01
3.951551020145416260e-01
3.951859474182128906e-01
3.951114118099212646e-01
3.950966298580169678e-01
3.950831294059753418e-01
3.950320780277252197e-01
3.950719535350799561e-01
3.950229287147521973e-01
3.950462341308593750e-01
3.949796557426452637e-01
3.949584066867828369e-01
3.950766921043395996e-01
3.949379026889801025e-01
3.949118256568908691e-01
3.948849439620971680e-01
3.949711620807647705e-01
3.948565125465393066e-01
3.951122164726257324e-01
3.948967456817626953e-01
3.948928415775299072e-01
3.947972655296325684e-01
3.948350548744201660e-01
3.948122859001159668e-01
3.948340415954589844e-01
3.948071300983428955e-01
3.947800099849700928e-01
3.947935700416564941e-01
3.947871029376983643e-01
3.948051333427429199e-01
3.948486745357513428e-01
3.946958780288696289e-01
3.947810232639312744e-01
3.946546614170074463e-01
3.946120738983154297e-01
3.945280015468597412e-01
3.946224153041839600e-01
3.945060968399047852e-01
3.945561051368713379e-01
3.944244384765625000e-01
3.944896757602691650e-01
3.945343494415283203e-01
3.944638371467590332e-01
3.943639397621154785e-01
3.943549096584320068e-01
3.943287432193756104e-01
3.942973911762237549e-01
3.943144381046295166e-01
3.942956924438476562e-01
3.943185508251190186e-01
3.942977488040924072e-01
3.942572474479675293e-01
3.942238390445709229e-01
3.942718803882598877e-01
3.941915631294250488e-01
3.941450119018554688e-01
3.941496014595031738e-01
3.940644860267639160e-01
3.941316008567810059e-01
3.941128849983215332e-01
3.940652906894683838e-01
3.941017985343933105e-01
3.940121829509735107e-01
3.939837813377380371e-01
3.941132426261901855e-01
3.940505981445312500e-01
3.939082026481628418e-01
3.939432203769683838e-01
3.938968181610107422e-01
3.939127326011657715e-01
3.938945531845092773e-01
3.937868475914001465e-01
3.940930366516113281e-01
3.938535749912261963e-01
3.938576281070709229e-01
3.938260972499847412e-01
3.937746882438659668e-01
3.938102424144744873e-01
3.937846720218658447e-01
3.936946988105773926e-01
3.937410116195678711e-01
3.936277329921722412e-01
3.936137557029724121e-01
3.936566710472106934e-01
3.937717974185943604e-01
3.936191499233245850e-01
3.936043679714202881e-01
3.936358094215393066e-01
3.936040401458740234e-01
3.935948908329010010e-01
3.935621678829193115e-01
3.935615718364715576e-01
3.936557769775390625e-01
3.935299515724182129e-01
3.935082554817199707e-01
3.936160802841186523e-01
3.934986889362335205e-01
3.934594988822937012e-01
3.934574723243713379e-01
3.934956192970275879e-01
3.934479355812072754e-01
3.934554159641265869e-01
3.934001922607421875e-01
3.934459686279296875e-01
3.933339416980743408e-01
3.933635652065277100e-01
3.934325575828552246e-01
3.933995366096496582e-01
3.932233154773712158e-01
3.933008909225463867e-01
3.932288289070129395e-01
3.931815028190612793e-01
3.930583298206329346e-01
3.932640850543975830e-01
3.931581974029541016e-01
3.930107057094573975e-01
3.930293917655944824e-01
3.932001888751983643e-01
3.930958807468414307e-01
3.929482102394104004e-01
3.928968012332916260e-01
3.928864896297454834e-01
3.929114341735839844e-01
3.928861916065216064e-01
3.928411304950714111e-01
3.927991390228271484e-01
3.927986621856689453e-01
3.928337097167968750e-01
3.927747011184692383e-01
3.926992714405059814e-01
3.927732408046722412e-01
3.927206695079803467e-01
3.927184939384460449e-01
3.926432430744171143e-01
3.926518261432647705e-01
3.926300704479217529e-01
3.926559388637542725e-01
3.925909698009490967e-01
3.925909399986267090e-01
3.926764428615570068e-01
3.925525248050689697e-01
3.925132751464843750e-01
3.924695551395416260e-01
3.925718367099761963e-01
3.924865126609802246e-01
3.923995494842529297e-01
3.923918604850769043e-01
3.923605084419250488e-01
3.923700749874114990e-01
3.922738730907440186e-01
3.925515711307525635e-01
3.923638463020324707e-01
3.922995924949645996e-01
3.922813236713409424e-01
3.922621309757232666e-01
3.922603130340576172e-01
3.922140002250671387e-01
3.921929895877838135e-01
3.921496868133544922e-01
3.921912312507629395e-01
3.921115994453430176e-01
3.921418786048889160e-01
3.921298384666442871e-01
3.921386599540710449e-01
3.920643627643585205e-01
3.920692503452301025e-01
3.920112252235412598e-01
3.923098444938659668e-01
3.921921253204345703e-01
3.919447064399719238e-01
3.919445872306823730e-01
3.919706940650939941e-01
3.919137120246887207e-01
3.918676972389221191e-01
3.919022679328918457e-01
3.918220400810241699e-01
3.918575942516326904e-01
3.918612897396087646e-01
3.918255269527435303e-01
3.917150199413299561e-01
3.917073607444763184e-01
3.916707634925842285e-01
3.916628360748291016e-01
3.916819691658020020e-01
3.916720747947692871e-01
3.917201459407806396e-01
3.916459083557128906e-01
3.916477560997009277e-01
3.915973603725433350e-01
3.916188776493072510e-01
3.915104568004608154e-01
3.915250301361083984e-01
3.915070593357086182e-01
3.915299475193023682e-01
3.914624750614166260e-01
3.914517760276794434e-01
3.915628790855407715e-01
3.914518952369689941e-01
3.914973735809326172e-01
3.914718031883239746e-01
3.915011584758758545e-01
3.913587331771850586e-01
3.913362920284271240e-01
3.912872672080993652e-01
3.913199007511138916e-01
3.914059996604919434e-01
3.914040029048919678e-01
3.912832736968994141e-01
3.911773562431335449e-01
3.912009298801422119e-01
3.910933732986450195e-01
3.910926282405853271e-01
3.910552263259887695e-01
3.911959528923034668e-01
3.912533819675445557e-01
3.910498023033142090e-01
3.912302851676940918e-01
3.911485373973846436e-01
3.911162912845611572e-01
3.911753296852111816e-01
3.910479545593261719e-01
3.910185694694519043e-01
3.911049365997314453e-01
3.909233212471008301e-01
3.908929228782653809e-01
3.909134864807128906e-01
3.908944725990295410e-01
3.907995522022247314e-01
3.908771872520446777e-01
3.908325433731079102e-01
3.907499313354492188e-01
3.907631933689117432e-01
3.906951546669006348e-01
3.906643390655517578e-01
3.908020853996276855e-01
3.906312584877014160e-01
3.905998468399047852e-01
3.906682133674621582e-01
3.906876742839813232e-01
3.906316161155700684e-01
3.905224800109863281e-01
3.905795514583587646e-01
3.907721638679504395e-01
3.905020654201507568e-01
3.906410336494445801e-01
3.904153406620025635e-01
3.904206156730651855e-01
3.904020190238952637e-01
3.903583884239196777e-01
3.903575837612152100e-01
3.904232680797576904e-01
3.903892934322357178e-01
3.902824521064758301e-01
3.902633190155029297e-01
3.902305662631988525e-01
3.903492093086242676e-01
3.901951909065246582e-01
3.902657926082611084e-01
3.901782035827636719e-01
3.901284337043762207e-01
3.901274204254150391e-01
3.901130557060241699e-01
3.904302418231964111e-01
3.901392519474029541e-01
3.901107609272003174e-01
3.901737332344055176e-01
3.900580406188964844e-01
3.900037407875061035e-01
3.899809718132019043e-01
3.898651897907257080e-01
3.899673521518707275e-01
3.898726999759674072e-01
3.899767100811004639e-01
3.897832930088043213e-01
3.899800777435302734e-01
3.898931145668029785e-01
3.898976147174835205e-01
3.898464143276214600e-01
3.898530900478363037e-01
3.898557722568511963e-01
3.900115489959716797e-01
3.897341787815093994e-01
3.897147774696350098e-01
3.896687030792236328e-01
3.895901739597320557e-01
3.896048665046691895e-01
3.895916938781738281e-01
3.895244002342224121e-01
3.894958496093750000e-01
3.896410763263702393e-01
3.895568251609802246e-01
3.894955515861511230e-01
3.894731402397155762e-01
3.894818425178527832e-01
3.894363641738891602e-01
3.894498050212860107e-01
3.893795907497406006e-01
3.893760442733764648e-01
3.894374370574951172e-01
3.893152773380279541e-01
3.893480300903320312e-01
3.892658948898315430e-01
3.892978429794311523e-01
3.894968926906585693e-01
3.892229199409484863e-01
3.892335295677185059e-01
3.891544044017791748e-01
3.891313076019287109e-01
3.891665935516357422e-01
3.891352713108062744e-01
3.891064524650573730e-01
3.891002535820007324e-01
3.890582621097564697e-01
3.890696465969085693e-01
3.889895081520080566e-01
3.889989852905273438e-01
3.889411091804504395e-01
3.889351785182952881e-01
3.891226649284362793e-01
3.889273703098297119e-01
3.889023065567016602e-01
3.888978958129882812e-01
3.888440132141113281e-01
3.888546526432037354e-01
3.888964354991912842e-01
3.888493776321411133e-01
3.887436985969543457e-01
3.887428641319274902e-01
3.886974751949310303e-01
3.887055516242980957e-01
3.886907100677490234e-01
3.886360228061676025e-01
3.886205255985260010e-01
3.886216580867767334e-01
3.885857164859771729e-01
3.885646760463714600e-01
3.885782361030578613e-01
3.885025978088378906e-01
3.884722590446472168e-01
3.884572386741638184e-01
3.884957730770111084e-01
3.883962035179138184e-01
3.884004950523376465e-01
3.884988427162170410e-01
3.883530497550964355e-01
3.884173035621643066e-01
3.883085846900939941e-01
3.886663317680358887e-01
3.883994519710540771e-01
3.883213996887207031e-01
3.882522583007812500e-01
3.882310986518859863e-01
3.881606161594390869e-01
3.881294727325439453e-01
3.880887925624847412e-01
3.881169855594635010e-01
3.882765173912048340e-01
3.880960345268249512e-01
3.880977034568786621e-01
3.880783915519714355e-01
3.880266845226287842e-01
3.880384564399719238e-01
3.880191445350646973e-01
3.880062401294708252e-01
3.879360556602478027e-01
3.879229128360748291e-01
3.878889679908752441e-01
3.878536224365234375e-01
3.878549039363861084e-01
3.880272507667541504e-01
3.879159092903137207e-01
3.878310024738311768e-01
3.878885209560394287e-01
3.878312706947326660e-01
3.878199458122253418e-01
3.877398073673248291e-01
3.877413868904113770e-01
3.876448273658752441e-01
3.874580264091491699e-01
3.877001106739044189e-01
3.875838816165924072e-01
3.876873552799224854e-01
3.876967430114746094e-01
3.875871300697326660e-01
3.876632750034332275e-01
3.876168131828308105e-01
3.878439962863922119e-01
3.875126242637634277e-01
3.874689042568206787e-01
3.874285817146301270e-01
3.873866200447082520e-01
3.873461186885833740e-01
3.873418867588043213e-01
3.873241245746612549e-01
3.873338401317596436e-01
3.873131871223449707e-01
3.873356878757476807e-01
3.872376978397369385e-01
3.872238993644714355e-01
3.872607052326202393e-01
3.871833682060241699e-01
3.872892260551452637e-01
3.870963454246520996e-01
3.870628774166107178e-01
3.871945440769195557e-01
3.870947957038879395e-01
3.871470689773559570e-01
3.870739042758941650e-01
3.870726525783538818e-01
3.870172500610351562e-01
3.870365023612976074e-01
3.869623839855194092e-01
3.868901133537292480e-01
3.868653774261474609e-01
3.868986666202545166e-01
3.868690133094787598e-01
3.868816196918487549e-01
3.869064152240753174e-01
3.870158195495605469e-01
3.867341876029968262e-01
3.868487775325775146e-01
3.867214024066925049e-01
3.867360651493072510e-01
3.868978917598724365e-01
3.867320716381072998e-01
3.866979181766510010e-01
3.866439461708068848e-01
3.866149783134460449e-01
3.866487145423889160e-01
3.865904211997985840e-01
3.865724503993988037e-01
3.865273594856262207e-01
3.864701688289642334e-01
3.864351511001586914e-01
3.864462971687316895e-01
3.864181041717529297e-01
3.863988518714904785e-01
3.863866329193115234e-01
3.863402307033538818e-01
3.863342404365539551e-01
3.863846659660339355e-01
3.864232897758483887e-01
3.862370848655700684e-01
3.863033950328826904e-01
3.862284123897552490e-01
3.862269818782806396e-01
3.862423300743103027e-01
3.862360417842864990e-01
3.861956298351287842e-01
3.861969113349914551e-01
3.861191868782043457e-01
3.861472308635711670e-01
3.860915005207061768e-01
3.861262202262878418e-01
3.861671090126037598e-01
3.860469460487365723e-01
3.860145807266235352e-01
3.859778940677642822e-01
3.859928250312805176e-01
3.859614729881286621e-01
3.858537077903747559e-01
3.858349919319152832e-01
3.858785927295684814e-01
3.859213888645172119e-01
3.857529759407043457e-01
3.859308362007141113e-01
3.857433497905731201e-01
3.858627676963806152e-01
3.862268626689910889e-01
3.857267796993255615e-01
3.857238292694091797e-01
3.856703937053680420e-01
3.856719136238098145e-01
3.856539726257324219e-01
3.856120705604553223e-01
3.855705559253692627e-01
3.855449259281158447e-01
3.855346739292144775e-01
3.855162262916564941e-01
3.856401741504669189e-01
3.855134546756744385e-01
3.855827748775482178e-01
3.854243457317352295e-01
3.857206404209136963e-01
3.853777348995208740e-01
3.853632807731628418e-01
3.853816688060760498e-01
3.853114545345306396e-01
3.853032290935516357e-01
3.853368461132049561e-01
3.852593898773193359e-01
3.852289319038391113e-01
3.852114081382751465e-01
3.851885199546813965e-01
3.853239417076110840e-01
3.851730525493621826e-01
3.851570188999176025e-01
3.850941658020019531e-01
3.851952850818634033e-01
3.850669860839843750e-01
3.850242495536804199e-01
3.850259184837341309e-01
3.854255676269531250e-01
3.850238323211669922e-01
3.850427269935607910e-01
3.852742910385131836e-01
3.849791884422302246e-01
3.849124312400817871e-01
3.848820030689239502e-01
3.849422633647918701e-01
3.848256170749664307e-01
3.848701119422912598e-01
3.848155438899993896e-01
3.847609162330627441e-01
3.848156332969665527e-01
3.847398161888122559e-01
3.847878575325012207e-01
3.846701681613922119e-01
3.847043812274932861e-01
3.846262395381927490e-01
3.846715092658996582e-01
3.846585750579833984e-01
3.846496939659118652e-01
3.845844864845275879e-01
3.846905231475830078e-01
3.845836222171783447e-01
3.847666382789611816e-01
3.844578266143798828e-01
3.845910429954528809e-01
3.844505846500396729e-01
3.845483958721160889e-01
3.843984305858612061e-01
3.844261765480041504e-01
3.843507766723632812e-01
3.843122124671936035e-01
3.843283653259277344e-01
3.842896223068237305e-01
3.842540681362152100e-01
3.842614591121673584e-01
3.843287229537963867e-01
3.842331469058990479e-01
3.842313587665557861e-01
3.841741681098937988e-01
3.841446936130523682e-01
3.841328620910644531e-01
3.840946257114410400e-01
3.840556740760803223e-01
3.840839266777038574e-01
3.841423988342285156e-01
3.840515613555908203e-01
3.840269148349761963e-01
3.841095566749572754e-01
3.840252757072448730e-01
3.839001059532165527e-01
3.839271962642669678e-01
3.839181363582611084e-01
3.839176297187805176e-01
3.838581144809722900e-01
3.838247656822204590e-01
3.838083148002624512e-01
3.837671577930450439e-01
3.837478756904602051e-01
3.837241530418395996e-01
3.837241530418395996e-01
3.836396038532257080e-01
3.837712705135345459e-01
3.836796879768371582e-01
3.836772441864013672e-01
3.835683166980743408e-01
3.835775256156921387e-01
3.837219774723052979e-01
3.835761547088623047e-01
3.835424184799194336e-01
3.835065066814422607e-01
3.835177421569824219e-01
3.834381103515625000e-01
3.834489881992340088e-01
3.834035992622375488e-01
3.833763599395751953e-01
3.833999037742614746e-01
3.833486139774322510e-01
3.833169341087341309e-01
3.833200037479400635e-01
3.832843005657196045e-01
3.833803236484527588e-01
3.832482695579528809e-01
3.832509219646453857e-01
3.831233978271484375e-01
3.831961750984191895e-01
3.831869065761566162e-01
3.830934762954711914e-01
3.831402063369750977e-01
3.834716081619262695e-01
3.833133578300476074e-01
3.832403719425201416e-01
3.832230269908905029e-01
3.832368850708007812e-01
3.830762803554534912e-01
3.831089138984680176e-01
3.830546438694000244e-01
3.829253315925598145e-01
3.829621672630310059e-01
3.828913271427154541e-01
3.829193115234375000e-01
3.828505575656890869e-01
3.829268813133239746e-01
3.827342391014099121e-01
3.829062581062316895e-01
3.828487098217010498e-01
3.827041685581207275e-01
3.828579485416412354e-01
3.826753795146942139e-01
3.826711177825927734e-01
3.825995624065399170e-01
3.826799392700195312e-01
3.825658559799194336e-01
3.825776278972625732e-01
3.825596868991851807e-01
3.825650215148925781e-01
3.825424313545227051e-01
3.824593424797058105e-01
3.824989497661590576e-01
3.824365735054016113e-01
3.824549913406372070e-01
3.824565410614013672e-01
3.823900818824768066e-01
3.823605477809906006e-01
3.823164403438568115e-01
3.823825716972351074e-01
3.823082745075225830e-01
3.823785185813903809e-01
3.823907375335693359e-01
3.822953104972839355e-01
3.823985159397125244e-01
3.821899890899658203e-01
3.821693360805511475e-01
3.823192715644836426e-01
3.821420669555664062e-01
3.821174502372741699e-01
3.821286559104919434e-01
3.820576369762420654e-01
3.820540308952331543e-01
3.821590542793273926e-01
3.820443749427795410e-01
3.819999098777770996e-01
3.819721639156341553e-01
3.819475173950195312e-01
3.819032609462738037e-01
3.818975090980529785e-01
3.818888962268829346e-01
3.818358480930328369e-01
3.818522989749908447e-01
3.818400502204895020e-01
3.818860650062561035e-01
3.817852139472961426e-01
3.818088471889495850e-01
3.817937374114990234e-01
3.817066252231597900e-01
3.817276358604431152e-01
3.816386163234710693e-01
3.816547393798828125e-01
3.815961778163909912e-01
3.816864192485809326e-01
3.815700709819793701e-01
3.816382586956024170e-01
3.816116750240325928e-01
3.817206919193267822e-01
3.816942870616912842e-01
3.817164301872253418e-01
3.821002840995788574e-01
3.817646205425262451e-01
3.817765116691589355e-01
3.817583918571472168e-01
3.817068040370941162e-01
3.817491531372070312e-01
3.817259371280670166e-01
3.816176056861877441e-01
3.815613687038421631e-01
3.814914524555206299e-01
3.813758790493011475e-01
3.814672231674194336e-01
3.813169300556182861e-01
3.811823725700378418e-01
3.811761736869812012e-01
3.811544775962829590e-01
3.811239302158355713e-01
3.810912072658538818e-01
3.810889720916748047e-01
3.811722695827484131e-01
3.810627460479736328e-01
3.810576498508453369e-01
3.810834288597106934e-01
3.810833096504211426e-01
3.811912536621093750e-01
3.810071051120758057e-01
3.809377253055572510e-01
3.811616599559783936e-01
3.810904026031494141e-01
3.808979392051696777e-01
3.809345364570617676e-01
3.808807730674743652e-01
3.809941112995147705e-01
3.808487951755523682e-01
3.808079361915588379e-01
3.807924985885620117e-01
3.807207047939300537e-01
3.808973431587219238e-01
3.807053565979003906e-01
3.806367516517639160e-01
3.806141018867492676e-01
3.807139694690704346e-01
3.805674314498901367e-01
3.805201053619384766e-01
3.805699050426483154e-01
3.805157542228698730e-01
3.805045485496520996e-01
3.805457651615142822e-01
3.805204629898071289e-01
3.804466128349304199e-01
3.804644942283630371e-01
3.804193139076232910e-01
3.804315924644470215e-01
3.803771138191223145e-01
3.803703784942626953e-01
3.805499672889709473e-01
3.803370594978332520e-01
3.803177475929260254e-01
3.802817463874816895e-01
3.803185522556304932e-01
3.802501559257507324e-01
3.803695142269134521e-01
3.802940845489501953e-01
3.802328705787658691e-01
3.803773522377014160e-01
3.802422583103179932e-01
3.801866173744201660e-01
3.801844120025634766e-01
3.801537454128265381e-01
3.802091479301452637e-01
3.800913393497467041e-01
3.800729513168334961e-01
3.800211548805236816e-01
3.800852894783020020e-01
3.800051808357238770e-01
3.799225687980651855e-01
3.799003064632415771e-01
3.798608779907226562e-01
3.798393607139587402e-01
3.798316121101379395e-01
3.798745274543762207e-01
3.798002600669860840e-01
3.797165453433990479e-01
3.797321021556854248e-01
3.797362446784973145e-01
3.796635568141937256e-01
3.796460628509521484e-01
3.796157240867614746e-01
3.795920610427856445e-01
3.795763850212097168e-01
3.795822262763977051e-01
3.795530200004577637e-01
3.796125054359436035e-01
3.794620931148529053e-01
3.797144293785095215e-01
3.795634806156158447e-01
3.795542716979980469e-01
3.794625997543334961e-01
3.794130384922027588e-01
3.793954551219940186e-01
3.793796896934509277e-01
3.794493377208709717e-01
3.793098330497741699e-01
3.793694078922271729e-01
3.793037235736846924e-01
3.793390393257141113e-01
3.792971968650817871e-01
3.792890906333923340e-01
3.792881071567535400e-01
3.795266747474670410e-01
3.791918158531188965e-01
3.791492879390716553e-01
3.792015910148620605e-01
3.791266381740570068e-01
3.791550695896148682e-01
3.790661096572875977e-01
3.790024220943450928e-01
3.791454434394836426e-01
3.791118264198303223e-01
3.789640069007873535e-01
3.789427876472473145e-01
3.789471685886383057e-01
3.791648447513580322e-01
3.789232373237609863e-01
3.789255619049072266e-01
3.789944052696228027e-01
3.792011141777038574e-01
3.787971138954162598e-01
3.788199424743652344e-01
3.787932395935058594e-01
3.787342905998229980e-01
3.787228465080261230e-01
3.786548078060150146e-01
3.786081373691558838e-01
3.786152303218841553e-01
3.788461685180664062e-01
3.788992762565612793e-01
3.785817921161651611e-01
3.786609172821044922e-01
3.785837590694427490e-01
3.786647915840148926e-01
3.784090876579284668e-01
3.783619999885559082e-01
3.783862590789794922e-01
3.784390389919281006e-01
3.786794245243072510e-01
3.784719407558441162e-01
3.784529566764831543e-01
3.784609735012054443e-01
3.783575892448425293e-01
3.783336281776428223e-01
3.784625530242919922e-01
3.783882558345794678e-01
3.783904314041137695e-01
3.783715963363647461e-01
3.784965872764587402e-01
3.783867955207824707e-01
3.782461285591125488e-01
3.781809806823730469e-01
3.781228661537170410e-01
3.781213760375976562e-01
3.780345916748046875e-01
3.779481053352355957e-01
3.779345154762268066e-01
3.779753148555755615e-01
3.780125379562377930e-01
3.783543705940246582e-01
3.783238828182220459e-01
3.781616687774658203e-01
3.781617283821105957e-01
3.781333565711975098e-01
3.780086040496826172e-01
3.779118955135345459e-01
3.780750632286071777e-01
3.778171837329864502e-01
3.777902126312255859e-01
3.780252933502197266e-01
3.777455687522888184e-01
3.777600228786468506e-01
3.779353797435760498e-01
3.777199983596801758e-01
3.776660561561584473e-01
3.777136206626892090e-01
3.776234090328216553e-01
3.776894807815551758e-01
3.776385784149169922e-01
3.775795996189117432e-01
3.775601983070373535e-01
3.776938915252685547e-01
3.774933218955993652e-01
3.775289654731750488e-01
3.775383830070495605e-01
3.774703443050384521e-01
3.775613903999328613e-01
3.775356709957122803e-01
3.774218857288360596e-01
3.773818612098693848e-01
3.773313164710998535e-01
3.773755133152008057e-01
3.773563802242279053e-01
3.774116635322570801e-01
3.773118257522583008e-01
3.773862719535827637e-01
3.773783147335052490e-01
3.772974014282226562e-01
3.772557079792022705e-01
3.772247433662414551e-01
3.772517442703247070e-01
3.771418035030364990e-01
3.772340416908264160e-01
3.772905766963958740e-01
3.772518038749694824e-01
3.771153092384338379e-01
3.771064579486846924e-01
3.772231936454772949e-01
3.770871162414550781e-01
3.769990801811218262e-01
3.771043419837951660e-01
3.769306242465972900e-01
3.770160675048828125e-01
3.768897056579589844e-01
3.768883347511291504e-01
3.768618404865264893e-01
3.768871426582336426e-01
3.769867718219757080e-01
3.768076002597808838e-01
3.769194781780242920e-01
3.767820894718170166e-01
3.767672181129455566e-01
3.767277598381042480e-01
3.767086565494537354e-01
3.766873180866241455e-01
3.767233788967132568e-01
3.766834139823913574e-01
3.766357600688934326e-01
3.766250908374786377e-01
3.766430318355560303e-01
3.766310214996337891e-01
3.766168653964996338e-01
3.766715228557586670e-01
3.765540719032287598e-01
3.765354454517364502e-01
3.764797151088714600e-01
3.764629960060119629e-01
3.764025270938873291e-01
3.765867352485656738e-01
3.765037953853607178e-01
3.763775229454040527e-01
3.763566911220550537e-01
3.765062987804412842e-01
3.763678967952728271e-01
3.764242231845855713e-01
3.763127624988555908e-01
3.762808144092559814e-01
3.762580752372741699e-01
3.762373626232147217e-01
3.762570917606353760e-01
3.761809468269348145e-01
3.762372434139251709e-01
3.760486841201782227e-01
3.761720657348632812e-01
3.761549592018127441e-01
3.762664496898651123e-01
3.761751055717468262e-01
3.762618005275726318e-01
3.762702047824859619e-01
3.763815760612487793e-01
3.762426078319549561e-01
3.765230476856231689e-01
3.761201500892639160e-01
3.760170340538024902e-01
3.760246038436889648e-01
3.761866390705108643e-01
3.759783506393432617e-01
3.759790956974029541e-01
3.758901059627532959e-01
3.758830428123474121e-01
3.758414387702941895e-01
3.758207857608795166e-01
3.757927417755126953e-01
3.757401108741760254e-01
3.757123351097106934e-01
3.757222294807434082e-01
3.757025301456451416e-01
3.757468461990356445e-01
3.756240010261535645e-01
3.757318854331970215e-01
3.756336569786071777e-01
3.756022751331329346e-01
3.756217360496520996e-01
3.756834268569946289e-01
3.755972981452941895e-01
3.757210671901702881e-01
3.755412995815277100e-01
3.757966458797454834e-01
3.754636943340301514e-01
3.753697872161865234e-01
3.755087256431579590e-01
3.755608499050140381e-01
3.752846717834472656e-01
3.753715157508850098e-01
3.754014968872070312e-01
3.753773570060729980e-01
3.753972947597503662e-01
3.754574358463287354e-01
3.755508065223693848e-01
3.754947781562805176e-01
3.755373358726501465e-01
3.754674196243286133e-01
3.754283785820007324e-01
3.753338754177093506e-01
3.753252625465393066e-01
3.751814961433410645e-01
3.750355541706085205e-01
3.750321269035339355e-01
3.749508857727050781e-01
3.753255009651184082e-01
3.750243782997131348e-01
3.749954104423522949e-01
3.750398755073547363e-01
3.751125931739807129e-01
3.751131892204284668e-01
3.750671744346618652e-01
3.750939071178436279e-01
3.750981688499450684e-01
3.751313388347625732e-01
3.749960660934448242e-01
3.749735951423645020e-01
3.748365044593811035e-01
3.747858405113220215e-01
3.748374879360198975e-01
3.747258782386779785e-01
3.747186064720153809e-01
3.746498227119445801e-01
3.746911883354187012e-01
3.746642172336578369e-01
3.746163845062255859e-01
3.745838999748229980e-01
3.745849430561065674e-01
3.745813965797424316e-01
3.746713399887084961e-01
3.745567500591278076e-01
3.746240437030792236e-01
3.747091591358184814e-01
3.744636774063110352e-01
3.744484782218933105e-01
3.745736479759216309e-01
3.744246363639831543e-01
3.745455145835876465e-01
3.745136260986328125e-01
3.743978142738342285e-01
3.743502497673034668e-01
3.744638264179229736e-01
3.743979036808013916e-01
3.743484616279602051e-01
3.743932247161865234e-01
3.742911815643310547e-01
3.742436766624450684e-01
3.743227124214172363e-01
3.743126392364501953e-01
3.742312788963317871e-01
3.741592764854431152e-01
3.741836845874786377e-01
3.741989731788635254e-01
3.740897774696350098e-01
3.741561174392700195e-01
3.740887641906738281e-01
3.740554451942443848e-01
3.740172386169433594e-01
3.740912973880767822e-01
3.740298748016357422e-01
3.739647567272186279e-01
3.740278184413909912e-01
3.739717006683349609e-01
3.740169405937194824e-01
3.740445971488952637e-01
3.738994598388671875e-01
3.739100098609924316e-01
3.738618195056915283e-01
3.738523423671722412e-01
3.739581704139709473e-01
3.738234639167785645e-01
3.739127516746520996e-01
3.738002777099609375e-01
3.737194538116455078e-01
3.737258315086364746e-01
3.737799823284149170e-01
3.737143576145172119e-01
3.738085627555847168e-01
3.737430572509765625e-01
3.737116754055023193e-01
3.737058341503143311e-01
3.736259341239929199e-01
3.735878765583038330e-01
3.736161589622497559e-01
3.735619187355041504e-01
3.736720979213714600e-01
3.735445141792297363e-01
3.736184239387512207e-01
3.734684884548187256e-01
3.734394609928131104e-01
3.734092414379119873e-01
3.735641837120056152e-01
3.735129833221435547e-01
3.736798167228698730e-01
3.734144270420074463e-01
3.733510673046112061e-01
3.733970522880554199e-01
3.735401034355163574e-01
3.733948171138763428e-01
3.732763230800628662e-01
3.732604682445526123e-01
3.732440471649169922e-01
3.732373416423797607e-01
3.732748031616210938e-01
3.731858432292938232e-01
3.733236193656921387e-01
3.731772303581237793e-01
3.732624650001525879e-01
3.731414377689361572e-01
3.731670379638671875e-01
3.731569349765777588e-01
3.730751574039459229e-01
3.730388283729553223e-01
3.730442821979522705e-01
3.730584681034088135e-01
3.730480670928955078e-01
3.729947805404663086e-01
3.729744553565979004e-01
3.729828000068664551e-01
3.730073571205139160e-01
3.730702102184295654e-01
3.729155361652374268e-01
3.729108572006225586e-01
3.729162514209747314e-01
3.728479444980621338e-01
3.728566765785217285e-01
3.728451132774353027e-01
3.727862834930419922e-01
3.728182911872863770e-01
3.727183640003204346e-01
3.727134168148040771e-01
3.726933896541595459e-01
3.728722333908081055e-01
3.727692961692810059e-01
3.727561831474304199e-01
3.727944493293762207e-01
3.727395534515380859e-01
3.726939558982849121e-01
3.726776242256164551e-01
3.726728260517120361e-01
3.727197349071502686e-01
3.726992607116699219e-01
3.727277815341949463e-01
3.726589083671569824e-01
3.726083636283874512e-01
3.725742995738983154e-01
3.725249171257019043e-01
3.725330233573913574e-01
3.725589513778686523e-01
3.723971247673034668e-01
3.724434971809387207e-01
3.725788891315460205e-01
3.724907934665679932e-01
3.722748756408691406e-01
3.721652626991271973e-01
3.722855746746063232e-01
3.724724650382995605e-01
3.722887933254241943e-01
3.723700046539306641e-01
3.722686469554901123e-01
3.723193109035491943e-01
3.723935782909393311e-01
3.723734021186828613e-01
3.723551332950592041e-01
3.723425567150115967e-01
3.722524642944335938e-01
3.721591532230377197e-01
3.720840811729431152e-01
3.721167445182800293e-01
3.719896674156188965e-01
3.722027838230133057e-01
3.720154762268066406e-01
3.720899820327758789e-01
3.719386160373687744e-01
3.719317317008972168e-01
3.719247877597808838e-01
3.719379007816314697e-01
3.719066977500915527e-01
3.719126582145690918e-01
3.719443678855895996e-01
3.719229102134704590e-01
3.719073534011840820e-01
3.717756867408752441e-01
3.719256520271301270e-01
3.718250095844268799e-01
3.719224929809570312e-01
3.717813491821289062e-01
3.717475831508636475e-01
3.717043995857238770e-01
3.718417584896087646e-01
3.717590272426605225e-01
3.718310892581939697e-01
3.715930581092834473e-01
3.716894984245300293e-01
3.716956973075866699e-01
3.717542290687561035e-01
3.716058731079101562e-01
3.716474771499633789e-01
3.715687692165374756e-01
3.715752959251403809e-01
3.715712130069732666e-01
3.715315759181976318e-01
3.715627789497375488e-01
3.717389404773712158e-01
3.715600371360778809e-01
3.716124594211578369e-01
3.714947104454040527e-01
3.714770972728729248e-01
3.713930249214172363e-01
3.715036511421203613e-01
3.713075220584869385e-01
3.712710738182067871e-01
3.713816702365875244e-01
3.713746964931488037e-01
3.712784051895141602e-01
3.712205290794372559e-01
3.712307810783386230e-01
3.712937235832214355e-01
3.712213337421417236e-01
3.712010383605957031e-01
3.711616694927215576e-01
3.713402152061462402e-01
3.712137043476104736e-01
3.712681829929351807e-01
3.710902929306030273e-01
3.710614740848541260e-01
3.710438311100006104e-01
3.710842728614807129e-01
3.710094094276428223e-01
3.709796071052551270e-01
3.709739148616790771e-01
3.710691332817077637e-01
3.709594905376434326e-01
3.710111081600189209e-01
3.709707260131835938e-01
3.709053993225097656e-01
3.708899021148681641e-01
3.708978295326232910e-01
3.708749413490295410e-01
3.710981309413909912e-01
3.708772361278533936e-01
3.707745671272277832e-01
3.709258437156677246e-01
3.708010315895080566e-01
3.707180023193359375e-01
3.707543313503265381e-01
3.706973493099212646e-01
3.708063960075378418e-01
3.707424104213714600e-01
3.707625269889831543e-01
3.706517219543457031e-01
3.706250488758087158e-01
3.705877363681793213e-01
3.706494867801666260e-01
3.705467879772186279e-01
3.705403208732604980e-01
3.705067932605743408e-01
3.705147206783294678e-01
3.705258071422576904e-01
3.704600930213928223e-01
3.705331683158874512e-01
3.705671727657318115e-01
3.704322278499603271e-01
3.703811764717102051e-01
3.703690171241760254e-01
3.704860806465148926e-01
3.703664839267730713e-01
3.703896403312683105e-01
3.703606128692626953e-01
3.703776001930236816e-01
3.703152537345886230e-01
3.703619837760925293e-01
3.702927827835083008e-01
3.702343106269836426e-01
3.702276349067687988e-01
3.702370822429656982e-01
3.702084422111511230e-01
3.701819181442260742e-01
3.701086044311523438e-01
3.700922727584838867e-01
3.701006770133972168e-01
3.706595003604888916e-01
3.703001439571380615e-01
3.705644607543945312e-01
3.701552748680114746e-01
3.701223731040954590e-01
3.700886666774749756e-01
3.700065016746520996e-01
3.700291812419891357e-01
3.699580729007720947e-01
3.699446320533752441e-01
3.699629902839660645e-01
3.699986934661865234e-01
3.700192570686340332e-01
3.699001371860504150e-01
3.698651790618896484e-01
3.698950409889221191e-01
3.698669373989105225e-01
3.698453009128570557e-01
3.700323104858398438e-01
3.698473572731018066e-01
3.698098659515380859e-01
3.698559403419494629e-01
3.698015213012695312e-01
3.697607517242431641e-01
3.697816431522369385e-01
3.697467446327209473e-01
3.699675798416137695e-01
3.697312772274017334e-01
3.697258532047271729e-01
3.697079718112945557e-01
3.697152733802795410e-01
3.696917891502380371e-01
3.696543574333190918e-01
3.697133660316467285e-01
3.696772456169128418e-01
3.695835471153259277e-01
3.696084320545196533e-01
3.697362244129180908e-01
3.694787919521331787e-01
3.694876134395599365e-01
3.694617152214050293e-01
3.694036900997161865e-01
3.694421648979187012e-01
3.693577945232391357e-01
3.694580793380737305e-01
3.693630993366241455e-01
3.693786263465881348e-01
3.695150017738342285e-01
3.693630099296569824e-01
3.693112134933471680e-01
3.692690134048461914e-01
3.692063689231872559e-01
3.691697120666503906e-01
3.693707585334777832e-01
3.692955374717712402e-01
3.693010807037353516e-01
3.694052398204803467e-01
3.692678809165954590e-01
3.692579567432403564e-01
3.692651689052581787e-01
3.692293763160705566e-01
3.691984415054321289e-01
3.691693246364593506e-01
3.690211176872253418e-01
3.691408932209014893e-01
3.693295121192932129e-01
3.690001368522644043e-01
3.690606057643890381e-01
3.690401911735534668e-01
3.690390884876251221e-01
3.690710961818695068e-01
3.689262270927429199e-01
3.689537644386291504e-01
3.689153790473937988e-01
3.689207732677459717e-01
3.688494861125946045e-01
3.688257336616516113e-01
3.687940239906311035e-01
3.687933087348937988e-01
3.686130046844482422e-01
3.692516684532165527e-01
3.689142763614654541e-01
3.688912987709045410e-01
3.689201474189758301e-01
3.689160943031311035e-01
3.688436150550842285e-01
3.688231408596038818e-01
3.688313364982604980e-01
3.688520789146423340e-01
3.687844276428222656e-01
3.687486052513122559e-01
3.687018752098083496e-01
3.687171339988708496e-01
3.685353696346282959e-01
3.685563504695892334e-01
3.688840270042419434e-01
3.685570359230041504e-01
3.685531020164489746e-01
3.685738146305084229e-01
3.685358464717864990e-01
3.685804009437561035e-01
3.685457706451416016e-01
3.685135841369628906e-01
3.684710264205932617e-01
3.684350848197937012e-01
3.685225844383239746e-01
3.684573769569396973e-01
3.685692846775054932e-01
3.683893084526062012e-01
3.684210181236267090e-01
3.683948516845703125e-01
3.684728741645812988e-01
3.683013916015625000e-01
3.682686686515808105e-01
3.682644963264465332e-01
3.681941628456115723e-01
3.683831393718719482e-01
3.682070970535278320e-01
3.682535588741302490e-01
3.682024478912353516e-01
3.681729435920715332e-01
3.681686222553253174e-01
3.681659102439880371e-01
3.682230114936828613e-01
3.681420683860778809e-01
3.681414127349853516e-01
3.681607246398925781e-01
3.682013154029846191e-01
3.680414557456970215e-01
3.679823279380798340e-01
3.679487705230712891e-01
3.679714202880859375e-01
3.679924607276916504e-01
3.679838776588439941e-01
3.680588006973266602e-01
3.680033087730407715e-01
3.680136799812316895e-01
3.680795431137084961e-01
3.680657744407653809e-01
3.681755661964416504e-01
3.681609332561492920e-01
3.681088984012603760e-01
3.680892288684844971e-01
3.681402206420898438e-01
3.681906163692474365e-01
3.679810166358947754e-01
3.679141700267791748e-01
3.679789006710052490e-01
3.678538799285888672e-01
3.677496016025543213e-01
3.677207827568054199e-01
3.676304817199707031e-01
3.676704466342926025e-01
3.675841391086578369e-01
3.675707578659057617e-01
3.675755858421325684e-01
3.676543831825256348e-01
3.676704168319702148e-01
3.677049577236175537e-01
3.676305115222930908e-01
3.676642477512359619e-01
3.677716851234436035e-01
3.675856590270996094e-01
3.675140738487243652e-01
3.675524890422821045e-01
3.675081431865692139e-01
3.674870133399963379e-01
3.674456179141998291e-01
3.674955964088439941e-01
3.673253655433654785e-01
3.675408661365509033e-01
3.675892949104309082e-01
3.674302101135253906e-01
3.673554062843322754e-01
3.673248291015625000e-01
3.673463463783264160e-01
3.672792315483093262e-01
3.672584891319274902e-01
3.672309517860412598e-01
3.672313690185546875e-01
3.673058450222015381e-01
3.673379123210906982e-01
3.673111796379089355e-01
3.673295676708221436e-01
3.674438595771789551e-01
3.673508465290069580e-01
3.671739399433135986e-01
3.671654164791107178e-01
3.672658801078796387e-01
3.671544492244720459e-01
3.670990467071533203e-01
3.670948445796966553e-01
3.671260476112365723e-01
3.670207858085632324e-01
3.670156300067901611e-01
3.670318722724914551e-01
3.670496046543121338e-01
3.670854270458221436e-01
3.670470416545867920e-01
3.669551312923431396e-01
3.669509887695312500e-01
3.669629693031311035e-01
3.669010400772094727e-01
3.668805062770843506e-01
3.668762147426605225e-01
3.669061660766601562e-01
3.669486641883850098e-01
3.668541014194488525e-01
3.668069243431091309e-01
3.669101595878601074e-01
3.668717443943023682e-01
3.668188750743865967e-01
3.667823374271392822e-01
3.667777776718139648e-01
3.667650520801544189e-01
3.667218089103698730e-01
3.667172491550445557e-01
3.667297959327697754e-01
3.667340874671936035e-01
3.666695654392242432e-01
3.666925728321075439e-01
3.667238354682922363e-01
3.666354417800903320e-01
3.668528497219085693e-01
3.666050732135772705e-01
3.666095137596130371e-01
3.665672838687896729e-01
3.666771352291107178e-01
3.665497004985809326e-01
3.665935695171356201e-01
3.666615486145019531e-01
3.665344119071960449e-01
3.663564622402191162e-01
3.664715588092803955e-01
3.666184842586517334e-01
3.666209578514099121e-01
3.667477667331695557e-01
3.668555617332458496e-01
3.668612837791442871e-01
3.668229579925537109e-01
3.668098747730255127e-01
3.666693270206451416e-01
3.669902682304382324e-01
3.665909171104431152e-01
3.663633465766906738e-01
3.663032054901123047e-01
3.665072321891784668e-01
3.662413954734802246e-01
3.663109838962554932e-01
3.662265837192535400e-01
3.662459254264831543e-01
3.662058711051940918e-01
3.661664426326751709e-01
3.661798536777496338e-01
3.662006855010986328e-01
3.661805987358093262e-01
3.661346733570098877e-01
3.661900162696838379e-01
3.662792146205902100e-01
3.661750853061676025e-01
3.662009239196777344e-01
3.661582469940185547e-01
3.661462664604187012e-01
3.663520812988281250e-01
3.661082386970520020e-01
3.662136793136596680e-01
3.660898804664611816e-01
3.660331666469573975e-01
3.660729825496673584e-01
3.660128712654113770e-01
3.660145699977874756e-01
3.659045100212097168e-01
3.660945892333984375e-01
3.658818304538726807e-01
3.659338653087615967e-01
3.659695386886596680e-01
3.658489584922790527e-01
3.658576011657714844e-01
3.658775389194488525e-01
3.659262657165527344e-01
3.658294677734375000e-01
3.658408522605895996e-01
3.658047318458557129e-01
3.658038675785064697e-01
3.657807409763336182e-01
3.658142685890197754e-01
3.658663332462310791e-01
3.657610416412353516e-01
3.658350408077239990e-01
3.655886948108673096e-01
3.657791018486022949e-01
3.656774759292602539e-01
3.657303154468536377e-01
3.658069074153900146e-01
3.656920492649078369e-01
3.657085299491882324e-01
3.655849099159240723e-01
3.658096790313720703e-01
3.656024336814880371e-01
3.656030297279357910e-01
3.654999732971191406e-01
3.655019402503967285e-01
3.654825091361999512e-01
3.654858469963073730e-01
3.654266297817230225e-01
3.654878735542297363e-01
3.655717372894287109e-01
3.656076788902282715e-01
3.655689656734466553e-01
3.655802011489868164e-01
3.655443191528320312e-01
3.656444549560546875e-01
3.654124736785888672e-01
3.654684126377105713e-01
3.653432428836822510e-01
3.653349876403808594e-01
3.653194308280944824e-01
3.653208613395690918e-01
3.652741312980651855e-01
3.653044104576110840e-01
3.651940822601318359e-01
3.652533590793609619e-01
3.652192056179046631e-01
3.652248978614807129e-01
3.653645217418670654e-01
3.653554618358612061e-01
3.652457594871520996e-01
3.653392195701599121e-01
3.652206957340240479e-01
3.652175962924957275e-01
3.651318550109863281e-01
3.651046752929687500e-01
3.651178479194641113e-01
3.651676774024963379e-01
3.651407957077026367e-01
3.650311231613159180e-01
3.650235235691070557e-01
3.649331629276275635e-01
3.650961518287658691e-01
3.650209307670593262e-01
3.651412129402160645e-01
3.650516271591186523e-01
3.650103211402893066e-01
3.649528622627258301e-01
3.648928105831146240e-01
3.649615645408630371e-01
3.648859858512878418e-01
3.648800849914550781e-01
3.648940920829772949e-01
3.648533821105957031e-01
3.648051917552947998e-01
3.648036420345306396e-01
3.648937344551086426e-01
3.648376166820526123e-01
3.648074865341186523e-01
3.648355007171630859e-01
3.648066222667694092e-01
3.647724986076354980e-01
3.648586273193359375e-01
3.647184967994689941e-01
3.647664189338684082e-01
3.646450638771057129e-01
3.646593987941741943e-01
3.646362423896789551e-01
3.646635711193084717e-01
3.646435439586639404e-01
3.646924197673797607e-01
3.646014034748077393e-01
3.647682368755340576e-01
3.645955622196197510e-01
3.646386265754699707e-01
3.645440638065338135e-01
3.648934364318847656e-01
3.646801412105560303e-01
3.645158708095550537e-01
3.644614815711975098e-01
3.644485473632812500e-01
3.644275665283203125e-01
3.644374012947082520e-01
3.645017743110656738e-01
3.644977211952209473e-01
3.644220530986785889e-01
3.643480837345123291e-01
3.643397390842437744e-01
3.643198907375335693e-01
3.643052875995635986e-01
3.643032014369964600e-01
3.643786311149597168e-01
3.643667399883270264e-01
3.642624020576477051e-01
3.643530905246734619e-01
3.642309308052062988e-01
3.643426001071929932e-01
3.642210364341735840e-01
3.642115294933319092e-01
3.641710877418518066e-01
3.641558289527893066e-01
3.642602264881134033e-01
3.641220629215240479e-01
3.641038537025451660e-01
3.641137182712554932e-01
3.641011714935302734e-01
3.640652298927307129e-01
3.640775382518768311e-01
3.640996813774108887e-01
3.640130162239074707e-01
3.640491068363189697e-01
3.640147149562835693e-01
3.639978766441345215e-01
3.639697134494781494e-01
3.640133738517761230e-01
3.640454411506652832e-01
3.639226853847503662e-01
3.640007972717285156e-01
3.639563620090484619e-01
3.639108538627624512e-01
3.638552725315093994e-01
3.638953566551208496e-01
3.639096021652221680e-01
3.639810979366302490e-01
3.638873696327209473e-01
3.638340830802917480e-01
3.638483285903930664e-01
3.637743592262268066e-01
3.638344705104827881e-01
3.639299571514129639e-01
3.638287186622619629e-01
3.637579977512359619e-01
3.637464940547943115e-01
3.637635707855224609e-01
3.637221753597259521e-01
3.636658489704132080e-01
3.636751770973205566e-01
3.637033998966217041e-01
3.636775016784667969e-01
3.636327981948852539e-01
3.636091947555541992e-01
3.636307120323181152e-01
3.636233210563659668e-01
3.635449409484863281e-01
3.636333942413330078e-01
3.635795712471008301e-01
3.635569512844085693e-01
3.635699152946472168e-01
3.635067939758300781e-01
3.635049462318420410e-01
3.634587228298187256e-01
3.635114729404449463e-01
3.634296059608459473e-01
3.634149730205535889e-01
3.634137213230133057e-01
3.633778989315032959e-01
3.633792400360107422e-01
3.633593022823333740e-01
3.634008467197418213e-01
3.633906245231628418e-01
3.634048104286193848e-01
3.634182810783386230e-01
3.632830083370208740e-01
3.632264733314514160e-01
3.633686900138854980e-01
3.634863197803497314e-01
3.633617460727691650e-01
3.632813692092895508e-01
3.632517755031585693e-01
3.634552955627441406e-01
3.631983697414398193e-01
3.632677495479583740e-01
3.631958067417144775e-01
3.631787896156311035e-01
3.632401823997497559e-01
3.631424009799957275e-01
3.631865382194519043e-01
3.631763458251953125e-01
3.631193041801452637e-01
3.630872368812561035e-01
3.631544709205627441e-01
3.633275926113128662e-01
3.631022572517395020e-01
3.630839586257934570e-01
3.630580306053161621e-01
3.631108403205871582e-01
3.630317151546478271e-01
3.630227446556091309e-01
3.630535304546356201e-01
3.630513548851013184e-01
3.630569875240325928e-01
3.630078136920928955e-01
3.630459010601043701e-01
3.629357516765594482e-01
3.630769848823547363e-01
3.629423081874847412e-01
3.629426956176757812e-01
3.628998696804046631e-01
3.628560900688171387e-01
3.628279268741607666e-01
3.628438413143157959e-01
3.627987205982208252e-01
3.628006875514984131e-01
3.628201484680175781e-01
3.627479672431945801e-01
3.628998398780822754e-01
3.628364801406860352e-01
3.628222942352294922e-01
3.628219664096832275e-01
3.627872765064239502e-01
3.628159165382385254e-01
3.627831339836120605e-01
3.628134131431579590e-01
3.627200126647949219e-01
3.626631498336791992e-01
3.625898361206054688e-01
3.626760840415954590e-01
3.625754117965698242e-01
3.625356554985046387e-01
3.627631366252899170e-01
3.626411557197570801e-01
3.627851605415344238e-01
3.627145290374755859e-01
3.627001941204071045e-01
3.629387915134429932e-01
3.625973761081695557e-01
3.626474738121032715e-01
3.625915646553039551e-01
3.625948429107666016e-01
3.627255558967590332e-01
3.626127243041992188e-01
3.626560568809509277e-01
3.625352978706359863e-01
3.624984622001647949e-01
3.624132275581359863e-01
3.623895049095153809e-01
3.624254465103149414e-01
3.624376058578491211e-01
3.623309135437011719e-01
3.623414337635040283e-01
3.624220490455627441e-01
3.623107075691223145e-01
3.623068332672119141e-01
3.622862100601196289e-01
3.624540567398071289e-01
3.626997768878936768e-01
3.623890876770019531e-01
3.622451722621917725e-01
3.621716201305389404e-01
3.622327744960784912e-01
3.621351122856140137e-01
3.621229231357574463e-01
3.620838820934295654e-01
3.621950447559356689e-01
3.622280359268188477e-01
3.622710108757019043e-01
3.622884154319763184e-01
3.622868657112121582e-01
3.622778058052062988e-01
3.622635602951049805e-01
3.622625768184661865e-01
3.622667789459228516e-01
3.622058033943176270e-01
3.624586462974548340e-01
3.620666861534118652e-01
3.620713353157043457e-01
3.621143400669097900e-01
3.619751930236816406e-01
3.619879782199859619e-01
3.620578348636627197e-01
3.620292544364929199e-01
3.621533513069152832e-01
3.620277643203735352e-01
3.620494306087493896e-01
3.621580600738525391e-01
3.619582056999206543e-01
3.619110584259033203e-01
3.618780672550201416e-01
3.618842363357543945e-01
3.619834184646606445e-01
3.620433211326599121e-01
3.619133830070495605e-01
3.618977665901184082e-01
3.619226813316345215e-01
3.618661463260650635e-01
3.618294596672058105e-01
3.617808520793914795e-01
3.617443442344665527e-01
3.617530465126037598e-01
3.617297708988189697e-01
3.617054224014282227e-01
3.616881966590881348e-01
3.617165982723236084e-01
3.616988956928253174e-01
3.617077469825744629e-01
3.618452847003936768e-01
3.616616129875183105e-01
3.616531193256378174e-01
3.618182539939880371e-01
3.615685105323791504e-01
3.615691959857940674e-01
3.616175949573516846e-01
3.615783452987670898e-01
3.615538775920867920e-01
3.616861999034881592e-01
3.614426255226135254e-01
3.615686595439910889e-01
3.617352247238159180e-01
3.616655468940734863e-01
3.616707324981689453e-01
3.616624474525451660e-01
3.617184460163116455e-01
3.616146743297576904e-01
3.615686893463134766e-01
3.615687787532806396e-01
3.615911602973937988e-01
3.614852428436279297e-01
3.614919185638427734e-01
3.614497780799865723e-01
3.614485263824462891e-01
3.614456355571746826e-01
3.614271581172943115e-01
3.614109456539154053e-01
3.614113032817840576e-01
3.613349199295043945e-01
3.613916933536529541e-01
3.613115549087524414e-01
3.613157272338867188e-01
3.615464270114898682e-01
3.614472448825836182e-01
3.614040017127990723e-01
3.613042235374450684e-01
3.613145649433135986e-01
3.613085150718688965e-01
3.612383902072906494e-01
3.612670004367828369e-01
3.612653911113739014e-01
3.614049255847930908e-01
3.613293468952178955e-01
3.612960875034332275e-01
3.612120747566223145e-01
3.612919449806213379e-01
3.611972332000732422e-01
3.610531687736511230e-01
3.610102236270904541e-01
3.610360324382781982e-01
3.611941337585449219e-01
3.611183762550354004e-01
3.612710833549499512e-01
3.611333966255187988e-01
3.610357344150543213e-01
3.610748648643493652e-01
3.609770238399505615e-01
3.608878254890441895e-01
3.612556457519531250e-01
3.610080778598785400e-01
3.610200583934783936e-01
3.610456883907318115e-01
3.609452545642852783e-01
3.611802756786346436e-01
3.608843386173248291e-01
3.609280884265899658e-01
3.609328866004943848e-01
3.609638810157775879e-01
3.610506057739257812e-01
3.610383570194244385e-01
3.610161542892456055e-01
3.610128164291381836e-01
3.609496951103210449e-01
3.608847856521606445e-01
3.610879480838775635e-01
3.607982695102691650e-01
3.607855439186096191e-01
3.607890009880065918e-01
3.607804775238037109e-01
3.608109354972839355e-01
3.607298433780670166e-01
3.607133030891418457e-01
3.607332110404968262e-01
3.607120811939239502e-01
3.606842458248138428e-01
3.608145713806152344e-01
3.608698248863220215e-01
3.606549501419067383e-01
3.607403337955474854e-01
3.606621623039245605e-01
3.606233298778533936e-01
3.606331348419189453e-01
3.606424331665039062e-01
3.605889081954956055e-01
3.605839610099792480e-01
3.606213033199310303e-01
3.606589138507843018e-01
3.606841564178466797e-01
3.610264658927917480e-01
3.608482778072357178e-01
3.609390258789062500e-01
3.607874512672424316e-01
3.606954216957092285e-01
3.606382906436920166e-01
3.605197668075561523e-01
3.604632914066314697e-01
3.604416251182556152e-01
3.604038953781127930e-01
3.604196310043334961e-01
3.604015409946441650e-01
3.606049716472625732e-01
3.604185283184051514e-01
3.604511320590972900e-01
3.605267405509948730e-01
3.605136573314666748e-01
3.605083823204040527e-01
3.605730831623077393e-01
3.606282472610473633e-01
3.605451583862304688e-01
3.605199456214904785e-01
3.604811131954193115e-01
3.604097962379455566e-01
3.605149388313293457e-01
3.603366017341613770e-01
3.604506254196166992e-01
3.603865504264831543e-01
3.604971766471862793e-01
3.603331446647644043e-01
3.602952361106872559e-01
3.602998554706573486e-01
3.603294491767883301e-01
3.602915406227111816e-01
3.602843880653381348e-01
3.603517413139343262e-01
3.602469265460968018e-01
3.601824343204498291e-01
3.602597117424011230e-01
3.601708114147186279e-01
3.600887656211853027e-01
3.600594699382781982e-01
3.602239489555358887e-01
3.600725531578063965e-01
3.600812852382659912e-01
3.600551187992095947e-01
3.601461946964263916e-01
3.602207601070404053e-01
3.600574135780334473e-01
3.600155711174011230e-01
3.600044250488281250e-01
3.599942028522491455e-01
3.599928915500640869e-01
3.599715828895568848e-01
3.599950075149536133e-01
3.601194322109222412e-01
3.601025938987731934e-01
3.599432706832885742e-01
3.599571883678436279e-01
3.599794805049896240e-01
3.598763644695281982e-01
3.598641455173492432e-01
3.598641455173492432e-01
3.599475920200347900e-01
3.599721789360046387e-01
3.601287901401519775e-01
3.599101006984710693e-01
3.598930239677429199e-01
3.598895668983459473e-01
3.599157631397247314e-01
3.599162101745605469e-01
3.599128127098083496e-01
3.600246906280517578e-01
3.599030077457427979e-01
3.598730266094207764e-01
3.598178029060363770e-01
3.597534000873565674e-01
3.597034215927124023e-01
3.597308993339538574e-01
3.597932457923889160e-01
3.597061634063720703e-01
3.596478104591369629e-01
3.596688210964202881e-01
3.596745729446411133e-01
3.596862554550170898e-01
3.596618771553039551e-01
3.597941696643829346e-01
3.596542477607727051e-01
3.595913052558898926e-01
3.595921099185943604e-01
3.595494925975799561e-01
3.595907390117645264e-01
3.596866130828857422e-01
3.595774173736572266e-01
3.596116602420806885e-01
3.596126735210418701e-01
3.599550426006317139e-01
3.595657646656036377e-01
3.594930768013000488e-01
3.595418334007263184e-01
3.594984412193298340e-01
3.594733178615570068e-01
3.594438433647155762e-01
3.596219420433044434e-01
3.594505488872528076e-01
3.594301939010620117e-01
3.596086800098419189e-01
3.594530224800109863e-01
3.594318926334381104e-01
3.594399392604827881e-01
3.593814969062805176e-01
3.594419062137603760e-01
3.594401776790618896e-01
3.593809604644775391e-01
3.593672811985015869e-01
3.593338131904602051e-01
3.592852056026458740e-01
3.593466579914093018e-01
3.593774437904357910e-01
3.593315482139587402e-01
3.593222200870513916e-01
3.593217134475708008e-01
3.593646287918090820e-01
3.592762351036071777e-01
3.592666983604431152e-01
3.592301011085510254e-01
3.592344224452972412e-01
3.592371344566345215e-01
3.592458367347717285e-01
3.591934740543365479e-01
3.593872189521789551e-01
3.592308163642883301e-01
3.591787219047546387e-01
3.591486513614654541e-01
3.591558039188385010e-01
3.591067194938659668e-01
3.591373562812805176e-01
3.591299355030059814e-01
3.591105639934539795e-01
3.591457307338714600e-01
3.591292500495910645e-01
3.591423928737640381e-01
3.591334819793701172e-01
3.592458963394165039e-01
3.591094017028808594e-01
3.591118454933166504e-01
3.590704202651977539e-01
3.590463697910308838e-01
3.589999079704284668e-01
3.590279519557952881e-01
3.590185344219207764e-01
3.590239584445953369e-01
3.589499592781066895e-01
3.589376807212829590e-01
3.589494824409484863e-01
3.589218556880950928e-01
3.589167594909667969e-01
3.589176535606384277e-01
3.589255213737487793e-01
3.589416444301605225e-01
3.589366078376770020e-01
3.590557277202606201e-01
3.589186072349548340e-01
3.588798642158508301e-01
3.588574230670928955e-01
3.588418364524841309e-01
3.589027822017669678e-01
3.588034808635711670e-01
3.588121533393859863e-01
3.587737083435058594e-01
3.587502241134643555e-01
3.587647080421447754e-01
3.587606847286224365e-01
3.587189316749572754e-01
3.588125705718994141e-01
3.588566780090332031e-01
3.587996959686279297e-01
3.587656021118164062e-01
3.587841093540191650e-01
3.587564527988433838e-01
3.586874008178710938e-01
3.586446344852447510e-01
3.587386310100555420e-01
3.587450385093688965e-01
3.586537241935729980e-01
3.587120771408081055e-01
3.586989939212799072e-01
3.586129546165466309e-01
3.585825860500335693e-01
3.586266934871673584e-01
3.587098121643066406e-01
3.585411906242370605e-01
3.586621284484863281e-01
3.585515022277832031e-01
3.584799170494079590e-01
3.584973514080047607e-01
3.586193025112152100e-01
3.586092889308929443e-01
3.585768342018127441e-01
3.585961461067199707e-01
3.586781322956085205e-01
3.586080968379974365e-01
3.585635423660278320e-01
3.585974574089050293e-01
3.586054444313049316e-01
3.585023283958435059e-01
3.586877882480621338e-01
3.585665225982666016e-01
3.587620258331298828e-01
3.585683703422546387e-01
3.585490882396697998e-01
3.584507405757904053e-01
3.585461676120758057e-01
3.583763241767883301e-01
3.583039343357086182e-01
3.583388030529022217e-01
3.582718372344970703e-01
3.582818508148193359e-01
3.582914769649505615e-01
3.583490848541259766e-01
3.582639396190643311e-01
3.582577705383300781e-01
3.582636713981628418e-01
3.582400977611541748e-01
3.582544326782226562e-01
3.582988083362579346e-01
3.582287430763244629e-01
3.582560122013092041e-01
3.582219779491424561e-01
3.581993281841278076e-01
3.581491112709045410e-01
3.582017719745635986e-01
3.581964373588562012e-01
3.582345843315124512e-01
3.583317697048187256e-01
3.582278490066528320e-01
3.581953644752502441e-01
3.582154810428619385e-01
3.581600785255432129e-01
3.581609129905700684e-01
3.581398725509643555e-01
3.581508696079254150e-01
3.581105172634124756e-01
3.580996394157409668e-01
3.581269383430480957e-01
3.582289814949035645e-01
3.581646978855133057e-01
3.580743074417114258e-01
3.580400347709655762e-01
3.580290675163269043e-01
3.579353094100952148e-01
3.580012917518615723e-01
3.580674529075622559e-01
3.579250276088714600e-01
3.579113781452178955e-01
3.579621911048889160e-01
3.580098748207092285e-01
3.580677807331085205e-01
3.579020798206329346e-01
3.578656315803527832e-01
3.578717410564422607e-01
3.578413724899291992e-01
3.578835427761077881e-01
3.580997884273529053e-01
3.580371737480163574e-01
3.578374981880187988e-01
3.578582704067230225e-01
3.577958643436431885e-01
3.577933311462402344e-01
3.578765988349914551e-01
3.578382730484008789e-01
3.578875660896301270e-01
3.578719496726989746e-01
3.578000664710998535e-01
3.577490448951721191e-01
3.577292561531066895e-01
3.577130734920501709e-01
3.577125966548919678e-01
3.581519424915313721e-01
3.576208651065826416e-01
3.576089739799499512e-01
3.577179908752441406e-01
3.576885461807250977e-01
3.578510284423828125e-01
3.577981591224670410e-01
3.578177094459533691e-01
3.576816022396087646e-01
3.576677441596984863e-01
3.578009009361267090e-01
3.576770722866058350e-01
3.580867648124694824e-01
3.579080998897552490e-01
3.578464090824127197e-01
3.576692938804626465e-01
3.576847016811370850e-01
3.576399683952331543e-01
3.575913310050964355e-01
3.575969636440277100e-01
3.576147258281707764e-01
3.577956557273864746e-01
3.577265739440917969e-01
3.575919568538665771e-01
3.575538396835327148e-01
3.574893772602081299e-01
3.574722409248352051e-01
3.577259480953216553e-01
3.574661612510681152e-01
3.574855923652648926e-01
3.574236333370208740e-01
3.574070632457733154e-01
3.574507236480712891e-01
3.575908541679382324e-01
3.575118482112884521e-01
3.574064075946807861e-01
3.573735356330871582e-01
3.573787808418273926e-01
3.573897480964660645e-01
3.573238253593444824e-01
3.573270142078399658e-01
3.575282692909240723e-01
3.573411703109741211e-01
3.573206365108489990e-01
3.572736680507659912e-01
3.573161959648132324e-01
3.572983741760253906e-01
3.572754263877868652e-01
3.572754561901092529e-01
3.572717308998107910e-01
3.572860658168792725e-01
3.572912514209747314e-01
3.572336733341217041e-01
3.572757840156555176e-01
3.572124242782592773e-01
3.572205603122711182e-01
3.571744859218597412e-01
3.571808636188507080e-01
3.572048246860504150e-01
3.572280108928680420e-01
3.572841286659240723e-01
3.573677837848663330e-01
3.572827577590942383e-01
3.572594523429870605e-01
3.571748733520507812e-01
3.571832776069641113e-01
3.571688532829284668e-01
3.571185469627380371e-01
3.571281433105468750e-01
3.570845127105712891e-01
3.570517003536224365e-01
3.570777773857116699e-01
3.571013808250427246e-01
3.573051989078521729e-01
3.571189641952514648e-01
3.570607602596282959e-01
3.570175766944885254e-01
3.570525944232940674e-01
3.570177555084228516e-01
3.569619655609130859e-01
3.569284081459045410e-01
3.571057915687561035e-01
3.569441139698028564e-01
3.569474220275878906e-01
3.569522798061370850e-01
3.569782376289367676e-01
3.570289015769958496e-01
3.569815754890441895e-01
3.569947779178619385e-01
3.569627404212951660e-01
3.569904863834381104e-01
3.569481968879699707e-01
3.569104075431823730e-01
3.569836318492889404e-01
3.569035828113555908e-01
3.569019436836242676e-01
3.568461537361145020e-01
3.568415045738220215e-01
3.569480776786804199e-01
3.568870425224304199e-01
3.568997085094451904e-01
3.569010794162750244e-01
3.568110764026641846e-01
3.568403124809265137e-01
3.567866384983062744e-01
3.567792773246765137e-01
3.568344712257385254e-01
3.567186295986175537e-01
3.567503690719604492e-01
3.567065596580505371e-01
3.567271828651428223e-01
3.567468523979187012e-01
3.567572236061096191e-01
3.566715121269226074e-01
3.567217290401458740e-01
3.566854596138000488e-01
3.566256165504455566e-01
3.566959500312805176e-01
3.567034006118774414e-01
3.566208779811859131e-01
3.566481471061706543e-01
3.566033244132995605e-01
3.567333817481994629e-01
3.565699458122253418e-01
3.565883040428161621e-01
3.565557599067687988e-01
3.566232621669769287e-01
3.566794693470001221e-01
3.565683364868164062e-01
3.565786778926849365e-01
3.565895855426788330e-01
3.565639853477478027e-01
3.565461039543151855e-01
3.566436171531677246e-01
3.566091060638427734e-01
3.564685881137847900e-01
3.564625978469848633e-01
3.565151095390319824e-01
3.564691543579101562e-01
3.564845919609069824e-01
3.564834594726562500e-01
3.564619719982147217e-01
3.564967513084411621e-01
3.564950525760650635e-01
3.564871847629547119e-01
3.565044403076171875e-01
3.564893007278442383e-01
3.563829064369201660e-01
3.563961088657379150e-01
3.563706278800964355e-01
3.563646376132965088e-01
3.563722372055053711e-01
3.563461303710937500e-01
3.563779890537261963e-01
3.563050627708435059e-01
3.563031554222106934e-01
3.563341200351715088e-01
3.562805354595184326e-01
3.562751710414886475e-01
3.563414216041564941e-01
3.562636971473693848e-01
3.565415740013122559e-01
3.562633991241455078e-01
3.563005328178405762e-01
3.563039004802703857e-01
3.562273085117340088e-01
3.562107980251312256e-01
3.562974333763122559e-01
3.562468886375427246e-01
3.562068045139312744e-01
3.562759160995483398e-01
3.562435209751129150e-01
3.562671542167663574e-01
3.562707304954528809e-01
3.563078343868255615e-01
3.562248349189758301e-01
3.562521338462829590e-01
3.561890423297882080e-01
3.562262058258056641e-01
3.561509251594543457e-01
3.561226129531860352e-01
3.561363816261291504e-01
3.561307787895202637e-01
3.561142981052398682e-01
3.561055064201354980e-01
3.563151061534881592e-01
3.560417294502258301e-01
3.560608625411987305e-01
3.560490608215332031e-01
3.559556901454925537e-01
3.561327159404754639e-01
3.561652302742004395e-01
3.560780882835388184e-01
3.560574650764465332e-01
3.560331463813781738e-01
3.560756742954254150e-01
3.560833334922790527e-01
3.560585379600524902e-01
3.560235500335693359e-01
3.559422492980957031e-01
3.560177683830261230e-01
3.559682369232177734e-01
3.559448122978210449e-01
3.559370636940002441e-01
3.559348881244659424e-01
3.559191823005676270e-01
3.559838235378265381e-01
3.560567796230316162e-01
3.560102283954620361e-01
3.560321629047393799e-01
3.559332489967346191e-01
3.559463620185852051e-01
3.560073375701904297e-01
3.560926318168640137e-01
3.560303747653961182e-01
3.559686839580535889e-01
3.559611737728118896e-01
3.557878732681274414e-01
3.558780252933502197e-01
3.557108938694000244e-01
3.557513356208801270e-01
3.559904992580413818e-01
3.557714819908142090e-01
3.557846248149871826e-01
3.557632565498352051e-01
3.556932806968688965e-01
3.556637763977050781e-01
3.558416366577148438e-01
3.557070791721343994e-01
3.557340800762176514e-01
3.557444512844085693e-01
3.557928204536437988e-01
3.558750450611114502e-01
3.557323813438415527e-01
3.556543588638305664e-01
3.557003140449523926e-01
3.556408882141113281e-01
3.556368947029113770e-01
3.556308150291442871e-01
3.556071817874908447e-01
3.555844426155090332e-01
3.555863499641418457e-01
3.556176126003265381e-01
3.556796908378601074e-01
3.557691276073455811e-01
3.558175265789031982e-01
3.556631505489349365e-01
3.555796146392822266e-01
3.556366562843322754e-01
3.556172251701354980e-01
3.555141985416412354e-01
3.556668758392333984e-01
3.556963801383972168e-01
3.555223345756530762e-01
3.555146455764770508e-01
3.555185198783874512e-01
3.556506037712097168e-01
3.554935455322265625e-01
3.554467558860778809e-01
3.554469645023345947e-01
3.554459512233734131e-01
3.554452359676361084e-01
3.555054664611816406e-01
3.554328680038452148e-01
3.554477095603942871e-01
3.554077744483947754e-01
3.554019033908843994e-01
3.554051518440246582e-01
3.553700745105743408e-01
3.553543984889984131e-01
3.554046750068664551e-01
3.553835749626159668e-01
3.555854856967926025e-01
3.553937077522277832e-01
3.554039597511291504e-01
3.553770184516906738e-01
3.555528521537780762e-01
3.553307354450225830e-01
3.553707897663116455e-01
3.553154766559600830e-01
3.553516864776611328e-01
3.552988171577453613e-01
3.553770482540130615e-01
3.553036153316497803e-01
3.555657565593719482e-01
3.554259836673736572e-01
3.553077280521392822e-01
3.552454113960266113e-01
3.552819490432739258e-01
3.553311228752136230e-01
3.552795052528381348e-01
3.552460968494415283e-01
3.552228808403015137e-01
3.552558422088623047e-01
3.552068173885345459e-01
3.551894128322601318e-01
3.551704883575439453e-01
3.552835583686828613e-01
3.551495373249053955e-01
3.551791310310363770e-01
3.551284074783325195e-01
3.550370633602142334e-01
3.550302088260650635e-01
3.551834225654602051e-01
3.551043570041656494e-01
3.552046716213226318e-01
3.552406132221221924e-01
3.551631867885589600e-01
3.553090393543243408e-01
3.553000986576080322e-01
3.553187847137451172e-01
3.553184866905212402e-01
3.553037941455841064e-01
3.553976416587829590e-01
3.553040623664855957e-01
3.553767502307891846e-01
3.552657961845397949e-01
3.552122712135314941e-01
3.552912771701812744e-01
3.552657365798950195e-01
3.552666604518890381e-01
3.552230596542358398e-01
3.551589548587799072e-01
3.551913797855377197e-01
3.550614416599273682e-01
3.549883663654327393e-01
3.549538552761077881e-01
3.549426496028900146e-01
3.549509644508361816e-01
3.549225926399230957e-01
3.548895120620727539e-01
3.548707365989685059e-01
3.549767434597015381e-01
3.549482524394989014e-01
3.548554778099060059e-01
3.549449145793914795e-01
3.548755347728729248e-01
3.548201322555541992e-01
3.547647297382354736e-01
3.549811244010925293e-01
3.548369705677032471e-01
3.549038767814636230e-01
3.549298644065856934e-01
3.549477159976959229e-01
3.550194501876831055e-01
3.549788594245910645e-01
3.549966216087341309e-01
3.549301028251647949e-01
3.548928797245025635e-01
3.548441529273986816e-01
3.549189567565917969e-01
3.548050522804260254e-01
3.548174500465393066e-01
3.547574579715728760e-01
3.548217415809631348e-01
3.548525869846343994e-01
3.547556996345520020e-01
3.548901379108428955e-01
3.547028005123138428e-01
3.547093868255615234e-01
3.547151386737823486e-01
3.546732068061828613e-01
3.546799123287200928e-01
3.546962141990661621e-01
3.546844422817230225e-01
3.546295762062072754e-01
3.546366691589355469e-01
3.546718060970306396e-01
3.545984625816345215e-01
3.546666502952575684e-01
3.546935915946960449e-01
3.546248674392700195e-01
3.546079993247985840e-01
3.545829057693481445e-01
3.546519279479980469e-01
3.545881509780883789e-01
3.545699715614318848e-01
3.545122444629669189e-01
3.547723293304443359e-01
3.546114563941955566e-01
3.546198904514312744e-01
3.545671105384826660e-01
3.545638918876647949e-01
3.547381758689880371e-01
3.545463085174560547e-01
3.545031547546386719e-01
3.545075058937072754e-01
3.546145856380462646e-01
3.545261621475219727e-01
3.545044362545013428e-01
3.544919788837432861e-01
3.545729517936706543e-01
3.544395864009857178e-01
3.544311821460723877e-01
3.544112145900726318e-01
3.544715046882629395e-01
3.544213473796844482e-01
3.544034361839294434e-01
3.544508516788482666e-01
3.543457388877868652e-01
3.543831408023834229e-01
3.543333411216735840e-01
3.543770313262939453e-01
3.543992340564727783e-01
3.543929457664489746e-01
3.543643355369567871e-01
3.543326854705810547e-01
3.544276654720306396e-01
3.544538617134094238e-01
3.542681634426116943e-01
3.542938828468322754e-01
3.544060587882995605e-01
3.543268740177154541e-01
3.543037772178649902e-01
3.543160259723663330e-01
3.543022871017456055e-01
3.542951345443725586e-01
3.541850149631500244e-01
3.542602062225341797e-01
3.543266654014587402e-01
3.542426526546478271e-01
3.542495369911193848e-01
3.543038368225097656e-01
3.542023003101348877e-01
3.541882932186126709e-01
3.541764616966247559e-01
3.541906476020812988e-01
3.541727066040039062e-01
3.541721403598785400e-01
3.541489839553833008e-01
3.541650176048278809e-01
3.541468381881713867e-01
3.541463613510131836e-01
3.542645275592803955e-01
3.541295528411865234e-01
3.541120886802673340e-01
3.541752099990844727e-01
3.540812730789184570e-01
3.541299998760223389e-01
3.541184663772583008e-01
3.542405366897583008e-01
3.540523946285247803e-01
3.540558815002441406e-01
3.540378510951995850e-01
3.541349172592163086e-01
3.539920747280120850e-01
3.539607524871826172e-01
3.541297912597656250e-01
3.540805280208587646e-01
3.540729880332946777e-01
3.541314005851745605e-01
3.541911840438842773e-01
3.541299998760223389e-01
3.541632294654846191e-01
3.542288243770599365e-01
3.542050719261169434e-01
3.541762828826904297e-01
3.542462885379791260e-01
3.540872335433959961e-01
3.540756702423095703e-01
3.540468811988830566e-01
3.540099263191223145e-01
3.539780676364898682e-01
3.541336059570312500e-01
3.539961278438568115e-01
3.539522588253021240e-01
3.539257645606994629e-01
3.539234995841979980e-01
3.539237976074218750e-01
3.538770973682403564e-01
3.538822531700134277e-01
3.539564907550811768e-01
3.538444042205810547e-01
3.538469374179840088e-01
3.539409041404724121e-01
3.538219034671783447e-01
3.538042008876800537e-01
3.538123667240142822e-01
3.538309931755065918e-01
3.538548946380615234e-01
3.537793755531311035e-01
3.538055419921875000e-01
3.539575934410095215e-01
3.538967370986938477e-01
3.540322780609130859e-01
3.538369536399841309e-01
3.538987040519714355e-01
3.538240194320678711e-01
3.539710640907287598e-01
3.539290726184844971e-01
3.538765311241149902e-01
3.539211153984069824e-01
3.538599014282226562e-01
3.538594543933868408e-01
3.538274466991424561e-01
3.538334071636199951e-01
3.538908362388610840e-01
3.538888692855834961e-01
3.539427816867828369e-01
3.538350462913513184e-01
3.538360297679901123e-01
3.537930548191070557e-01
3.539305329322814941e-01
3.537115752696990967e-01
3.537020087242126465e-01
3.537193834781646729e-01
3.536430895328521729e-01
3.536317944526672363e-01
3.536319136619567871e-01
3.536555171012878418e-01
3.536139130592346191e-01
3.535889983177185059e-01
3.535752296447753906e-01
3.537339270114898682e-01
3.535879254341125488e-01
3.535827994346618652e-01
3.536641597747802734e-01
3.536663055419921875e-01
3.535633087158203125e-01
3.535452783107757568e-01
3.535308837890625000e-01
3.535955846309661865e-01
3.535268902778625488e-01
3.535086810588836670e-01
3.535406291484832764e-01
3.534704148769378662e-01
3.534925580024719238e-01
3.535338342189788818e-01
3.534865975379943848e-01
3.534256517887115479e-01
3.534173071384429932e-01
3.534699082374572754e-01
3.534932136535644531e-01
3.534492850303649902e-01
3.534000515937805176e-01
3.533986806869506836e-01
3.534234464168548584e-01
3.534059524536132812e-01
3.533578813076019287e-01
3.533579409122467041e-01
3.534044027328491211e-01
3.533725738525390625e-01
3.535372018814086914e-01
3.535515964031219482e-01
3.534630239009857178e-01
3.534224927425384521e-01
3.534049689769744873e-01
3.533748984336853027e-01
3.534399569034576416e-01
3.534071147441864014e-01
3.533394336700439453e-01
3.533565104007720947e-01
3.533956110477447510e-01
3.534079492092132568e-01
3.533513844013214111e-01
3.533855676651000977e-01
3.533221483230590820e-01
3.533604443073272705e-01
3.534188568592071533e-01
3.532721400260925293e-01
3.532198071479797363e-01
3.531789481639862061e-01
3.534186482429504395e-01
3.531860411167144775e-01
3.532353043556213379e-01
3.532308638095855713e-01
3.531607985496520996e-01
3.533139824867248535e-01
3.532857298851013184e-01
3.531405925750732422e-01
3.531272709369659424e-01
3.531604409217834473e-01
3.532970845699310303e-01
3.531451523303985596e-01
3.531501889228820801e-01
3.531130850315093994e-01
3.532235026359558105e-01
3.530858159065246582e-01
3.531824946403503418e-01
3.531351089477539062e-01
3.530651628971099854e-01
3.530886769294738770e-01
3.530646264553070068e-01
3.531154990196228027e-01
3.530821800231933594e-01
3.530445098876953125e-01
3.530758023262023926e-01
3.530792891979217529e-01
3.531599342823028564e-01
3.530201911926269531e-01
3.530119061470031738e-01
3.530497252941131592e-01
3.529751300811767578e-01
3.529814779758453369e-01
3.530381321907043457e-01
3.530434072017669678e-01
3.532953262329101562e-01
3.530775904655456543e-01
3.531837761402130127e-01
3.530492782592773438e-01
3.529998660087585449e-01
3.530156612396240234e-01
3.529481291770935059e-01
3.529641628265380859e-01
3.529794812202453613e-01
3.528773784637451172e-01
3.528539836406707764e-01
3.529065549373626709e-01
3.528992533683776855e-01
3.529844880104064941e-01
3.529641926288604736e-01
3.529495298862457275e-01
3.529039919376373291e-01
3.530300855636596680e-01
3.529059290885925293e-01
3.528917133808135986e-01
3.528763651847839355e-01
3.530334532260894775e-01
3.528365492820739746e-01
3.528316617012023926e-01
3.531023859977722168e-01
3.528525233268737793e-01
3.528774976730346680e-01
3.528340458869934082e-01
3.528179526329040527e-01
3.528143465518951416e-01
3.528085350990295410e-01
3.527764379978179932e-01
3.527841866016387939e-01
3.529966473579406738e-01
3.527833223342895508e-01
3.527443110942840576e-01
3.527310788631439209e-01
3.528426587581634521e-01
3.527019023895263672e-01
3.528015315532684326e-01
3.528727591037750244e-01
3.528338372707366943e-01
3.528216183185577393e-01
3.529592454433441162e-01
3.527746200561523438e-01
3.529163002967834473e-01
3.528226315975189209e-01
3.528066277503967285e-01
3.527950644493103027e-01
3.528594970703125000e-01
3.527280390262603760e-01
3.526653349399566650e-01
3.526625037193298340e-01
3.526222407817840576e-01
3.527869582176208496e-01
3.525999188423156738e-01
3.527297079563140869e-01
3.526422381401062012e-01
3.525922000408172607e-01
3.526460230350494385e-01
3.525591492652893066e-01
3.526350557804107666e-01
3.525872230529785156e-01
3.526156842708587646e-01
3.525742888450622559e-01
3.526750206947326660e-01
3.527027964591979980e-01
3.526457548141479492e-01
3.527694344520568848e-01
3.526762127876281738e-01
3.526319265365600586e-01
3.525905013084411621e-01
3.524629473686218262e-01
3.524870574474334717e-01
3.524973988533020020e-01
3.525437712669372559e-01
3.525314033031463623e-01
3.524923324584960938e-01
3.525894284248352051e-01
3.525441586971282959e-01
3.524337708950042725e-01
3.524373471736907959e-01
3.524674773216247559e-01
3.524420261383056641e-01
3.524162173271179199e-01
3.525416254997253418e-01
3.524620234966278076e-01
3.524478375911712646e-01
3.523748815059661865e-01
3.524225652217864990e-01
3.525508642196655273e-01
3.524872064590454102e-01
3.524344861507415771e-01
3.524193465709686279e-01
3.524476587772369385e-01
3.524221479892730713e-01
3.523931205272674561e-01
3.523897230625152588e-01
3.524090647697448730e-01
3.523915112018585205e-01
3.523854911327362061e-01
3.525284528732299805e-01
3.523547351360321045e-01
3.523905277252197266e-01
3.524824380874633789e-01
3.524639010429382324e-01
3.524279594421386719e-01
3.524184226989746094e-01
3.524531126022338867e-01
3.525249361991882324e-01
3.524028360843658447e-01
3.524065911769866943e-01
3.523553311824798584e-01
3.523436188697814941e-01
3.524097800254821777e-01
3.523301482200622559e-01
3.522409796714782715e-01
3.523052036762237549e-01
3.523901998996734619e-01
3.522357940673828125e-01
3.524182438850402832e-01
3.521770834922790527e-01
3.522653877735137939e-01
3.522199094295501709e-01
3.521881103515625000e-01
3.521942794322967529e-01
3.522042334079742432e-01
3.521828651428222656e-01
3.522172272205352783e-01
3.521782755851745605e-01
3.521988987922668457e-01
3.521889448165893555e-01
3.521323204040527344e-01
3.521191179752349854e-01
3.521049618721008301e-01
3.520928323268890381e-01
3.520865738391876221e-01
3.525515496730804443e-01
3.522214293479919434e-01
3.523929715156555176e-01
3.521718084812164307e-01
3.520819246768951416e-01
3.520761132240295410e-01
3.520763516426086426e-01
3.520785868167877197e-01
3.520542383193969727e-01
3.520896434783935547e-01
3.520330786705017090e-01
3.520406782627105713e-01
3.520117700099945068e-01
3.520188927650451660e-01
3.520167469978332520e-01
3.520492911338806152e-01
3.520058393478393555e-01
3.520326018333435059e-01
3.520196378231048584e-01
3.519910275936126709e-01
3.519936203956604004e-01
3.519897162914276123e-01
3.519825339317321777e-01
3.519781231880187988e-01
3.519743084907531738e-01
3.519609570503234863e-01
3.519222140312194824e-01
3.519040942192077637e-01
3.518890738487243652e-01
3.520782589912414551e-01
3.519475460052490234e-01
3.519845008850097656e-01
3.518767952919006348e-01
3.518652617931365967e-01
3.519393801689147949e-01
3.519280552864074707e-01
3.519160449504852295e-01
3.519196510314941406e-01
3.519252836704254150e-01
3.519234657287597656e-01
3.518858850002288818e-01
3.518375456333160400e-01
3.518692553043365479e-01
3.518780767917633057e-01
3.518498241901397705e-01
3.518702983856201172e-01
3.518158495426177979e-01
3.518047928810119629e-01
3.517806231975555420e-01
3.517627418041229248e-01
3.517622053623199463e-01
3.517963290214538574e-01
3.517757356166839600e-01
3.518657088279724121e-01
3.518646657466888428e-01
3.520270884037017822e-01
3.519470691680908203e-01
3.518889844417572021e-01
3.518390953540802002e-01
3.517628312110900879e-01
3.518114387989044189e-01
3.517189919948577881e-01
3.516996502876281738e-01
3.517032265663146973e-01
3.516843914985656738e-01
3.516591191291809082e-01
3.517097532749176025e-01
3.516715168952941895e-01
3.517228960990905762e-01
3.517840504646301270e-01
3.518145084381103516e-01
3.518151044845581055e-01
3.519638776779174805e-01
3.517901003360748291e-01
3.518014848232269287e-01
3.518562912940979004e-01
3.518303036689758301e-01
3.518427908420562744e-01
3.518299758434295654e-01
3.518949151039123535e-01
3.520214855670928955e-01
3.519068360328674316e-01
3.519269824028015137e-01
3.518055081367492676e-01
3.517755568027496338e-01
3.519894480705261230e-01
3.516858220100402832e-01
3.516299724578857422e-01
3.515634834766387939e-01
3.515601158142089844e-01
3.515399396419525146e-01
3.515533804893493652e-01
3.515396118164062500e-01
3.516233861446380615e-01
3.515356183052062988e-01
3.516970276832580566e-01
3.514907956123352051e-01
3.514936566352844238e-01
3.516024947166442871e-01
3.515318930149078369e-01
3.515627980232238770e-01
3.515084981918334961e-01
3.515432476997375488e-01
3.516161441802978516e-01
3.514873087406158447e-01
3.515506684780120850e-01
3.514662683010101318e-01
3.514413535594940186e-01
3.514326512813568115e-01
3.514882326126098633e-01
3.514334559440612793e-01
3.514699339866638184e-01
3.514417111873626709e-01
3.514831662178039551e-01
3.514333963394165039e-01
3.513905405998229980e-01
3.513995409011840820e-01
3.514277935028076172e-01
3.513862192630767822e-01
3.513791263103485107e-01
3.513628542423248291e-01
3.513769209384918213e-01
3.514250516891479492e-01
3.513601422309875488e-01
3.513975143432617188e-01
3.513467609882354736e-01
3.513398468494415283e-01
3.513508439064025879e-01
3.513587117195129395e-01
3.513608574867248535e-01
3.513119816780090332e-01
3.513413667678833008e-01
3.513115346431732178e-01
3.513462543487548828e-01
3.513203561305999756e-01
3.512710928916931152e-01
3.512923121452331543e-01
3.512747883796691895e-01
3.512633740901947021e-01
3.513386249542236328e-01
3.512425422668457031e-01
3.512573838233947754e-01
3.513012528419494629e-01
3.512626290321350098e-01
3.513068556785583496e-01
3.512142300605773926e-01
3.512611687183380127e-01
3.513095378875732422e-01
3.512115478515625000e-01
3.512360751628875732e-01
3.513203263282775879e-01
3.511961698532104492e-01
3.512244820594787598e-01
3.513742089271545410e-01
3.515160679817199707e-01
3.512952923774719238e-01
3.512650132179260254e-01
3.512161374092102051e-01
3.512549698352813721e-01
3.511749804019927979e-01
3.512221574783325195e-01
3.512322306632995605e-01
3.512024283409118652e-01
3.511152863502502441e-01
3.511211574077606201e-01
3.511398434638977051e-01
3.511141240596771240e-01
3.511670231819152832e-01
3.511477708816528320e-01
3.510926067829132080e-01
3.511100709438323975e-01
3.510635495185852051e-01
3.514260351657867432e-01
3.511196970939636230e-01
3.512083888053894043e-01
3.510631620883941650e-01
3.510872721672058105e-01
3.510732054710388184e-01
3.510625064373016357e-01
3.510365486145019531e-01
3.511181175708770752e-01
3.510334491729736328e-01
3.510414659976959229e-01
3.511138558387756348e-01
3.511658310890197754e-01
3.510941863059997559e-01
3.511611521244049072e-01
3.510666489601135254e-01
3.510609567165374756e-01
3.509600460529327393e-01
3.509427309036254883e-01
3.509519696235656738e-01
3.512200415134429932e-01
3.510047495365142822e-01
3.510136306285858154e-01
3.509667515754699707e-01
3.510463237762451172e-01
3.509327769279479980e-01
3.509287536144256592e-01
3.509163260459899902e-01
3.509682714939117432e-01
3.509742319583892822e-01
3.510553240776062012e-01
3.509753942489624023e-01
3.509425520896911621e-01
3.509015738964080811e-01
3.508841395378112793e-01
3.509524166584014893e-01
3.508788943290710449e-01
3.508850038051605225e-01
3.508746623992919922e-01
3.508497178554534912e-01
3.508535027503967285e-01
3.509037792682647705e-01
3.508947789669036865e-01
3.508382439613342285e-01
3.510309755802154541e-01
3.508452475070953369e-01
3.508780896663665771e-01
3.508719503879547119e-01
3.507995009422302246e-01
3.508856892585754395e-01
3.507755994796752930e-01
3.508387506008148193e-01
3.508037924766540527e-01
3.509066998958587646e-01
3.508182764053344727e-01
3.507959842681884766e-01
3.509294986724853516e-01
3.508538007736206055e-01
3.508179187774658203e-01
3.508151769638061523e-01
3.509248495101928711e-01
3.508024513721466064e-01
3.508194386959075928e-01
3.510863184928894043e-01
3.507838845252990723e-01
3.507389128208160400e-01
3.508473336696624756e-01
3.507057726383209229e-01
3.507125675678253174e-01
3.506941795349121094e-01
3.507510125637054443e-01
3.507679104804992676e-01
3.506961166858673096e-01
3.507236540317535400e-01
3.507049083709716797e-01
3.506790995597839355e-01
3.506515622138977051e-01
3.506463468074798584e-01
3.506714999675750732e-01
3.506333231925964355e-01
3.505931198596954346e-01
3.506099581718444824e-01
3.506080210208892822e-01
3.506178855895996094e-01
3.506865501403808594e-01
3.506656587123870850e-01
3.506548404693603516e-01
3.506533503532409668e-01
3.506326079368591309e-01
3.506125509738922119e-01
3.506187498569488525e-01
3.505801558494567871e-01
3.505279421806335449e-01
3.507261872291564941e-01
3.505280315876007080e-01
3.506414592266082764e-01
3.505960404872894287e-01
3.506534993648529053e-01
3.506051599979400635e-01
3.507115542888641357e-01
3.506804108619689941e-01
3.506511747837066650e-01
3.506866097450256348e-01
3.506444096565246582e-01
3.506358861923217773e-01
3.506526052951812744e-01
3.506587147712707520e-01
3.506836295127868652e-01
3.506194353103637695e-01
3.505530059337615967e-01
3.506104350090026855e-01
3.505281209945678711e-01
3.504993021488189697e-01
3.504894077777862549e-01
3.504993915557861328e-01
3.504901826381683350e-01
3.504972755908966064e-01
3.504546880722045898e-01
3.504424691200256348e-01
3.504283428192138672e-01
3.503682017326354980e-01
3.503859341144561768e-01
3.504014611244201660e-01
3.504353761672973633e-01
3.504369258880615234e-01
3.504543304443359375e-01
3.504671156406402588e-01
3.503903448581695557e-01
3.503908812999725342e-01
3.503690958023071289e-01
3.504377007484436035e-01
3.503523766994476318e-01
3.504117429256439209e-01
3.503620922565460205e-01
3.503529131412506104e-01
3.503650128841400146e-01
3.503878712654113770e-01
3.503564298152923584e-01
3.503209650516510010e-01
3.504275679588317871e-01
3.503518998622894287e-01
3.506344556808471680e-01
3.503926694393157959e-01
3.503420352935791016e-01
3.503438830375671387e-01
3.503749966621398926e-01
3.503082394599914551e-01
3.504079282283782959e-01
3.504097163677215576e-01
3.503113389015197754e-01
3.502924144268035889e-01
3.502549529075622559e-01
3.504074513912200928e-01
3.502363562583923340e-01
3.502399325370788574e-01
3.502916693687438965e-01
3.505991101264953613e-01
3.502215743064880371e-01
3.503063321113586426e-01
3.502882122993469238e-01
3.502362668514251709e-01
3.502234816551208496e-01
3.501831591129302979e-01
3.501677811145782471e-01
3.502053320407867432e-01
3.502027392387390137e-01
3.501822650432586670e-01
3.503991663455963135e-01
3.501962721347808838e-01
3.501785397529602051e-01
3.501914739608764648e-01
3.502276539802551270e-01
3.501766324043273926e-01
3.502494394779205322e-01
3.502153158187866211e-01
3.502081334590911865e-01
3.501320183277130127e-01
3.501108288764953613e-01
3.501821160316467285e-01
3.501965999603271484e-01
3.501644730567932129e-01
3.502320051193237305e-01
3.500843942165374756e-01
3.502115607261657715e-01
3.500694930553436279e-01
3.500849604606628418e-01
3.500381112098693848e-01
3.500220775604248047e-01
3.501383662223815918e-01
3.501111865043640137e-01
3.501297235488891602e-01
3.501735627651214600e-01
3.500624597072601318e-01
3.500838279724121094e-01
3.502812981605529785e-01
3.500655293464660645e-01
3.500041365623474121e-01
3.500272333621978760e-01
3.500688672065734863e-01
3.499993979930877686e-01
3.500868678092956543e-01
3.499568402767181396e-01
3.499752879142761230e-01
3.500570952892303467e-01
3.500240147113800049e-01
3.500706553459167480e-01
3.500770628452301025e-01
3.500288128852844238e-01
3.501284718513488770e-01
3.499819636344909668e-01
3.499571382999420166e-01
3.499670028686523438e-01
3.499878942966461182e-01
3.499203324317932129e-01
3.499928116798400879e-01
3.500294387340545654e-01
3.499075770378112793e-01
3.499437868595123291e-01
3.499214649200439453e-01
3.498834669589996338e-01
3.499330282211303711e-01
3.499516546726226807e-01
3.498895168304443359e-01
3.499276340007781982e-01
3.499599397182464600e-01
3.500867486000061035e-01
3.498937487602233887e-01
3.498945832252502441e-01
3.500753343105316162e-01
3.498371243476867676e-01
3.500164151191711426e-01
3.499979078769683838e-01
3.501583933830261230e-01
3.503654003143310547e-01
3.505434095859527588e-01
3.505830466747283936e-01
3.506364822387695312e-01
3.505374789237976074e-01
3.504256904125213623e-01
3.502897620201110840e-01
3.501314520835876465e-01
3.504330515861511230e-01
3.498769104480743408e-01
3.498634696006774902e-01
3.499467968940734863e-01
3.498715460300445557e-01
3.498634397983551025e-01
3.497846424579620361e-01
3.497867286205291748e-01
3.498170971870422363e-01
3.496725857257843018e-01
3.498360514640808105e-01
3.497568666934967041e-01
3.497377336025238037e-01
3.497319817543029785e-01
3.497341275215148926e-01
3.497965037822723389e-01
3.496953248977661133e-01
3.497087061405181885e-01
3.497337996959686279e-01
3.496821224689483643e-01
3.496920466423034668e-01
3.497120141983032227e-01
3.497081398963928223e-01
3.496810197830200195e-01
3.496751189231872559e-01
3.496558964252471924e-01
3.496702611446380615e-01
3.497807383537292480e-01
3.497270941734313965e-01
3.496991693973541260e-01
3.496984839439392090e-01
3.496785759925842285e-01
3.496556580066680908e-01
3.496636748313903809e-01
3.496272563934326172e-01
3.496745526790618896e-01
3.495869040489196777e-01
3.495849072933197021e-01
3.496192097663879395e-01
3.496186733245849609e-01
3.496310114860534668e-01
3.497452735900878906e-01
3.496101796627044678e-01
3.497947752475738525e-01
3.496182262897491455e-01
3.495850265026092529e-01
3.495549261569976807e-01
3.495534658432006836e-01
3.495415151119232178e-01
3.496527671813964844e-01
3.495593070983886719e-01
3.495627045631408691e-01
3.495887815952301025e-01
3.496214747428894043e-01
3.495574295520782471e-01
3.495635688304901123e-01
3.495759367942810059e-01
3.495932221412658691e-01
3.496553897857666016e-01
3.497005403041839600e-01
3.498067259788513184e-01
3.497841060161590576e-01
3.498327732086181641e-01
3.497228324413299561e-01
3.496960699558258057e-01
3.496655821800231934e-01
3.496362566947937012e-01
3.496083617210388184e-01
3.495818674564361572e-01
3.495539128780364990e-01
3.495020866394042969e-01
3.495226800441741943e-01
3.496237695217132568e-01
3.494664728641510010e-01
3.495070636272430420e-01
3.495818078517913818e-01
3.495889306068420410e-01
3.495437800884246826e-01
3.495357036590576172e-01
3.494655489921569824e-01
3.494380116462707520e-01
3.494270443916320801e-01
3.494457602500915527e-01
3.493915498256683350e-01
3.494312167167663574e-01
3.494657576084136963e-01
3.493673801422119141e-01
3.493614196777343750e-01
3.495050072669982910e-01
3.493990004062652588e-01
3.494382500648498535e-01
3.493995070457458496e-01
3.493846058845520020e-01
3.495281636714935303e-01
3.493734002113342285e-01
3.494353890419006348e-01
3.493472933769226074e-01
3.493379950523376465e-01
3.493366539478302002e-01
3.494328856468200684e-01
3.494944870471954346e-01
3.494277596473693848e-01
3.493223488330841064e-01
3.493085205554962158e-01
3.493656218051910400e-01
3.493241667747497559e-01
3.493252396583557129e-01
3.492665886878967285e-01
3.493033349514007568e-01
3.492657840251922607e-01
3.492747247219085693e-01
3.492461740970611572e-01
3.493396341800689697e-01
3.494226038455963135e-01
3.492921590805053711e-01
3.493305444717407227e-01
3.492501676082611084e-01
3.492806851863861084e-01
3.492921888828277588e-01
3.492502570152282715e-01
3.492709398269653320e-01
3.492173254489898682e-01
3.492227196693420410e-01
3.492600321769714355e-01
3.492578864097595215e-01
3.491941392421722412e-01
3.491726815700531006e-01
3.492068946361541748e-01
3.492123484611511230e-01
3.493057489395141602e-01
3.491827547550201416e-01
3.491945862770080566e-01
3.493018746376037598e-01
3.491874337196350098e-01
3.492121100425720215e-01
3.491791188716888428e-01
3.492679297924041748e-01
3.491815924644470215e-01
3.492663800716400146e-01
3.493279814720153809e-01
3.491644859313964844e-01
3.491672277450561523e-01
3.491182923316955566e-01
3.491000831127166748e-01
3.492507934570312500e-01
3.491170704364776611e-01
3.491210341453552246e-01
3.491864502429962158e-01
3.491380214691162109e-01
3.490878939628601074e-01
3.490957021713256836e-01
3.491140902042388916e-01
3.491110205650329590e-01
3.491091132164001465e-01
3.491310477256774902e-01
3.490874171257019043e-01
3.491795659065246582e-01
3.491415977478027344e-01
3.491663038730621338e-01
3.490818142890930176e-01
3.491253256797790527e-01
3.490513861179351807e-01
3.490460813045501709e-01
3.491051495075225830e-01
3.490609526634216309e-01
3.490209877490997314e-01
3.490414619445800781e-01
3.490311503410339355e-01
3.491368293762207031e-01
3.490978181362152100e-01
3.489892184734344482e-01
3.489854931831359863e-01
3.490032255649566650e-01
3.490386903285980225e-01
3.490294516086578369e-01
3.490115702152252197e-01
3.489874005317687988e-01
3.489901423454284668e-01
3.489678502082824707e-01
3.489806652069091797e-01
3.490403294563293457e-01
3.489702343940734863e-01
3.489932119846343994e-01
3.489827513694763184e-01
3.490038514137268066e-01
3.489244580268859863e-01
3.489383757114410400e-01
3.490316271781921387e-01
3.489315211772918701e-01
3.489280343055725098e-01
3.489231467247009277e-01
3.489669859409332275e-01
3.489194214344024658e-01
3.489157855510711670e-01
3.490281701087951660e-01
3.489045798778533936e-01
3.488896489143371582e-01
3.488715291023254395e-01
3.489321470260620117e-01
3.489935398101806641e-01
3.488756120204925537e-01
3.489215373992919922e-01
3.488797545433044434e-01
3.489170670509338379e-01
3.488704562187194824e-01
3.489091694355010986e-01
3.488515019416809082e-01
3.488433957099914551e-01
3.488399386405944824e-01
3.488869071006774902e-01
3.488581180572509766e-01
3.488505780696868896e-01
3.488354682922363281e-01
3.488857150077819824e-01
3.488085865974426270e-01
3.488128185272216797e-01
3.487867414951324463e-01
3.488593697547912598e-01
3.488578498363494873e-01
3.490078449249267578e-01
3.488389849662780762e-01
3.488046824932098389e-01
3.488097786903381348e-01
3.488088846206665039e-01
3.487733304500579834e-01
3.488035202026367188e-01
3.487970232963562012e-01
3.487491011619567871e-01
3.487421572208404541e-01
3.487474322319030762e-01
3.487145900726318359e-01
3.487281203269958496e-01
3.487726747989654541e-01
3.487281203269958496e-01
3.489014208316802979e-01
3.489397168159484863e-01
3.487721383571624756e-01
3.487892746925354004e-01
3.487670123577117920e-01
3.487867414951324463e-01
3.490398526191711426e-01
3.487186431884765625e-01
3.487433791160583496e-01
3.487134873867034912e-01
3.487095832824707031e-01
3.486726284027099609e-01
3.486659526824951172e-01
3.487507402896881104e-01
3.486287891864776611e-01
3.486669957637786865e-01
3.487042784690856934e-01
3.487319052219390869e-01
3.487263321876525879e-01
3.487283587455749512e-01
3.487917482852935791e-01
3.487162888050079346e-01
3.487884402275085449e-01
3.488297462463378906e-01
3.488209247589111328e-01
3.487043976783752441e-01
3.487491011619567871e-01
3.486913442611694336e-01
3.487312197685241699e-01
3.488569855690002441e-01
3.486699461936950684e-01
3.487212657928466797e-01
3.485960662364959717e-01
3.485997915267944336e-01
3.485142588615417480e-01
3.485916256904602051e-01
3.488057553768157959e-01
3.486309647560119629e-01
3.488160073757171631e-01
3.485391438007354736e-01
3.487502038478851318e-01
3.485669195652008057e-01
3.485456705093383789e-01
3.485673964023590088e-01
3.485816121101379395e-01
3.485795557498931885e-01
3.485203385353088379e-01
3.486192226409912109e-01
3.485477566719055176e-01
3.485221266746520996e-01
3.485410213470458984e-01
3.485159277915954590e-01
3.485886752605438232e-01
3.485056757926940918e-01
3.485962152481079102e-01
3.484795391559600830e-01
3.484478294849395752e-01
3.485764861106872559e-01
3.484908044338226318e-01
3.485140204429626465e-01
3.485175073146820068e-01
3.485746383666992188e-01
3.484581708908081055e-01
3.484676778316497803e-01
3.484830856323242188e-01
3.484626412391662598e-01
3.484892845153808594e-01
3.484590947628021240e-01
3.485984206199645996e-01
3.484877049922943115e-01
3.484456241130828857e-01
3.484536707401275635e-01
3.485348820686340332e-01
3.484676778316497803e-01
3.484351038932800293e-01
3.484242856502532959e-01
3.484331369400024414e-01
3.484392464160919189e-01
3.484213650226593018e-01
3.484511971473693848e-01
3.484464585781097412e-01
3.484708368778228760e-01
3.484948873519897461e-01
3.484749197959899902e-01
3.484543263912200928e-01
3.485834002494812012e-01
3.484715819358825684e-01
3.484601080417633057e-01
3.484428226947784424e-01
3.483680784702301025e-01
3.483888506889343262e-01
3.484886288642883301e-01
3.483401238918304443e-01
3.483508527278900146e-01
3.484413325786590576e-01
3.483214974403381348e-01
3.483599126338958740e-01
3.483400940895080566e-01
3.483780026435852051e-01
3.483434915542602539e-01
3.485059142112731934e-01
3.484972119331359863e-01
3.485652208328247070e-01
3.484872877597808838e-01
3.484671711921691895e-01
3.485542237758636475e-01
3.484247326850891113e-01
3.483315706253051758e-01
3.483967185020446777e-01
3.482801914215087891e-01
3.483026027679443359e-01
3.483569025993347168e-01
3.482868969440460205e-01
3.482685089111328125e-01
3.482788205146789551e-01
3.482922911643981934e-01
3.483133912086486816e-01
3.483571112155914307e-01
3.482833206653594971e-01
3.482637703418731689e-01
3.483496308326721191e-01
3.483561277389526367e-01
3.481955528259277344e-01
3.482884764671325684e-01
3.486496806144714355e-01
3.482903242111206055e-01
3.483108282089233398e-01
3.482564091682434082e-01
3.483219742774963379e-01
3.483434915542602539e-01
3.483625650405883789e-01
3.483610153198242188e-01
3.483586609363555908e-01
3.483594655990600586e-01
3.483552336692810059e-01
3.482708334922790527e-01
3.484854400157928467e-01
3.482315838336944580e-01
3.482176065444946289e-01
3.481834530830383301e-01
3.482204079627990723e-01
3.481757044792175293e-01
3.482288122177124023e-01
3.481723666191101074e-01
3.482076525688171387e-01
3.481705784797668457e-01
3.481484353542327881e-01
3.483267724514007568e-01
3.481518924236297607e-01
3.481480479240417480e-01
3.482794761657714844e-01
3.481315374374389648e-01
3.481222093105316162e-01
3.481194972991943359e-01
3.482001721858978271e-01
3.481667637825012207e-01
3.480923771858215332e-01
3.480901122093200684e-01
3.482176661491394043e-01
3.480738699436187744e-01
3.480556607246398926e-01
3.481021523475646973e-01
3.480876982212066650e-01
3.481484353542327881e-01
3.481473922729492188e-01
3.480943441390991211e-01
3.481463789939880371e-01
3.481067419052124023e-01
3.483430743217468262e-01
3.481317162513732910e-01
3.480855822563171387e-01
3.484198749065399170e-01
3.480605185031890869e-01
3.480809032917022705e-01
3.480644822120666504e-01
3.480319976806640625e-01
3.480151891708374023e-01
3.479789793491363525e-01
3.480024635791778564e-01
3.481079936027526855e-01
3.480210900306701660e-01
3.480209112167358398e-01
3.480135500431060791e-01
3.480702638626098633e-01
3.480266630649566650e-01
3.480279445648193359e-01
3.480915427207946777e-01
3.479971289634704590e-01
3.480426967144012451e-01
3.480537533760070801e-01
3.479791581630706787e-01
3.480721712112426758e-01
3.480128645896911621e-01
3.480016589164733887e-01
3.480535745620727539e-01
3.479589521884918213e-01
3.480203151702880859e-01
3.480018675327301025e-01
3.480015695095062256e-01
3.480428159236907959e-01
3.479757308959960938e-01
3.480809628963470459e-01
3.479683399200439453e-01
3.480485081672668457e-01
3.479636907577514648e-01
3.479383587837219238e-01
3.481507897377014160e-01
3.479122221469879150e-01
3.479167222976684570e-01
3.479741513729095459e-01
3.479287028312683105e-01
3.480199873447418213e-01
3.480037748813629150e-01
3.479537367820739746e-01
3.480099439620971680e-01
3.480050563812255859e-01
3.479390144348144531e-01
3.480563759803771973e-01
3.481499254703521729e-01
3.482042253017425537e-01
3.480224013328552246e-01
3.479205965995788574e-01
3.478826582431793213e-01
3.478546738624572754e-01
3.477897047996520996e-01
3.479042053222656250e-01
3.478990793228149414e-01
3.479290008544921875e-01
3.479545712471008301e-01
3.479585051536560059e-01
3.479134440422058105e-01
3.479619622230529785e-01
3.478985130786895752e-01
3.479936420917510986e-01
3.478699624538421631e-01
3.478589653968811035e-01
3.478433489799499512e-01
3.479676842689514160e-01
3.480055332183837891e-01
3.478493094444274902e-01
3.480214476585388184e-01
3.478108644485473633e-01
3.478280901908874512e-01
3.478303849697113037e-01
3.478734493255615234e-01
3.479466140270233154e-01
3.478829562664031982e-01
3.479405343532562256e-01
3.479205965995788574e-01
3.478456437587738037e-01
3.478097319602966309e-01
3.477853238582611084e-01
3.478811979293823242e-01
3.478072285652160645e-01
3.478441834449768066e-01
3.477395772933959961e-01
3.477529883384704590e-01
3.477992713451385498e-01
3.479569852352142334e-01
3.478359282016754150e-01
3.478036522865295410e-01
3.477575778961181641e-01
3.477860987186431885e-01
3.477423787117004395e-01
3.478451371192932129e-01
3.477381169795989990e-01
3.477083146572113037e-01
3.477403223514556885e-01
3.478777110576629639e-01
3.477663993835449219e-01
3.476600050926208496e-01
3.476864099502563477e-01
3.478278815746307373e-01
3.477072715759277344e-01
3.477120995521545410e-01
3.477686345577239990e-01
3.477289676666259766e-01
3.477437794208526611e-01
3.477145135402679443e-01
3.477081358432769775e-01
3.477553725242614746e-01
3.476745188236236572e-01
3.477063775062561035e-01
3.476973474025726318e-01
3.476810455322265625e-01
3.476464748382568359e-01
3.476531803607940674e-01
3.477305769920349121e-01
3.476389646530151367e-01
3.477279543876647949e-01
3.477324545383453369e-01
3.476896882057189941e-01
3.477083742618560791e-01
3.476489186286926270e-01
3.476546704769134521e-01
3.476566672325134277e-01
3.476424813270568848e-01
3.476268053054809570e-01
3.476213216781616211e-01
3.476372957229614258e-01
3.475627303123474121e-01
3.477844595909118652e-01
3.476619720458984375e-01
3.476590514183044434e-01
3.476372063159942627e-01
3.477772176265716553e-01
3.476455807685852051e-01
3.476418554782867432e-01
3.476413190364837646e-01
3.476390838623046875e-01
3.477334380149841309e-01
3.476715683937072754e-01
3.476569354534149170e-01
3.477177321910858154e-01
3.475912809371948242e-01
3.478415012359619141e-01
3.475305438041687012e-01
3.475926220417022705e-01
3.476187288761138916e-01
3.478706479072570801e-01
3.476563096046447754e-01
3.477219045162200928e-01
3.476105332374572754e-01
3.475619852542877197e-01
3.475419282913208008e-01
3.475026488304138184e-01
3.475119173526763916e-01
3.474854528903961182e-01
3.474847674369812012e-01
3.474394679069519043e-01
3.475744724273681641e-01
3.475032746791839600e-01
3.475210666656494141e-01
3.475438654422760010e-01
3.475047051906585693e-01
3.475893139839172363e-01
3.474614024162292480e-01
3.473714888095855713e-01
3.476660251617431641e-01
3.474913239479064941e-01
3.475102782249450684e-01
3.475168943405151367e-01
3.475111722946166992e-01
3.474965989589691162e-01
3.475588262081146240e-01
3.476094603538513184e-01
3.474525809288024902e-01
3.474883437156677246e-01
3.474255502223968506e-01
3.474093377590179443e-01
3.474082350730895996e-01
3.474334180355072021e-01
3.474269807338714600e-01
3.474222421646118164e-01
3.473557829856872559e-01
3.475081920623779297e-01
3.474321663379669189e-01
3.474158644676208496e-01
3.474943041801452637e-01
3.474557995796203613e-01
3.474180400371551514e-01
3.474201261997222900e-01
3.476093709468841553e-01
3.474991023540496826e-01
3.474314808845520020e-01
3.474404811859130859e-01
3.474435210227966309e-01
3.475313782691955566e-01
3.473410010337829590e-01
3.472984731197357178e-01
3.473432660102844238e-01
3.473749756813049316e-01
3.474086523056030273e-01
3.473573625087738037e-01
3.473560214042663574e-01
3.473145067691802979e-01
3.473418354988098145e-01
3.472920060157775879e-01
3.473573327064514160e-01
3.473614156246185303e-01
3.473382294178009033e-01
3.473204672336578369e-01
3.473035693168640137e-01
3.473072350025177002e-01
3.474110066890716553e-01
3.472682535648345947e-01
3.473384380340576172e-01
3.473973274230957031e-01
3.472736775875091553e-01
3.472904562950134277e-01
3.472946286201477051e-01
3.473143279552459717e-01
3.472553789615631104e-01
3.472293019294738770e-01
3.472412824630737305e-01
3.472841382026672363e-01
3.473846316337585449e-01
3.472535312175750732e-01
3.472002148628234863e-01
3.471558690071105957e-01
3.473545312881469727e-01
3.472787737846374512e-01
3.472928702831268311e-01
3.472329378128051758e-01
3.472957015037536621e-01
3.472326397895812988e-01
3.471943736076354980e-01
3.471950888633728027e-01
3.472470939159393311e-01
3.471943438053131104e-01
3.471977710723876953e-01
3.472188115119934082e-01
3.472125530242919922e-01
3.473402559757232666e-01
3.471463620662689209e-01
3.476311564445495605e-01
3.471808135509490967e-01
3.472462892532348633e-01
3.473358750343322754e-01
3.472567200660705566e-01
3.474395871162414551e-01
3.473522365093231201e-01
3.472545742988586426e-01
3.472253382205963135e-01
3.473555743694305420e-01
3.473486304283142090e-01
3.473838865756988525e-01
3.473973870277404785e-01
3.473890423774719238e-01
3.473089933395385742e-01
3.473019003868103027e-01
3.473008573055267334e-01
3.472239673137664795e-01
3.472189605236053467e-01
3.472129702568054199e-01
3.472014367580413818e-01
3.471904397010803223e-01
3.471941351890563965e-01
3.471540510654449463e-01
3.471333980560302734e-01
3.471592664718627930e-01
3.472185432910919189e-01
3.471756279468536377e-01
3.473154902458190918e-01
3.471626341342926025e-01
3.471183776855468750e-01
3.471501171588897705e-01
3.471660017967224121e-01
3.471645414829254150e-01
3.471237123012542725e-01
3.471409678459167480e-01
3.471814692020416260e-01
3.471332192420959473e-01
3.471656143665313721e-01
3.471829295158386230e-01
3.473324179649353027e-01
3.471639752388000488e-01
3.471480011940002441e-01
3.473448157310485840e-01
3.470700681209564209e-01
3.470821976661682129e-01
3.471390008926391602e-01
3.471577167510986328e-01
3.470533490180969238e-01
3.470551371574401855e-01
3.474228978157043457e-01
3.471638560295104980e-01
3.471160829067230225e-01
3.471069335937500000e-01
3.471006155014038086e-01
3.471620976924896240e-01
3.470446467399597168e-01
3.470497131347656250e-01
3.470870554447174072e-01
3.470869064331054688e-01
3.471619188785552979e-01
3.471359312534332275e-01
3.470809757709503174e-01
3.470774292945861816e-01
3.471351861953735352e-01
3.469458818435668945e-01
3.473001420497894287e-01
3.470023274421691895e-01
3.470309376716613770e-01
3.470024168491363525e-01
3.470011055469512939e-01
3.470491766929626465e-01
3.470235466957092285e-01
3.469808101654052734e-01
3.470011949539184570e-01
3.470483720302581787e-01
3.469968438148498535e-01
3.469935953617095947e-01
3.470569252967834473e-01
3.471231460571289062e-01
3.471284508705139160e-01
3.470740914344787598e-01
3.470951318740844727e-01
3.470375537872314453e-01
3.470427095890045166e-01
3.470302224159240723e-01
3.470235764980316162e-01
3.470304608345031738e-01
3.470387756824493408e-01
3.470172882080078125e-01
3.469773232936859131e-01
3.469499051570892334e-01
3.469141423702239990e-01
3.469401895999908447e-01
3.470199406147003174e-01
3.469723761081695557e-01
3.468988537788391113e-01
3.470025956630706787e-01
3.469555974006652832e-01
3.470397889614105225e-01
3.468965590000152588e-01
3.468939363956451416e-01
3.470109999179840088e-01
3.469173312187194824e-01
3.469807207584381104e-01
3.469298481941223145e-01
3.469041883945465088e-01
3.468359112739562988e-01
3.473646044731140137e-01
3.469140529632568359e-01
3.468969166278839111e-01
3.468878865242004395e-01
3.469992280006408691e-01
3.469570577144622803e-01
3.469553589820861816e-01
3.469132184982299805e-01
3.469213843345642090e-01
3.468910753726959229e-01
3.468598723411560059e-01
3.468411862850189209e-01
3.468675017356872559e-01
3.469204306602478027e-01
3.468664586544036865e-01
3.471867442131042480e-01
3.472626507282257080e-01
3.468380570411682129e-01
3.468274176120758057e-01
3.468005061149597168e-01
3.468216061592102051e-01
3.468458652496337891e-01
3.468617796897888184e-01
3.469217121601104736e-01
3.468430340290069580e-01
3.468996584415435791e-01
3.468852639198303223e-01
3.469080030918121338e-01
3.469502925872802734e-01
3.467993736267089844e-01
3.468077778816223145e-01
3.468386828899383545e-01
3.468233048915863037e-01
3.467868268489837646e-01
3.467819690704345703e-01
3.470180928707122803e-01
3.468267619609832764e-01
3.467958569526672363e-01
3.468287885189056396e-01
3.467747271060943604e-01
3.468058109283447266e-01
3.467632234096527100e-01
3.467366993427276611e-01
3.467863202095031738e-01
3.467435836791992188e-01
3.467729687690734863e-01
3.467562794685363770e-01
3.467245101928710938e-01
3.467570543289184570e-01
3.467856049537658691e-01
3.467774093151092529e-01
3.467620909214019775e-01
3.468042016029357910e-01
3.467644155025482178e-01
3.467823863029479980e-01
3.466621339321136475e-01
3.466735780239105225e-01
3.466422557830810547e-01
3.468626141548156738e-01
3.468162417411804199e-01
3.468517661094665527e-01
3.468216359615325928e-01
3.467184007167816162e-01
3.468136787414550781e-01
3.468673229217529297e-01
3.467645943164825439e-01
3.466884493827819824e-01
3.467347919940948486e-01
3.466868400573730469e-01
3.466707766056060791e-01
3.468190729618072510e-01
3.466238081455230713e-01
3.467363417148590088e-01
3.466861546039581299e-01
3.466716706752777100e-01
3.466902673244476318e-01
3.466299176216125488e-01
3.466377258300781250e-01
3.466143012046813965e-01
3.466418385505676270e-01
3.466258049011230469e-01
3.466491699218750000e-01
3.466693162918090820e-01
3.466955721378326416e-01
3.466399908065795898e-01
3.468332290649414062e-01
3.468405604362487793e-01
3.468171060085296631e-01
3.466494381427764893e-01
3.468411862850189209e-01
3.466758728027343750e-01
3.466350436210632324e-01
3.466384410858154297e-01
3.465889990329742432e-01
3.466106057167053223e-01
3.466497659683227539e-01
3.466339111328125000e-01
3.465980887413024902e-01
3.466518521308898926e-01
3.466359376907348633e-01
3.466628193855285645e-01
3.466089665889739990e-01
3.466275632381439209e-01
3.465892374515533447e-01
3.466215729713439941e-01
3.466436862945556641e-01
3.466772139072418213e-01
3.466635346412658691e-01
3.466634154319763184e-01
3.465944826602935791e-01
3.465735316276550293e-01
3.467274606227874756e-01
3.466741442680358887e-01
3.466392159461975098e-01
3.466752469539642334e-01
3.465884923934936523e-01
3.466225564479827881e-01
3.465612828731536865e-01
3.465715944766998291e-01
3.466805815696716309e-01
3.465378880500793457e-01
3.465407490730285645e-01
3.465264439582824707e-01
3.465743064880371094e-01
3.465522229671478271e-01
3.466139733791351318e-01
3.465231060981750488e-01
3.465119302272796631e-01
3.465006351470947266e-01
3.465085923671722412e-01
3.465048670768737793e-01
3.468897044658660889e-01
3.465270102024078369e-01
3.465813100337982178e-01
3.465145230293273926e-01
3.464910984039306641e-01
3.465231657028198242e-01
3.466177582740783691e-01
3.464679121971130371e-01
3.464527726173400879e-01
3.464544415473937988e-01
3.464368283748626709e-01
3.464624285697937012e-01
3.464706838130950928e-01
3.464532792568206787e-01
3.464923799037933350e-01
3.465073704719543457e-01
3.464991450309753418e-01
3.465875983238220215e-01
3.464751839637756348e-01
3.466540873050689697e-01
3.466151356697082520e-01
3.466100096702575684e-01
3.465913534164428711e-01
3.465973734855651855e-01
3.465699553489685059e-01
3.464943766593933105e-01
3.465816378593444824e-01
3.464408516883850098e-01
3.464415669441223145e-01
3.465105593204498291e-01
3.464277684688568115e-01
3.464214503765106201e-01
3.464410305023193359e-01
3.464131951332092285e-01
3.464375436305999756e-01
3.464442491531372070e-01
3.463942110538482666e-01
3.464575707912445068e-01
3.464141786098480225e-01
3.464085757732391357e-01
3.464398980140686035e-01
3.463700413703918457e-01
3.463856577873229980e-01
3.463547229766845703e-01
3.464170396327972412e-01
3.463372588157653809e-01
3.463169634342193604e-01
3.466441035270690918e-01
3.463657498359680176e-01
3.463738858699798584e-01
3.463577330112457275e-01
3.463773727416992188e-01
3.464041054248809814e-01
3.464203774929046631e-01
3.464894592761993408e-01
3.463935852050781250e-01
3.464463651180267334e-01
3.464738130569458008e-01
3.465043008327484131e-01
3.465255200862884521e-01
3.465185463428497314e-01
3.465157449245452881e-01
3.467678427696228027e-01
3.463914990425109863e-01
3.463501930236816406e-01
3.463105559349060059e-01
3.462477922439575195e-01
3.462075591087341309e-01
3.461867570877075195e-01
3.462191522121429443e-01
3.463674187660217285e-01
3.463503420352935791e-01
3.464039564132690430e-01
3.464077711105346680e-01
3.463826775550842285e-01
3.464089334011077881e-01
3.463507592678070068e-01
3.463262319564819336e-01
3.463209569454193115e-01
3.463994860649108887e-01
3.462564945220947266e-01
3.462355434894561768e-01
3.462249636650085449e-01
3.462496399879455566e-01
3.463077545166015625e-01
3.465441465377807617e-01
3.462434709072113037e-01
3.462182879447937012e-01
3.462190330028533936e-01
3.463541865348815918e-01
3.462870717048645020e-01
3.461899161338806152e-01
3.462342619895935059e-01
3.462405800819396973e-01
3.462123274803161621e-01
3.462314605712890625e-01
3.462390303611755371e-01
3.462027907371520996e-01
3.462446928024291992e-01
3.462122976779937744e-01
3.463370501995086670e-01
3.463818132877349854e-01
3.462319374084472656e-01
3.462020158767700195e-01
3.462543487548828125e-01
3.461835980415344238e-01
3.462108075618743896e-01
3.462246060371398926e-01
3.463616371154785156e-01
3.461650609970092773e-01
3.463748395442962646e-01
3.461981713771820068e-01
3.464044332504272461e-01
3.461534380912780762e-01
3.461301922798156738e-01
3.460989594459533691e-01
3.462161421775817871e-01
3.461321890354156494e-01
3.462452590465545654e-01
3.461572527885437012e-01
3.461589217185974121e-01
3.461224436759948730e-01
3.463866710662841797e-01
3.462520539760589600e-01
3.461630344390869141e-01
3.461326062679290771e-01
3.461022377014160156e-01
3.460594713687896729e-01
3.463472723960876465e-01
3.461044728755950928e-01
3.461211621761322021e-01
3.461401164531707764e-01
3.461055159568786621e-01
3.461286425590515137e-01
3.460731208324432373e-01
3.461452126502990723e-01
3.461402952671051025e-01
3.461640477180480957e-01
3.462148308753967285e-01
3.462056815624237061e-01
3.461688160896301270e-01
3.462374210357666016e-01
3.462022244930267334e-01
3.462769091129302979e-01
3.462916910648345947e-01
3.462506234645843506e-01
3.461264669895172119e-01
3.460752367973327637e-01
3.464229106903076172e-01
3.461739122867584229e-01
3.461515307426452637e-01
3.460972905158996582e-01
3.460830152034759521e-01
3.460604548454284668e-01
3.461237251758575439e-01
3.462107181549072266e-01
3.461054563522338867e-01
3.460686206817626953e-01
3.460488915443420410e-01
3.461375832557678223e-01
3.461969494819641113e-01
3.460675179958343506e-01
3.461024761199951172e-01
3.460587561130523682e-01
3.460605740547180176e-01
3.460600078105926514e-01
3.460099697113037109e-01
3.460732400417327881e-01
3.460268676280975342e-01
3.460224568843841553e-01
3.460770249366760254e-01
3.461220860481262207e-01
3.459929227828979492e-01
3.460014760494232178e-01
3.459706902503967285e-01
3.460400700569152832e-01
3.460642397403717041e-01
3.460601866245269775e-01
3.460460305213928223e-01
3.461475372314453125e-01
3.460650742053985596e-01
3.460241556167602539e-01
3.461080789566040039e-01
3.460491299629211426e-01
3.459815382957458496e-01
3.460659384727478027e-01
3.460065722465515137e-01
3.459497690200805664e-01
3.459987938404083252e-01
3.459582924842834473e-01
3.460395932197570801e-01
3.458712697029113770e-01
3.459626138210296631e-01
3.460017740726470947e-01
3.460008800029754639e-01
3.462253808975219727e-01
3.462280035018920898e-01
3.461299836635589600e-01
3.460707068443298340e-01
3.460542261600494385e-01
3.459598422050476074e-01
3.459776043891906738e-01
3.458812832832336426e-01
3.458802103996276855e-01
3.460258841514587402e-01
3.459289968013763428e-01
3.458960056304931641e-01
3.459910154342651367e-01
3.458652496337890625e-01
3.459517061710357666e-01
3.458206951618194580e-01
3.458918035030364990e-01
3.460262715816497803e-01
3.460683822631835938e-01
3.461576998233795166e-01
3.461987674236297607e-01
3.461914658546447754e-01
3.463051915168762207e-01
3.462853729724884033e-01
3.462385535240173340e-01
3.462267220020294189e-01
3.462357819080352783e-01
3.462122380733489990e-01
3.462100625038146973e-01
3.462194502353668213e-01
3.461791872978210449e-01
3.461666107177734375e-01
3.462530970573425293e-01
3.460040688514709473e-01
3.460220396518707275e-01
3.460500836372375488e-01
3.459447026252746582e-01
3.459990322589874268e-01
3.459651172161102295e-01
3.458698987960815430e-01
3.458919525146484375e-01
3.459396958351135254e-01
3.459423780441284180e-01
3.458691239356994629e-01
3.458549976348876953e-01
3.458076417446136475e-01
3.458799421787261963e-01
3.458530008792877197e-01
3.457986712455749512e-01
3.458318114280700684e-01
3.458308577537536621e-01
3.458515405654907227e-01
3.459351062774658203e-01
3.459672331809997559e-01
3.460879325866699219e-01
3.458102345466613770e-01
3.459939360618591309e-01
3.459552228450775146e-01
3.459529578685760498e-01
3.459183573722839355e-01
3.459133207798004150e-01
3.459406495094299316e-01
3.458673954010009766e-01
3.459296822547912598e-01
3.458037376403808594e-01
3.459377288818359375e-01
3.459166288375854492e-01
3.459360599517822266e-01
3.459343314170837402e-01
3.456502556800842285e-01
3.459475338459014893e-01
3.459565639495849609e-01
3.457694947719573975e-01
3.458072245121002197e-01
3.457346856594085693e-01
3.457098007202148438e-01
3.457838892936706543e-01
3.457734882831573486e-01
3.457593917846679688e-01
3.457991182804107666e-01
3.458080589771270752e-01
3.457146286964416504e-01
3.458699584007263184e-01
3.459610939025878906e-01
3.457704186439514160e-01
3.458910584449768066e-01
3.456913828849792480e-01
3.456757664680480957e-01
3.458570539951324463e-01
3.457261919975280762e-01
3.456459939479827881e-01
3.457556366920471191e-01
3.461838662624359131e-01
3.457496166229248047e-01
3.458040058612823486e-01
3.458384573459625244e-01
3.461238145828247070e-01
3.460285663604736328e-01
3.460095822811126709e-01
3.460076749324798584e-01
3.459070324897766113e-01
3.459547460079193115e-01
3.458778262138366699e-01
3.459571003913879395e-01
3.457919955253601074e-01
3.458335101604461670e-01
3.457929193973541260e-01
3.457672297954559326e-01
3.457552194595336914e-01
3.458853363990783691e-01
3.457532227039337158e-01
3.457525372505187988e-01
3.457298874855041504e-01
3.457671999931335449e-01
3.457248806953430176e-01
3.459090292453765869e-01
3.457451760768890381e-01
3.458069264888763428e-01
3.457483351230621338e-01
3.458139896392822266e-01
3.458134531974792480e-01
3.456809222698211670e-01
3.456934690475463867e-01
3.456862568855285645e-01
3.456652760505676270e-01
3.457783758640289307e-01
3.457212150096893311e-01
3.457740843296051025e-01
3.457678854465484619e-01
3.457379043102264404e-01
3.458296954631805420e-01
3.456732630729675293e-01
3.456786572933197021e-01
3.456541895866394043e-01
3.457441926002502441e-01
3.456806838512420654e-01
3.457647860050201416e-01
3.457936346530914307e-01
3.457035422325134277e-01
3.457458019256591797e-01
3.457825183868408203e-01
3.457600176334381104e-01
3.456586301326751709e-01
3.457637429237365723e-01
3.456541895866394043e-01
3.456529378890991211e-01
3.456417322158813477e-01
3.457222878932952881e-01
3.456831872463226318e-01
3.456476926803588867e-01
3.456977009773254395e-01
3.456843793392181396e-01
3.457029759883880615e-01
3.456746935844421387e-01
3.455918431282043457e-01
3.455495238304138184e-01
3.455331623554229736e-01
3.459241390228271484e-01
3.457441926002502441e-01
3.458177447319030762e-01
3.458303809165954590e-01
3.458593487739562988e-01
3.460966646671295166e-01
3.459227085113525391e-01
3.458564579486846924e-01
3.457681536674499512e-01
3.457617759704589844e-01
3.456699848175048828e-01
3.456609249114990234e-01
3.455391526222229004e-01
3.455742299556732178e-01
3.456816971302032471e-01
3.456403911113739014e-01
3.458095490932464600e-01
3.456042110919952393e-01
3.455755114555358887e-01
3.458058834075927734e-01
3.456205725669860840e-01
3.456183075904846191e-01
3.455900549888610840e-01
3.455862104892730713e-01
3.456384539604187012e-01
3.456151187419891357e-01
3.456473648548126221e-01
3.456843793392181396e-01
3.456103205680847168e-01
3.456065058708190918e-01
3.456572294235229492e-01
3.456012606620788574e-01
3.456166088581085205e-01
3.456467390060424805e-01
3.456924259662628174e-01
3.457765281200408936e-01
3.456187248229980469e-01
3.456027805805206299e-01
3.455619215965270996e-01
3.454688489437103271e-01
3.454294502735137939e-01
3.454895615577697754e-01
3.455524146556854248e-01
3.455383777618408203e-01
3.456786274909973145e-01
3.456777930259704590e-01
3.456638157367706299e-01
3.456710577011108398e-01
3.456316888332366943e-01
3.456797003746032715e-01
3.457025587558746338e-01
3.455396294593811035e-01
3.455540537834167480e-01
3.455176651477813721e-01
3.455066680908203125e-01
3.455443084239959717e-01
3.455611765384674072e-01
3.454916477203369141e-01
3.454701304435729980e-01
3.454937934875488281e-01
3.456312417984008789e-01
3.454351425170898438e-01
3.454354405403137207e-01
3.454703390598297119e-01
3.455608487129211426e-01
3.455537259578704834e-01
3.455612361431121826e-01
3.455869555473327637e-01
3.455521762371063232e-01
3.456017374992370605e-01
3.455521464347839355e-01
3.455570340156555176e-01
3.455888628959655762e-01
3.455932736396789551e-01
3.457945585250854492e-01
3.455213606357574463e-01
3.455280661582946777e-01
3.455610573291778564e-01
3.455711007118225098e-01
3.455390334129333496e-01
3.455836772918701172e-01
3.455290198326110840e-01
3.455599248409271240e-01
3.455795347690582275e-01
3.455815315246582031e-01
3.456310033798217773e-01
3.456068336963653564e-01
3.455487787723541260e-01
3.455912470817565918e-01
3.456376194953918457e-01
3.456479310989379883e-01
3.455711901187896729e-01
3.456612229347229004e-01
3.455288410186767578e-01
3.455032706260681152e-01
3.454871773719787598e-01
3.454824090003967285e-01
3.454131782054901123e-01
3.454868197441101074e-01
3.453768193721771240e-01
3.453673720359802246e-01
3.453432917594909668e-01
3.456288576126098633e-01
3.453640937805175781e-01
3.453853726387023926e-01
3.453878164291381836e-01
3.453838825225830078e-01
3.453824520111083984e-01
3.453505635261535645e-01
3.453739881515502930e-01
3.453931510448455811e-01
3.453561663627624512e-01
3.454515039920806885e-01
3.453446030616760254e-01
3.453409075736999512e-01
3.453906178474426270e-01
3.453398346900939941e-01
3.453002274036407471e-01
3.453589081764221191e-01
3.454490303993225098e-01
3.454046249389648438e-01
3.454125523567199707e-01
3.454212546348571777e-01
3.457647264003753662e-01
3.454093337059020996e-01
3.453603684902191162e-01
3.452823460102081299e-01
3.452729582786560059e-01
3.453112244606018066e-01
3.453773558139801025e-01
3.453194200992584229e-01
3.453576564788818359e-01
3.453592658042907715e-01
3.453087806701660156e-01
3.453847467899322510e-01
3.453444242477416992e-01
3.453685343265533447e-01
3.452818989753723145e-01
3.453159332275390625e-01
3.453643918037414551e-01
3.452749252319335938e-01
3.453286290168762207e-01
3.453317582607269287e-01
3.453206419944763184e-01
3.453849554061889648e-01
3.453681766986846924e-01
3.453441262245178223e-01
3.453830778598785400e-01
3.453533351421356201e-01
3.454207479953765869e-01
3.453788459300994873e-01
3.453594744205474854e-01
3.454137146472930908e-01
3.454663157463073730e-01
3.454386889934539795e-01
3.454534411430358887e-01
3.453592956066131592e-01
3.453708291053771973e-01
3.454688191413879395e-01
3.453704416751861572e-01
3.452929854393005371e-01
3.452712595462799072e-01
3.452518582344055176e-01
3.452617526054382324e-01
3.452798724174499512e-01
3.452854752540588379e-01
3.452264070510864258e-01
3.452403545379638672e-01
3.452146947383880615e-01
3.452325761318206787e-01
3.452731966972351074e-01
3.451990485191345215e-01
3.452049195766448975e-01
3.452677726745605469e-01
3.454052805900573730e-01
3.452945053577423096e-01
3.452671170234680176e-01
3.452533185482025146e-01
3.453206419944763184e-01
3.452257215976715088e-01
3.451680541038513184e-01
3.452076315879821777e-01
3.451517224311828613e-01
3.452622294425964355e-01
3.451778292655944824e-01
3.455410599708557129e-01
3.454861044883728027e-01
3.458881676197052002e-01
3.456757664680480957e-01
3.463329374790191650e-01
3.453501760959625244e-01
3.453222215175628662e-01
3.453038334846496582e-01
3.452950119972229004e-01
3.452763259410858154e-01
3.452757000923156738e-01
3.452734351158142090e-01
3.452648520469665527e-01
3.453367352485656738e-01
3.453508317470550537e-01
3.453736901283264160e-01
3.454492986202239990e-01
3.455294668674468994e-01
3.455448448657989502e-01
3.454788625240325928e-01
3.453405201435089111e-01
3.452663719654083252e-01
3.454744517803192139e-01
3.451882600784301758e-01
3.452063202857971191e-01
3.452137112617492676e-01
3.452112674713134766e-01
3.453120589256286621e-01
3.452618718147277832e-01
3.452537059783935547e-01
3.451198935508728027e-01
3.451164662837982178e-01
3.451236784458160400e-01
3.451569974422454834e-01
3.451477587223052979e-01
3.451510667800903320e-01
3.450930714607238770e-01
3.451145887374877930e-01
3.450752794742584229e-01
3.451069891452789307e-01
3.451674580574035645e-01
3.451433181762695312e-01
3.452566266059875488e-01
3.451247215270996094e-01
3.451419174671173096e-01
3.451654314994812012e-01
3.451038897037506104e-01
3.451625406742095947e-01
3.450832068920135498e-01
3.450853228569030762e-01
3.450434505939483643e-01
3.450284600257873535e-01
3.453232347965240479e-01
3.451996743679046631e-01
3.452011346817016602e-01
3.452292382717132568e-01
3.452212214469909668e-01
3.452940583229064941e-01
3.451730906963348389e-01
3.451061248779296875e-01
3.450651764869689941e-01
3.451112806797027588e-01
3.450786471366882324e-01
3.450399935245513916e-01
3.450793027877807617e-01
3.450613617897033691e-01
3.450454771518707275e-01
3.451175093650817871e-01
3.450245261192321777e-01
3.450270891189575195e-01
3.453001976013183594e-01
3.450670242309570312e-01
3.451643586158752441e-01
3.450895249843597412e-01
3.450855612754821777e-01
3.450061976909637451e-01
3.450078666210174561e-01
3.450219631195068359e-01
3.450439572334289551e-01
3.450665771961212158e-01
3.450260162353515625e-01
3.450351655483245850e-01
3.451533913612365723e-01
3.450887799263000488e-01
3.451498150825500488e-01
3.450601100921630859e-01
3.449926376342773438e-01
3.450644612312316895e-01
3.449892103672027588e-01
3.449953496456146240e-01
3.450465798377990723e-01
3.450658023357391357e-01
3.450941145420074463e-01
3.451038599014282227e-01
3.451328277587890625e-01
3.451182842254638672e-01
3.450977206230163574e-01
3.450740873813629150e-01
3.450515270233154297e-01
3.450332283973693848e-01
3.449999690055847168e-01
3.449518084526062012e-01
3.449979424476623535e-01
3.449278771877288818e-01
3.449455201625823975e-01
3.449419736862182617e-01
3.449597358703613281e-01
3.450002968311309814e-01
3.450247347354888916e-01
3.450141847133636475e-01
3.451024293899536133e-01
3.455797135829925537e-01
3.450631499290466309e-01
3.452574610710144043e-01
3.449609279632568359e-01
3.449969887733459473e-01
3.449646830558776855e-01
3.449483811855316162e-01
3.451014161109924316e-01
3.449410796165466309e-01
3.449324965476989746e-01
3.449274897575378418e-01
3.449127078056335449e-01
3.449862003326416016e-01
3.450015187263488770e-01
3.449964523315429688e-01
3.449918627738952637e-01
3.449372649192810059e-01
3.451212942600250244e-01
3.450920581817626953e-01
3.449070751667022705e-01
3.448691368103027344e-01
3.448517322540283203e-01
3.450702130794525146e-01
3.449206650257110596e-01
3.449981808662414551e-01
3.450930714607238770e-01
3.449012637138366699e-01
3.448927998542785645e-01
3.450598716735839844e-01
3.449504971504211426e-01
3.449377417564392090e-01
3.448867797851562500e-01
3.449299931526184082e-01
3.449543416500091553e-01
3.448648452758789062e-01
3.448729813098907471e-01
3.448647856712341309e-01
3.448718786239624023e-01
3.449501991271972656e-01
3.449022471904754639e-01
3.448993265628814697e-01
3.448508679866790771e-01
3.449119925498962402e-01
3.448931276798248291e-01
3.449258804321289062e-01
3.448762297630310059e-01
3.448820114135742188e-01
3.448823094367980957e-01
3.448480069637298584e-01
3.448436856269836426e-01
3.449422419071197510e-01
3.448977768421173096e-01
3.448511660099029541e-01
3.448562920093536377e-01
3.448891639709472656e-01
3.448363840579986572e-01
3.449049592018127441e-01
3.448691666126251221e-01
3.449596762657165527e-01
3.449419736862182617e-01
3.448540568351745605e-01
3.448848724365234375e-01
3.449406027793884277e-01
3.449538350105285645e-01
3.450113534927368164e-01
3.449262976646423340e-01
3.451363146305084229e-01
3.448922932147979736e-01
3.448633551597595215e-01
3.448838889598846436e-01
3.448404669761657715e-01
3.448709547519683838e-01
3.448864817619323730e-01
3.448140919208526611e-01
3.447918891906738281e-01
3.448069095611572266e-01
3.447933793067932129e-01
3.448037207126617432e-01
3.448430001735687256e-01
3.447871804237365723e-01
3.448159992694854736e-01
3.448228240013122559e-01
3.448413908481597900e-01
3.447984158992767334e-01
3.447960317134857178e-01
3.447551429271697998e-01
3.447566926479339600e-01
3.449115753173828125e-01
3.448760509490966797e-01
3.447838425636291504e-01
3.448116779327392578e-01
3.448517322540283203e-01
3.447872698307037354e-01
3.447985053062438965e-01
3.448894619941711426e-01
3.447268009185791016e-01
3.447272181510925293e-01
3.449416756629943848e-01
3.449611365795135498e-01
3.447557985782623291e-01
3.447355329990386963e-01
3.447795510292053223e-01
3.447585701942443848e-01
3.447578549385070801e-01
3.448002338409423828e-01
3.448565602302551270e-01
3.448916077613830566e-01
3.448790013790130615e-01
3.448178768157958984e-01
3.447960913181304932e-01
3.447696864604949951e-01
3.447175323963165283e-01
3.446613848209381104e-01
3.446407914161682129e-01
3.445760607719421387e-01
3.447540402412414551e-01
3.448537886142730713e-01
3.449685871601104736e-01
3.449946045875549316e-01
3.449487090110778809e-01
3.449113368988037109e-01
3.449350893497467041e-01
3.450891077518463135e-01
3.449519872665405273e-01
3.448024690151214600e-01
3.447091281414031982e-01
3.446647226810455322e-01
3.446775376796722412e-01
3.447290062904357910e-01
3.449556529521942139e-01
3.447043001651763916e-01
3.446708321571350098e-01
3.447284102439880371e-01
3.447068035602569580e-01
3.448308110237121582e-01
3.446271419525146484e-01
3.451373875141143799e-01
3.447176516056060791e-01
3.447081148624420166e-01
3.446868658065795898e-01
3.447076678276062012e-01
3.447975516319274902e-01
3.447019457817077637e-01
3.447409272193908691e-01
3.446546494960784912e-01
3.446682393550872803e-01
3.447848260402679443e-01
3.446441292762756348e-01
3.446971774101257324e-01
3.447908759117126465e-01
3.446282446384429932e-01
3.446249365806579590e-01
3.446394801139831543e-01
3.446791768074035645e-01
3.446113467216491699e-01
3.446952700614929199e-01
3.447031080722808838e-01
3.446286320686340332e-01
3.447374403476715088e-01
3.446230888366699219e-01
3.446758985519409180e-01
3.446786105632781982e-01
3.446186184883117676e-01
3.447658717632293701e-01
3.446403145790100098e-01
3.445865809917449951e-01
3.449007570743560791e-01
3.447913527488708496e-01
3.447189927101135254e-01
3.445579111576080322e-01
3.448146879673004150e-01
3.446120321750640869e-01
3.445996940135955811e-01
3.446642458438873291e-01
3.446627259254455566e-01
3.446062505245208740e-01
3.446124196052551270e-01
3.446108400821685791e-01
3.446225523948669434e-01
3.446214199066162109e-01
3.447720110416412354e-01
3.446289896965026855e-01
3.446412086486816406e-01
3.447073101997375488e-01
3.446672856807708740e-01
3.446194231510162354e-01
3.446540832519531250e-01
3.445634543895721436e-01
3.446898460388183594e-01
3.445633053779602051e-01
3.446062207221984863e-01
3.445848822593688965e-01
3.445824086666107178e-01
3.447404503822326660e-01
3.445935845375061035e-01
3.445891737937927246e-01
3.446999490261077881e-01
3.447482585906982422e-01
3.447449803352355957e-01
3.448604345321655273e-01
3.446597754955291748e-01
3.447445034980773926e-01
3.446393013000488281e-01
3.446397185325622559e-01
3.446345031261444092e-01
3.448056578636169434e-01
3.445993065834045410e-01
3.445422649383544922e-01
3.445306718349456787e-01
3.446076512336730957e-01
3.445234298706054688e-01
3.445327877998352051e-01
3.445623219013214111e-01
3.445383012294769287e-01
3.445291519165039062e-01
3.446019887924194336e-01
3.448076844215393066e-01
3.446009755134582520e-01
3.446110486984252930e-01
3.445100188255310059e-01
3.444951474666595459e-01
3.445056080818176270e-01
3.445385694503784180e-01
3.445454537868499756e-01
3.445361256599426270e-01
3.443555235862731934e-01
3.447062075138092041e-01
3.445212841033935547e-01
3.446359038352966309e-01
3.446767926216125488e-01
3.446431159973144531e-01
3.446786701679229736e-01
3.445879518985748291e-01
3.447020649909973145e-01
3.446351885795593262e-01
3.446068167686462402e-01
3.445742130279541016e-01
3.445963263511657715e-01
3.445937335491180420e-01
3.446357846260070801e-01
3.446335196495056152e-01
3.445830941200256348e-01
3.445390164852142334e-01
3.445034623146057129e-01
3.445435464382171631e-01
3.445130884647369385e-01
3.444625735282897949e-01
3.444332182407379150e-01
3.444661498069763184e-01
3.445917367935180664e-01
3.444883823394775391e-01
3.445354700088500977e-01
3.444576859474182129e-01
3.444899618625640869e-01
3.444800376892089844e-01
3.448075056076049805e-01
3.444671034812927246e-01
3.446063399314880371e-01
3.444983065128326416e-01
3.445222675800323486e-01
3.446146845817565918e-01
3.445520401000976562e-01
3.444157242774963379e-01
3.445767462253570557e-01
3.443858325481414795e-01
3.446109890937805176e-01
3.444983363151550293e-01
3.445679843425750732e-01
3.446808159351348877e-01
3.447447121143341064e-01
3.445157110691070557e-01
3.444788753986358643e-01
3.444809019565582275e-01
3.445564508438110352e-01
3.444649875164031982e-01
3.444836437702178955e-01
3.444410860538482666e-01
3.444150388240814209e-01
3.444346487522125244e-01
3.444566130638122559e-01
3.444241583347320557e-01
3.444295823574066162e-01
3.444772362709045410e-01
3.444392085075378418e-01
3.444098234176635742e-01
3.444170951843261719e-01
3.443950712680816650e-01
3.444516360759735107e-01
3.444721996784210205e-01
3.444996774196624756e-01
3.444475531578063965e-01
3.444388210773468018e-01
3.443827033042907715e-01
3.443791568279266357e-01
3.443787097930908203e-01
3.443965911865234375e-01
3.443641066551208496e-01
3.446088433265686035e-01
3.443902432918548584e-01
3.444242775440216064e-01
3.443642854690551758e-01
3.444098532199859619e-01
3.443727791309356689e-01
3.444976806640625000e-01
3.444559574127197266e-01
3.443899750709533691e-01
3.443842530250549316e-01
3.444210886955261230e-01
3.443892300128936768e-01
3.444014489650726318e-01
3.443990647792816162e-01
3.444095551967620850e-01
3.443915247917175293e-01
3.444503843784332275e-01
3.444102704524993896e-01
3.444779217243194580e-01
3.444584012031555176e-01
3.443830013275146484e-01
3.444703221321105957e-01
3.444091677665710449e-01
3.444105982780456543e-01
3.445295691490173340e-01
3.443607687950134277e-01
3.445314168930053711e-01
3.443288505077362061e-01
3.443009853363037109e-01
3.442857861518859863e-01
3.443260788917541504e-01
3.443601727485656738e-01
3.444099426269531250e-01
3.445165753364562988e-01
3.444505333900451660e-01
3.443297445774078369e-01
3.443950414657592773e-01
3.444223999977111816e-01
3.443259596824645996e-01
3.443121016025543213e-01
3.442474007606506348e-01
3.442454338073730469e-01
3.442822694778442383e-01
3.436750471591949463e-01
1.829897499084472656e+01
3.453715741634368896e-01
3.512153625488281250e-01
3.551330864429473877e-01
3.601556718349456787e-01
3.622166514396667480e-01
3.633236885070800781e-01
3.634547591209411621e-01
3.630035817623138428e-01
3.620427250862121582e-01
3.606280684471130371e-01
3.599439263343811035e-01
3.579797744750976562e-01
3.565702438354492188e-01
3.556237816810607910e-01
3.538332283496856689e-01
3.531159758567810059e-01
3.519114851951599121e-01
3.508735299110412598e-01
3.498787283897399902e-01
3.494326174259185791e-01
3.488160073757171631e-01
3.480738699436187744e-01
3.475559651851654053e-01
3.472399115562438965e-01
3.466815948486328125e-01
3.464764952659606934e-01
3.461239933967590332e-01
3.457829356193542480e-01
3.456392884254455566e-01
3.454775810241699219e-01
3.453780412673950195e-01
3.451684415340423584e-01
3.451460003852844238e-01
3.450613617897033691e-01
3.450106978416442871e-01
3.450258076190948486e-01
3.449089527130126953e-01
3.448843657970428467e-01
3.448570370674133301e-01
3.448268175125122070e-01
3.447905778884887695e-01
3.447904884815216064e-01
3.447301387786865234e-01
3.447030186653137207e-01
3.446868658065795898e-01
3.446423113346099854e-01
3.446018993854522705e-01
3.446556031703948975e-01
3.445165157318115234e-01
3.446196913719177246e-01
3.444955050945281982e-01
3.444783985614776611e-01
3.444862663745880127e-01
3.444717526435852051e-01
3.444495499134063721e-01
3.444833159446716309e-01
3.444378674030303955e-01
3.444429039955139160e-01
3.444295525550842285e-01
3.444216549396514893e-01
3.444356024265289307e-01
3.444413244724273682e-01
3.444495797157287598e-01
3.444365859031677246e-01
3.444340527057647705e-01
3.444806635379791260e-01
3.444041311740875244e-01
3.444538414478302002e-01
3.444241881370544434e-01
3.444226682186126709e-01
3.444286286830902100e-01
3.444535136222839355e-01
3.443989157676696777e-01
3.443805575370788574e-01
3.444567620754241943e-01
3.444040417671203613e-01
3.444102108478546143e-01
3.443869054317474365e-01
3.444263935089111328e-01
3.444405198097229004e-01
3.444052338600158691e-01
3.443855643272399902e-01
3.443924784660339355e-01
3.444071412086486816e-01
3.444009423255920410e-01
3.444020152091979980e-01
3.444043695926666260e-01
3.444027006626129150e-01
3.443860411643981934e-01
3.443860709667205811e-01
3.444064259529113770e-01
3.443879485130310059e-01
3.443811833858489990e-01
3.444025814533233643e-01
3.444178998470306396e-01
3.443767428398132324e-01
3.443888127803802490e-01
3.444494307041168213e-01
3.444054126739501953e-01
3.443841636180877686e-01
3.443930447101593018e-01
3.443724513053894043e-01
3.443727493286132812e-01
3.443786203861236572e-01
3.443719744682312012e-01
3.443838357925415039e-01
3.444150388240814209e-01
3.443631231784820557e-01
3.443716466426849365e-01
3.443661630153656006e-01
3.444072902202606201e-01
3.443724513053894043e-01
3.444151878356933594e-01
3.443728387355804443e-01
3.443606495857238770e-01
3.444086015224456787e-01
3.443673253059387207e-01
3.443748950958251953e-01
3.443595767021179199e-01
3.444091379642486572e-01
3.443518579006195068e-01
3.443267941474914551e-01
3.443434834480285645e-01
3.444589376449584961e-01
3.443732261657714844e-01
3.443891108036041260e-01
3.443877696990966797e-01
3.445181548595428467e-01
3.444948792457580566e-01
3.444223999977111816e-01
3.444224596023559570e-01
3.443751335144042969e-01
3.443685472011566162e-01
3.443746864795684814e-01
3.443554341793060303e-01
3.444453775882720947e-01
3.444061577320098877e-01
3.443491458892822266e-01
3.443309664726257324e-01
3.443566262722015381e-01
3.443519175052642822e-01
3.444350361824035645e-01
3.444601297378540039e-01
3.443926274776458740e-01
3.443673849105834961e-01
3.443740606307983398e-01
3.443572819232940674e-01
3.443972170352935791e-01
3.444800972938537598e-01
3.444158136844635010e-01
3.444676995277404785e-01
3.443861305713653564e-01
3.443568050861358643e-01
3.443607389926910400e-01
3.443427681922912598e-01
3.444236516952514648e-01
3.443459868431091309e-01
3.443429470062255859e-01
3.443402349948883057e-01
3.443638086318969727e-01
3.443334102630615234e-01
3.443178236484527588e-01
3.443540036678314209e-01
3.443398773670196533e-01
3.443667888641357422e-01
3.443108797073364258e-01
3.443281650543212891e-01
3.443270921707153320e-01
3.443440794944763184e-01
3.443445265293121338e-01
3.443618714809417725e-01
3.443453609943389893e-01
3.443130552768707275e-01
3.443405032157897949e-01
3.443463742733001709e-01
3.444163501262664795e-01
3.443785607814788818e-01
3.443392813205718994e-01
3.443572819232940674e-01
3.443796634674072266e-01
3.443196415901184082e-01
3.443349003791809082e-01
3.443107604980468750e-01
3.443061411380767822e-01
3.443250060081481934e-01
3.444117009639739990e-01
3.443159162998199463e-01
3.443019986152648926e-01
3.443057835102081299e-01
3.442893028259277344e-01
3.443065285682678223e-01
3.443233370780944824e-01
3.443051278591156006e-01
3.443313837051391602e-01
3.443171381950378418e-01
3.443084657192230225e-01
3.443156480789184570e-01
3.443457484245300293e-01
3.442932069301605225e-01
3.444001674652099609e-01
3.443109095096588135e-01
3.443413674831390381e-01
3.443455696105957031e-01
3.443137109279632568e-01
3.443049192428588867e-01
3.442752063274383545e-01
3.442719876766204834e-01
3.442798852920532227e-01
3.442886173725128174e-01
3.442944586277008057e-01
3.442873656749725342e-01
3.443071246147155762e-01
3.442770540714263916e-01
3.443126380443572998e-01
3.443419337272644043e-01
3.443040251731872559e-01
3.442782759666442871e-01
3.442925512790679932e-01
3.442802131175994873e-01
3.442840576171875000e-01
3.442819714546203613e-01
3.442830145359039307e-01
3.443029224872589111e-01
3.442711830139160156e-01
3.443224132061004639e-01
3.442739844322204590e-01
3.443605899810791016e-01
3.442711234092712402e-01
3.442791402339935303e-01
3.442936539649963379e-01
3.442665040493011475e-01
3.442707955837249756e-01
3.442746996879577637e-01
3.442651629447937012e-01
3.442815244197845459e-01
3.442683517932891846e-01
3.443789184093475342e-01
3.443328738212585449e-01
3.442735671997070312e-01
3.442685902118682861e-01
3.442855775356292725e-01
3.442663848400115967e-01
3.442694544792175293e-01
3.442699611186981201e-01
3.442688882350921631e-01
3.442880511283874512e-01
3.442558646202087402e-01
3.442908823490142822e-01
3.442561328411102295e-01
3.442770838737487793e-01
3.442597389221191406e-01
3.442555963993072510e-01
3.442636132240295410e-01
3.442584872245788574e-01
3.442705869674682617e-01
3.441899418830871582e-01
3.442983031272888184e-01
3.442322611808776855e-01
3.442474007606506348e-01
3.442521393299102783e-01
3.443444073200225830e-01
3.443158268928527832e-01
3.443453907966613770e-01
3.443425595760345459e-01
3.443814516067504883e-01
3.442922234535217285e-01
3.442746996879577637e-01
3.442528843879699707e-01
3.442840576171875000e-01
3.442771136760711670e-01
3.442516922950744629e-01
3.443216383457183838e-01
3.442973494529724121e-01
3.442574143409729004e-01
3.442437648773193359e-01
3.442680239677429199e-01
3.442278504371643066e-01
3.442804813385009766e-01
3.442274332046508789e-01
3.442461192607879639e-01
3.442688882350921631e-01
3.442119061946868896e-01
3.442614674568176270e-01
3.442592024803161621e-01
3.442498147487640381e-01
3.442552685737609863e-01
3.442298173904418945e-01
3.442623913288116455e-01
3.443026542663574219e-01
3.442325592041015625e-01
3.442233204841613770e-01
3.442600667476654053e-01
3.442440927028656006e-01
3.442212939262390137e-01
3.442124724388122559e-01
3.442142605781555176e-01
3.442267775535583496e-01
3.442413210868835449e-01
3.442253172397613525e-01
3.442968726158142090e-01
3.442186415195465088e-01
3.442163467407226562e-01
3.442100286483764648e-01
3.442170321941375732e-01
3.442339897155761719e-01
3.442204594612121582e-01
3.442313075065612793e-01
3.442443311214447021e-01
3.442262113094329834e-01
3.442225754261016846e-01
3.442394137382507324e-01
3.442054390907287598e-01
3.441812992095947266e-01
3.442251682281494141e-01
3.442005515098571777e-01
3.441907763481140137e-01
3.442073762416839600e-01
3.442024886608123779e-01
3.441949188709259033e-01
3.441885709762573242e-01
3.442019820213317871e-01
3.442217707633972168e-01
3.441893458366394043e-01
3.442033529281616211e-01
3.441775143146514893e-01
3.442032933235168457e-01
3.442014157772064209e-01
3.442841172218322754e-01
3.441850841045379639e-01
3.441917300224304199e-01
3.442426323890686035e-01
3.442029356956481934e-01
3.441671729087829590e-01
3.442205786705017090e-01
3.441811203956604004e-01
3.441993296146392822e-01
3.442158699035644531e-01
3.441663980484008789e-01
3.441866934299468994e-01
3.441638350486755371e-01
3.441645801067352295e-01
3.442216515541076660e-01
3.441460728645324707e-01
3.441267907619476318e-01
3.443045020103454590e-01
3.442033231258392334e-01
3.441801071166992188e-01
3.442046046257019043e-01
3.441797196865081787e-01
3.441807627677917480e-01
3.441739380359649658e-01
3.441782593727111816e-01
3.441581130027770996e-01
3.441601097583770752e-01
3.441993296146392822e-01
3.441425263881683350e-01
3.441650271415710449e-01
3.442236185073852539e-01
3.441690802574157715e-01
3.441848158836364746e-01
3.441447019577026367e-01
3.441488742828369141e-01
3.441429436206817627e-01
3.441458642482757568e-01
3.441446423530578613e-01
3.441303670406341553e-01
3.441448509693145752e-01
3.441444933414459229e-01
3.441695570945739746e-01
3.441936075687408447e-01
3.442493081092834473e-01
3.441963195800781250e-01
3.441731929779052734e-01
3.441566824913024902e-01
3.442557752132415771e-01
3.441575169563293457e-01
3.441280722618103027e-01
3.441138267517089844e-01
3.443599343299865723e-01
3.441367745399475098e-01
3.441336750984191895e-01
3.441301286220550537e-01
3.441262245178222656e-01
3.441961407661437988e-01
3.441997468471527100e-01
3.441649377346038818e-01
3.441699147224426270e-01
3.441152572631835938e-01
3.441137969493865967e-01
3.441605567932128906e-01
3.441308140754699707e-01
3.441364765167236328e-01
3.441578745841979980e-01
3.441196978092193604e-01
3.441360592842102051e-01
3.441217839717864990e-01
3.441255986690521240e-01
3.441262245178222656e-01
3.441196382045745850e-01
3.441379368305206299e-01
3.441290855407714844e-01
3.441244661808013916e-01
3.441448211669921875e-01
3.441160619258880615e-01
3.442109525203704834e-01
3.441093564033508301e-01
3.441035151481628418e-01
3.441623151302337646e-01
3.441100418567657471e-01
3.441972434520721436e-01
3.441289067268371582e-01
3.441220521926879883e-01
3.441480994224548340e-01
3.441055417060852051e-01
3.441082835197448730e-01
3.441210389137268066e-01
3.441221714019775391e-01
3.442032635211944580e-01
3.441332578659057617e-01
3.441871106624603271e-01
3.441389799118041992e-01
3.441370129585266113e-01
3.441207408905029297e-01
3.441753983497619629e-01
3.441177606582641602e-01
3.441517949104309082e-01
3.441089987754821777e-01
3.441020846366882324e-01
3.441026508808135986e-01
3.441324532032012939e-01
3.442444801330566406e-01
3.441196680068969727e-01
3.440739512443542480e-01
3.441458046436309814e-01
3.441456854343414307e-01
3.441167175769805908e-01
3.441516458988189697e-01
3.441022932529449463e-01
3.441570699214935303e-01
3.440714776515960693e-01
3.441762328147888184e-01
3.440760970115661621e-01
3.441167175769805908e-01
3.440685272216796875e-01
3.440702557563781738e-01
3.441010117530822754e-01
3.440987765789031982e-01
3.440812230110168457e-01
3.440769016742706299e-01
3.440991342067718506e-01
3.440895080566406250e-01
3.440720140933990479e-01
3.440988659858703613e-01
3.440703749656677246e-01
3.441073894500732422e-01
3.440920114517211914e-01
3.441669940948486328e-01
3.441189229488372803e-01
3.441288769245147705e-01
3.441151678562164307e-01
3.441079258918762207e-01
3.441340327262878418e-01
3.441225886344909668e-01
3.440865874290466309e-01
3.441371917724609375e-01
3.441315293312072754e-01
3.441512286663055420e-01
3.441335558891296387e-01
3.441571593284606934e-01
3.441548943519592285e-01
3.441296219825744629e-01
3.441336154937744141e-01
3.440445661544799805e-01
3.441737592220306396e-01
3.441005945205688477e-01
3.440519869327545166e-01
3.441027104854583740e-01
3.440770506858825684e-01
3.440464138984680176e-01
3.440432250499725342e-01
3.440412580966949463e-01
3.440390229225158691e-01
3.440380990505218506e-01
3.441472947597503662e-01
3.440485596656799316e-01
3.440652787685394287e-01
3.440539538860321045e-01
3.440303504467010498e-01
3.440310657024383545e-01
3.440316915512084961e-01
3.440469801425933838e-01
3.440291285514831543e-01
3.440520465373992920e-01
3.440299034118652344e-01
3.440335690975189209e-01
3.440755903720855713e-01
3.440729081630706787e-01
3.440680205821990967e-01
3.440390527248382568e-01
3.441542685031890869e-01
3.440581262111663818e-01
3.440527021884918213e-01
3.440359532833099365e-01
3.440511524677276611e-01
3.440163731575012207e-01
3.441601693630218506e-01
3.440197110176086426e-01
3.440847992897033691e-01
3.441138863563537598e-01
3.440194725990295410e-01
3.441126644611358643e-01
3.440148830413818359e-01
3.440088927745819092e-01
3.440302312374114990e-01
3.440211415290832520e-01
3.440598845481872559e-01
3.439750075340270996e-01
3.439872264862060547e-01
3.440270423889160156e-01
3.440452814102172852e-01
3.440035283565521240e-01
3.440147042274475098e-01
3.440098464488983154e-01
3.440265953540802002e-01
3.440312743186950684e-01
3.440071642398834229e-01
3.440035283565521240e-01
3.440354764461517334e-01
3.440549671649932861e-01
3.440176546573638916e-01
3.440065979957580566e-01
3.440181314945220947e-01
3.441049754619598389e-01
3.440223634243011475e-01
3.440318107604980469e-01
3.440502285957336426e-01
3.441348969936370850e-01
3.441100120544433594e-01
3.440577089786529541e-01
3.440200090408325195e-01
3.440236449241638184e-01
3.440031111240386963e-01
3.440144956111907959e-01
3.439838290214538574e-01
3.439869284629821777e-01
3.440751433372497559e-01
3.439854085445404053e-01
3.439725935459136963e-01
3.440168499946594238e-01
3.440075516700744629e-01
3.440248370170593262e-01
3.439991176128387451e-01
3.439797461032867432e-01
3.439833819866180420e-01
3.439810574054718018e-01
3.439752459526062012e-01
3.439953625202178955e-01
3.439587950706481934e-01
3.440340161323547363e-01
3.439566195011138916e-01
3.439782261848449707e-01
3.439599275588989258e-01
3.439803719520568848e-01
3.439486920833587646e-01
3.439589142799377441e-01
3.439780175685882568e-01
3.439859747886657715e-01
3.439516723155975342e-01
3.439441025257110596e-01
3.439733982086181641e-01
3.440228402614593506e-01
3.439441323280334473e-01
3.440116047859191895e-01
3.439801633358001709e-01
3.439599275588989258e-01
3.440646231174468994e-01
3.439602553844451904e-01
3.440013527870178223e-01
3.440124988555908203e-01
3.439318537712097168e-01
3.439278006553649902e-01
3.439749777317047119e-01
3.439396023750305176e-01
3.439444005489349365e-01
3.439374566078186035e-01
3.439599573612213135e-01
3.439417779445648193e-01
3.439336121082305908e-01
3.439735770225524902e-01
3.439168930053710938e-01
3.438626825809478760e-01
3.439438641071319580e-01
3.439035415649414062e-01
3.439211547374725342e-01
3.439523875713348389e-01
3.439773321151733398e-01
3.439926207065582275e-01
3.440754711627960205e-01
3.440048396587371826e-01
3.440636992454528809e-01
3.439579606056213379e-01
3.439757823944091797e-01
3.440437912940979004e-01
3.439898192882537842e-01
3.439217507839202881e-01
3.439629077911376953e-01
3.439353704452514648e-01
3.439458310604095459e-01
3.439255058765411377e-01
3.439205586910247803e-01
3.439468145370483398e-01
3.439329266548156738e-01
3.439527153968811035e-01
3.439450263977050781e-01
3.439766466617584229e-01
3.439448177814483643e-01
3.439195752143859863e-01
3.438993096351623535e-01
3.439131379127502441e-01
3.439357876777648926e-01
3.440863490104675293e-01
3.440055549144744873e-01
3.440020382404327393e-01
3.439057469367980957e-01
3.439022302627563477e-01
3.438984453678131104e-01
3.438968956470489502e-01
3.438939452171325684e-01
3.439570963382720947e-01
3.438962996006011963e-01
3.439515531063079834e-01
3.438842296600341797e-01
3.440081477165222168e-01
3.438755869865417480e-01
3.438767790794372559e-01
3.438848257064819336e-01
3.439833223819732666e-01
3.439129292964935303e-01
3.438991606235504150e-01
3.438242673873901367e-01
3.438920974731445312e-01
3.439034819602966309e-01
3.439843058586120605e-01
3.439621925354003906e-01
3.439063429832458496e-01
3.438994586467742920e-01
3.438714146614074707e-01
3.439805507659912109e-01
3.438617587089538574e-01
3.439051806926727295e-01
3.438760042190551758e-01
3.438865840435028076e-01
3.438468873500823975e-01
3.440249562263488770e-01
3.438788652420043945e-01
3.438756465911865234e-01
3.438963294029235840e-01
3.438714444637298584e-01
3.439800739288330078e-01
3.438570797443389893e-01
3.439262509346008301e-01
3.438547551631927490e-01
3.438981175422668457e-01
3.438579142093658447e-01
3.438460230827331543e-01
3.438539505004882812e-01
3.438761830329895020e-01
3.439035415649414062e-01
3.438640534877777100e-01
3.440674245357513428e-01
3.439427018165588379e-01
3.439207673072814941e-01
3.438901901245117188e-01
3.438804447650909424e-01
3.439930975437164307e-01
3.438372313976287842e-01
3.438628315925598145e-01
3.438336253166198730e-01
3.438781201839447021e-01
3.438258767127990723e-01
3.439385294914245605e-01
3.439452052116394043e-01
3.438611030578613281e-01
3.438737392425537109e-01
3.438665866851806641e-01
3.439093828201293945e-01
3.438711762428283691e-01
3.438541293144226074e-01
3.438331484794616699e-01
3.438752889633178711e-01
3.438200056552886963e-01
3.438183665275573730e-01
3.438949882984161377e-01
3.438019156455993652e-01
3.437967896461486816e-01
3.437873423099517822e-01
3.437996804714202881e-01
3.438811302185058594e-01
3.438449501991271973e-01
3.438358306884765625e-01
3.438547253608703613e-01
3.438259959220886230e-01
3.438669145107269287e-01
3.438329994678497314e-01
3.437960743904113770e-01
3.437908589839935303e-01
3.438252806663513184e-01
3.438583910465240479e-01
3.438484072685241699e-01
3.437643945217132568e-01
3.439010381698608398e-01
3.437701761722564697e-01
3.438464105129241943e-01
3.438901901245117188e-01
3.438630104064941406e-01
3.438627123832702637e-01
3.438567817211151123e-01
3.438147604465484619e-01
3.438317179679870605e-01
3.438769280910491943e-01
3.437983989715576172e-01
3.438311219215393066e-01
3.438334465026855469e-01
3.437902927398681641e-01
3.437940478324890137e-01
3.437713086605072021e-01
3.437801599502563477e-01
3.437918126583099365e-01
3.438410162925720215e-01
3.438470065593719482e-01
3.438704907894134521e-01
3.438514173030853271e-01
3.438928723335266113e-01
3.438128829002380371e-01
3.437864780426025391e-01
3.438253998756408691e-01
3.437728285789489746e-01
3.438432812690734863e-01
3.437720239162445068e-01
3.437662422657012939e-01
3.437904715538024902e-01
3.437815904617309570e-01
3.437717556953430176e-01
3.437654376029968262e-01
3.437501490116119385e-01
3.438088297843933105e-01
3.437822759151458740e-01
3.437920808792114258e-01
3.437705039978027344e-01
3.437592387199401855e-01
3.438322544097900391e-01
3.437565267086029053e-01
3.437924683094024658e-01
3.438273966312408447e-01
3.437923789024353027e-01
3.437931537628173828e-01
3.437577188014984131e-01
3.437564969062805176e-01
3.437531888484954834e-01
3.437747359275817871e-01
3.437852859497070312e-01
3.437938094139099121e-01
3.438186049461364746e-01
3.438413441181182861e-01
3.437482714653015137e-01
3.437873423099517822e-01
3.437408804893493652e-01
3.437599539756774902e-01
3.437996804714202881e-01
3.438646793365478516e-01
3.438278138637542725e-01
3.437819480895996094e-01
3.438121378421783447e-01
3.438297808170318604e-01
3.437364399433135986e-01
3.437720537185668945e-01
3.437891900539398193e-01
3.438585400581359863e-01
3.438660800457000732e-01
3.438883423805236816e-01
3.440354764461517334e-01
3.438681960105895996e-01
3.439606726169586182e-01
3.440370559692382812e-01
3.439548611640930176e-01
3.439307510852813721e-01
3.438693881034851074e-01
3.438307046890258789e-01
3.438004851341247559e-01
3.437555432319641113e-01
3.438612520694732666e-01
3.437678813934326172e-01
3.437425494194030762e-01
3.437173962593078613e-01
3.437544703483581543e-01
3.437402546405792236e-01
3.437605202198028564e-01
3.437434732913970947e-01
3.437162935733795166e-01
3.437636494636535645e-01
3.437333405017852783e-01
3.437169790267944336e-01
3.437636494636535645e-01
3.437368571758270264e-01
3.437296152114868164e-01
3.436937332153320312e-01
3.436960279941558838e-01
3.437376916408538818e-01
3.436957001686096191e-01
3.437274992465972900e-01
3.436906039714813232e-01
3.437638580799102783e-01
3.437042832374572754e-01
3.436985015869140625e-01
3.436980247497558594e-01
3.436996340751647949e-01
3.437258303165435791e-01
3.437140285968780518e-01
3.437573909759521484e-01
3.437815308570861816e-01
3.437822759151458740e-01
3.437315821647644043e-01
3.437138199806213379e-01
3.437691628932952881e-01
3.437567353248596191e-01
3.437117934226989746e-01
3.438406288623809814e-01
3.437715172767639160e-01
3.438084721565246582e-01
3.437485694885253906e-01
3.437429964542388916e-01
3.437359631061553955e-01
3.438042998313903809e-01
3.436993956565856934e-01
3.436678051948547363e-01
3.436622321605682373e-01
3.436950743198394775e-01
3.437221646308898926e-01
3.437466025352478027e-01
3.436885476112365723e-01
3.436794579029083252e-01
3.437169492244720459e-01
3.436880111694335938e-01
3.437210917472839355e-01
3.436934649944305420e-01
3.436629474163055420e-01
3.436657488346099854e-01
3.436776995658874512e-01
3.436807394027709961e-01
3.436633646488189697e-01
3.437906205654144287e-01
3.436721563339233398e-01
3.436540663242340088e-01
3.437660634517669678e-01
3.436338305473327637e-01
3.436482548713684082e-01
3.437019884586334229e-01
3.437071442604064941e-01
3.436514735221862793e-01
3.437191545963287354e-01
3.436980843544006348e-01
3.436598479747772217e-01
3.438712358474731445e-01
3.437179923057556152e-01
3.436923325061798096e-01
3.437292277812957764e-01
3.437207639217376709e-01
3.436590731143951416e-01
3.437066674232482910e-01
3.436408042907714844e-01
3.437159359455108643e-01
3.437886238098144531e-01
3.436664044857025146e-01
3.436649739742279053e-01
3.436133265495300293e-01
3.436383306980133057e-01
3.436366915702819824e-01
3.436328768730163574e-01
3.436158597469329834e-01
3.436675071716308594e-01
3.436353206634521484e-01
3.436567187309265137e-01
3.437685072422027588e-01
3.436325490474700928e-01
3.438230156898498535e-01
3.436682224273681641e-01
3.436749875545501709e-01
3.436966538429260254e-01
3.436250090599060059e-01
3.436283171176910400e-01
3.435954451560974121e-01
3.435666561126708984e-01
3.437179923057556152e-01
3.436887860298156738e-01
3.436534106731414795e-01
3.436182141304016113e-01
3.436204493045806885e-01
3.436244130134582520e-01
3.436337113380432129e-01
3.436059653759002686e-01
3.436177670955657959e-01
3.436203598976135254e-01
3.436099886894226074e-01
3.437419533729553223e-01
3.436018824577331543e-01
3.435917496681213379e-01
3.436344265937805176e-01
3.435979485511779785e-01
3.436335921287536621e-01
3.436288535594940186e-01
3.436135649681091309e-01
3.435997962951660156e-01
3.436424136161804199e-01
3.436391949653625488e-01
3.436135649681091309e-01
3.435844779014587402e-01
3.435765802860260010e-01
3.435843586921691895e-01
3.436823189258575439e-01
3.436795175075531006e-01
3.435953557491302490e-01
3.435904383659362793e-01
3.436059951782226562e-01
3.436776697635650635e-01
3.436242938041687012e-01
3.437566757202148438e-01
3.435779511928558350e-01
3.435585796833038330e-01
3.435374200344085693e-01
3.437653779983520508e-01
3.436365127563476562e-01
3.435947895050048828e-01
3.435642123222351074e-01
3.436169326305389404e-01
3.435605466365814209e-01
3.435619771480560303e-01
3.435727953910827637e-01
3.435745239257812500e-01
3.435711264610290527e-01
3.435638546943664551e-01
3.436591625213623047e-01
3.435849547386169434e-01
3.435594141483306885e-01
3.435560464859008789e-01
3.435754776000976562e-01
3.435618281364440918e-01
3.436172008514404297e-01
3.435707688331604004e-01
3.436926305294036865e-01
3.435683846473693848e-01
3.435736596584320068e-01
3.435915410518646240e-01
3.435903489589691162e-01
3.435696959495544434e-01
3.435797691345214844e-01
3.436737656593322754e-01
3.436375260353088379e-01
3.436005413532257080e-01
3.436087667942047119e-01
3.435706496238708496e-01
3.435634672641754150e-01
3.435462117195129395e-01
3.435580730438232422e-01
3.436761200428009033e-01
3.436694145202636719e-01
3.436337411403656006e-01
3.436191678047180176e-01
3.436011672019958496e-01
3.436160683631896973e-01
3.435311317443847656e-01
3.435599207878112793e-01
3.435439169406890869e-01
3.435109555721282959e-01
3.435112833976745605e-01
3.435426950454711914e-01
3.435378670692443848e-01
3.435770571231842041e-01
3.436478078365325928e-01
3.436070680618286133e-01
3.436687588691711426e-01
3.436843752861022949e-01
3.436857163906097412e-01
3.436498045921325684e-01
3.436452746391296387e-01
3.436742722988128662e-01
3.435923159122467041e-01
3.435834050178527832e-01
3.436022698879241943e-01
3.435617387294769287e-01
3.436746001243591309e-01
3.434798717498779297e-01
3.435862064361572266e-01
3.434528708457946777e-01
3.437519371509552002e-01
3.438112139701843262e-01
3.437102735042572021e-01
3.437098562717437744e-01
3.437502086162567139e-01
3.436207175254821777e-01
3.436242640018463135e-01
3.436169624328613281e-01
3.435367047786712646e-01
3.435176312923431396e-01
3.436318039894104004e-01
3.436523973941802979e-01
3.435067236423492432e-01
3.435277342796325684e-01
3.435703217983245850e-01
3.436688780784606934e-01
3.435253500938415527e-01
3.435142040252685547e-01
3.435030877590179443e-01
3.435249030590057373e-01
3.434965014457702637e-01
3.435455262660980225e-01
3.436644673347473145e-01
3.435159027576446533e-01
3.435250818729400635e-01
3.435389101505279541e-01
3.435006737709045410e-01
3.435081839561462402e-01
3.435099720954895020e-01
3.434979021549224854e-01
3.435122370719909668e-01
3.435016572475433350e-01
3.435205817222595215e-01
3.434872329235076904e-01
3.435398936271667480e-01
3.435284495353698730e-01
3.435001969337463379e-01
3.434746265411376953e-01
3.434754312038421631e-01
3.435524404048919678e-01
3.435038924217224121e-01
3.435743749141693115e-01
3.435187041759490967e-01
3.434918820858001709e-01
3.435237109661102295e-01
3.434846401214599609e-01
3.435541093349456787e-01
3.435356318950653076e-01
3.434835076332092285e-01
3.434647917747497559e-01
3.434776365756988525e-01
3.434660732746124268e-01
3.434808850288391113e-01
3.436949253082275391e-01
3.435537219047546387e-01
3.435207903385162354e-01
3.435053229331970215e-01
3.434703350067138672e-01
3.435558378696441650e-01
3.436664938926696777e-01
3.435391187667846680e-01
3.434911668300628662e-01
3.434911072254180908e-01
3.435010015964508057e-01
3.435145020484924316e-01
3.434479832649230957e-01
3.434599936008453369e-01
3.434907495975494385e-01
3.434614539146423340e-01
3.434751927852630615e-01
3.435048460960388184e-01
3.434987366199493408e-01
3.434546291828155518e-01
3.434967100620269775e-01
3.434718549251556396e-01
3.434507548809051514e-01
3.434499204158782959e-01
3.435370028018951416e-01
3.434551060199737549e-01
3.434814810752868652e-01
3.434575200080871582e-01
3.435319066047668457e-01
3.434284329414367676e-01
3.434028029441833496e-01
3.434769511222839355e-01
3.434875309467315674e-01
3.435145020484924316e-01
3.436855375766754150e-01
3.436001539230346680e-01
3.437706828117370605e-01
3.436258733272552490e-01
3.439258933067321777e-01
3.435424268245697021e-01
3.436630666255950928e-01
3.435351252555847168e-01
3.435671925544738770e-01
3.435980081558227539e-01
3.436327874660491943e-01
3.437058031558990479e-01
3.436865210533142090e-01
3.436980843544006348e-01
3.437381386756896973e-01
3.437827825546264648e-01
3.437810540199279785e-01
3.438104391098022461e-01
3.437170982360839844e-01
3.436959385871887207e-01
3.435545265674591064e-01
3.434498906135559082e-01
3.434404134750366211e-01
3.434836864471435547e-01
3.434651792049407959e-01
3.434354662895202637e-01
3.434288501739501953e-01
3.435347974300384521e-01
3.434354364871978760e-01
3.433981537818908691e-01
3.434176146984100342e-01
3.434479832649230957e-01
3.434292376041412354e-01
3.434183895587921143e-01
3.434098660945892334e-01
3.434153199195861816e-01
3.434039950370788574e-01
3.434160649776458740e-01
3.434550464153289795e-01
3.434173464775085449e-01
3.434036970138549805e-01
3.434145450592041016e-01
3.434257209300994873e-01
3.434070944786071777e-01
3.434479832649230957e-01
3.435491323471069336e-01
3.434186577796936035e-01
3.433970212936401367e-01
3.434211611747741699e-01
3.434747755527496338e-01
3.433870673179626465e-01
3.433800339698791504e-01
3.433775007724761963e-01
3.433899581432342529e-01
3.434330821037292480e-01
3.433833122253417969e-01
3.435272276401519775e-01
3.434125781059265137e-01
3.434413373470306396e-01
3.433988988399505615e-01
3.433840870857238770e-01
3.433884084224700928e-01
3.433776497840881348e-01
3.434002101421356201e-01
3.434656560420989990e-01
3.433971405029296875e-01
3.433706462383270264e-01
3.434214591979980469e-01
3.434669673442840576e-01
3.434575498104095459e-01
3.433856666088104248e-01
3.434230387210845947e-01
3.435007631778717041e-01
3.433907926082611084e-01
3.433898985385894775e-01
3.433617353439331055e-01
3.433851301670074463e-01
3.433821797370910645e-01
3.433717787265777588e-01
3.433679640293121338e-01
3.433910012245178223e-01
3.433671295642852783e-01
3.433770239353179932e-01
3.434218764305114746e-01
3.433561921119689941e-01
3.433737158775329590e-01
3.433974385261535645e-01
3.433455526828765869e-01
3.433534801006317139e-01
3.433629870414733887e-01
3.433469235897064209e-01
3.433428406715393066e-01
3.433634340763092041e-01
3.433700203895568848e-01
3.433661460876464844e-01
3.434424400329589844e-01
3.433716893196105957e-01
3.432684242725372314e-01
3.433746695518493652e-01
3.433590531349182129e-01
3.433906137943267822e-01
3.434193134307861328e-01
3.434876799583435059e-01
3.435422480106353760e-01
3.436098098754882812e-01
3.435248732566833496e-01
3.434279859066009521e-01
3.435518145561218262e-01
3.434453904628753662e-01
3.435456454753875732e-01
3.435060977935791016e-01
3.433542847633361816e-01
3.433609008789062500e-01
3.433515131473541260e-01
3.433434069156646729e-01
3.433783948421478271e-01
3.433406352996826172e-01
3.433960080146789551e-01
3.433636128902435303e-01
3.433438241481781006e-01
3.434992730617523193e-01
3.434996008872985840e-01
3.433514237403869629e-01
3.433502614498138428e-01
3.433382511138916016e-01
3.433482050895690918e-01
3.433198630809783936e-01
3.433403372764587402e-01
3.433375358581542969e-01
3.433171510696411133e-01
3.434655070304870605e-01
3.433227241039276123e-01
3.433085083961486816e-01
3.433184027671813965e-01
3.433185517787933350e-01
3.433137238025665283e-01
3.433876335620880127e-01
3.433919847011566162e-01
3.433594703674316406e-01
3.433159291744232178e-01
3.433351218700408936e-01
3.433762192726135254e-01
3.433950543403625488e-01
3.432963192462921143e-01
3.433123826980590820e-01
3.432984054088592529e-01
3.433364629745483398e-01
3.433313369750976562e-01
3.433070182800292969e-01
3.433675169944763184e-01
3.432700335979461670e-01
3.432877361774444580e-01
3.432939052581787109e-01
3.434477448463439941e-01
3.433557152748107910e-01
3.433358669281005859e-01
3.434014916419982910e-01
3.433214426040649414e-01
3.433060050010681152e-01
3.433346152305603027e-01
3.433743119239807129e-01
3.433350920677185059e-01
3.433140814304351807e-01
3.433002531528472900e-01
3.432808220386505127e-01
3.432977795600891113e-01
3.432798087596893311e-01
3.432909846305847168e-01
3.432860374450683594e-01
3.433261811733245850e-01
3.433094024658203125e-01
3.432795405387878418e-01
3.432897925376892090e-01
3.432949185371398926e-01
3.432892858982086182e-01
3.433683514595031738e-01
3.433088958263397217e-01
3.432849049568176270e-01
3.433161675930023193e-01
3.432795107364654541e-01
3.432677388191223145e-01
3.432722687721252441e-01
3.432882428169250488e-01
3.432678282260894775e-01
3.432911634445190430e-01
3.434467315673828125e-01
3.433348238468170166e-01
3.432911336421966553e-01
3.432737886905670166e-01
3.432757258415222168e-01
3.432637453079223633e-01
3.432602882385253906e-01
3.432949781417846680e-01
3.433050513267517090e-01
3.432550430297851562e-01
3.432504534721374512e-01
3.432473242282867432e-01
3.432427346706390381e-01
3.433751463890075684e-01
3.432962894439697266e-01
3.433101475238800049e-01
3.434494435787200928e-01
3.432550132274627686e-01
3.432574868202209473e-01
3.432675004005432129e-01
3.433321118354797363e-01
3.433352410793304443e-01
3.432603478431701660e-01
3.432479500770568848e-01
3.433350920677185059e-01
3.433431684970855713e-01
3.432896733283996582e-01
3.432609438896179199e-01
3.432338535785675049e-01
3.432343900203704834e-01
3.432602286338806152e-01
3.432874679565429688e-01
3.432202637195587158e-01
3.432181775569915771e-01
3.433009684085845947e-01
3.432366251945495605e-01
3.432315289974212646e-01
3.432480692863464355e-01
3.432348370552062988e-01
3.432456851005554199e-01
3.433187603950500488e-01
3.432732522487640381e-01
3.432883322238922119e-01
3.432370424270629883e-01
3.432608544826507568e-01
3.432253599166870117e-01
3.432671129703521729e-01
3.432290554046630859e-01
3.432375788688659668e-01
3.433240950107574463e-01
3.432271182537078857e-01
3.433115780353546143e-01
3.432913422584533691e-01
3.432609140872955322e-01
3.433210253715515137e-01
3.432953357696533203e-01
3.433938920497894287e-01
3.432584106922149658e-01
3.432829678058624268e-01
3.433016538619995117e-01
3.432323634624481201e-01
3.432225286960601807e-01
3.432535529136657715e-01
3.433479368686676025e-01
3.432091474533081055e-01
3.432164192199707031e-01
3.432476520538330078e-01
3.432402014732360840e-01
3.432280719280242920e-01
3.432187438011169434e-01
3.432319164276123047e-01
3.432088792324066162e-01
3.432097434997558594e-01
3.432118892669677734e-01
3.432109653949737549e-01
3.431888222694396973e-01
3.432946205139160156e-01
3.432465195655822754e-01
3.431901335716247559e-01
3.432632386684417725e-01
3.431816995143890381e-01
3.431779742240905762e-01
3.431769311428070068e-01
3.431770801544189453e-01
3.431620299816131592e-01
3.433223366737365723e-01
3.432351052761077881e-01
3.432334363460540771e-01
3.432224094867706299e-01
3.431773185729980469e-01
3.431865870952606201e-01
3.432601392269134521e-01
3.431908488273620605e-01
3.433009684085845947e-01
3.432471752166748047e-01
3.432013392448425293e-01
3.431644439697265625e-01
3.431925177574157715e-01
3.432160019874572754e-01
3.432562351226806641e-01
3.433152139186859131e-01
3.431594073772430420e-01
3.432771265506744385e-01
3.431509733200073242e-01
3.431772589683532715e-01
3.431579470634460449e-01
3.431980609893798828e-01
3.431710600852966309e-01
3.433679938316345215e-01
3.431896567344665527e-01
3.432093262672424316e-01
3.432366847991943359e-01
3.431921005249023438e-01
3.431652188301086426e-01
3.431658148765563965e-01
3.431426882743835449e-01
3.431375920772552490e-01
3.430771231651306152e-01
3.430949747562408447e-01
3.432169854640960693e-01
3.434155881404876709e-01
3.433182537555694580e-01
3.432532548904418945e-01
3.432432711124420166e-01
3.432729244232177734e-01
3.432285487651824951e-01
3.432928025722503662e-01
3.432778120040893555e-01
3.432143926620483398e-01
3.432111442089080811e-01
3.431892096996307373e-01
3.431938588619232178e-01
3.431690931320190430e-01
3.431786894798278809e-01
3.431469798088073730e-01
3.431268632411956787e-01
3.431629538536071777e-01
3.431382775306701660e-01
3.431466221809387207e-01
3.432780206203460693e-01
3.431850671768188477e-01
3.431486189365386963e-01
3.431497514247894287e-01
3.431258797645568848e-01
3.431669473648071289e-01
3.432638049125671387e-01
3.431802690029144287e-01
3.435559272766113281e-01
3.431287705898284912e-01
3.431488275527954102e-01
3.431933522224426270e-01
3.431935906410217285e-01
3.432005047798156738e-01
3.433170616626739502e-01
3.432918787002563477e-01
3.432444632053375244e-01
3.431934118270874023e-01
3.431984186172485352e-01
3.432852625846862793e-01
3.431519865989685059e-01
3.431510031223297119e-01
3.431333899497985840e-01
3.431461155414581299e-01
3.431437611579895020e-01
3.432723879814147949e-01
3.431313633918762207e-01
3.431176543235778809e-01
3.431306779384613037e-01
3.433191776275634766e-01
3.432287573814392090e-01
3.430933952331542969e-01
3.430939614772796631e-01
3.431156575679779053e-01
3.431396186351776123e-01
3.431665301322937012e-01
3.431234657764434814e-01
3.431238532066345215e-01
3.431200385093688965e-01
3.431761562824249268e-01
3.432124257087707520e-01
3.431293070316314697e-01
3.431949019432067871e-01
3.431844711303710938e-01
3.431689441204071045e-01
3.431285023689270020e-01
3.431712687015533447e-01
3.431053459644317627e-01
3.431229293346405029e-01
3.431298136711120605e-01
3.430998921394348145e-01
3.431019783020019531e-01
3.431033492088317871e-01
3.431383669376373291e-01
3.430859744548797607e-01
3.430935144424438477e-01
3.431823253631591797e-01
3.431206345558166504e-01
3.430623114109039307e-01
3.430735468864440918e-01
3.430563211441040039e-01
3.431585729122161865e-01
3.431364595890045166e-01
3.431512415409088135e-01
3.431922495365142822e-01
3.432576656341552734e-01
3.431984782218933105e-01
3.432288169860839844e-01
3.432587087154388428e-01
3.431280553340911865e-01
3.432319760322570801e-01
3.431192338466644287e-01
3.431077003479003906e-01
3.431296944618225098e-01
3.430980145931243896e-01
3.431110382080078125e-01
3.430967032909393311e-01
3.430735468864440918e-01
3.430600464344024658e-01
3.430932164192199707e-01
3.431150019168853760e-01
3.431920707225799561e-01
3.430610001087188721e-01
3.431077003479003906e-01
3.430706560611724854e-01
3.430394530296325684e-01
3.430958092212677002e-01
3.431259691715240479e-01
3.431110084056854248e-01
3.431367874145507812e-01
3.430475294589996338e-01
3.433417677879333496e-01
3.430996835231781006e-01
3.430685102939605713e-01
3.430562913417816162e-01
3.430482745170593262e-01
3.430590927600860596e-01
3.430649340152740479e-01
3.430660367012023926e-01
3.430645763874053955e-01
3.430529534816741943e-01
3.430767655372619629e-01
3.430461585521697998e-01
3.430437147617340088e-01
3.431412279605865479e-01
3.430368304252624512e-01
3.430859446525573730e-01
3.430864512920379639e-01
3.431317210197448730e-01
3.431092798709869385e-01
3.430435359477996826e-01
3.430760502815246582e-01
3.430796861648559570e-01
3.431289196014404297e-01
3.431229293346405029e-01
3.431089818477630615e-01
3.431049883365631104e-01
3.431095182895660400e-01
3.431280255317687988e-01
3.431439995765686035e-01
3.430829942226409912e-01
3.431163430213928223e-01
3.430965244770050049e-01
3.431473374366760254e-01
3.430662155151367188e-01
3.430960476398468018e-01
3.430396616458892822e-01
3.431449532508850098e-01
3.430577516555786133e-01
3.430411219596862793e-01
3.430598378181457520e-01
3.431829512119293213e-01
3.430975079536437988e-01
3.431025147438049316e-01
3.430345952510833740e-01
3.430865406990051270e-01
3.430419266223907471e-01
3.430318236351013184e-01
3.431711196899414062e-01
3.430211246013641357e-01
3.430168628692626953e-01
3.430192172527313232e-01
3.431110680103302002e-01
3.433964848518371582e-01
3.430325984954833984e-01
3.431377410888671875e-01
3.430222868919372559e-01
3.430203795433044434e-01
3.430486619472503662e-01
3.430413305759429932e-01
3.430950045585632324e-01
3.430360853672027588e-01
3.431189358234405518e-01
3.430270254611968994e-01
3.430591225624084473e-01
3.430493474006652832e-01
3.429983556270599365e-01
3.430609703063964844e-01
3.430045545101165771e-01
3.430137038230895996e-01
3.429777622222900391e-01
3.430500030517578125e-01
3.430016636848449707e-01
3.430745005607604980e-01
3.430136442184448242e-01
3.430181443691253662e-01
3.429960608482360840e-01
3.430494666099548340e-01
3.429183661937713623e-01
3.429670333862304688e-01
3.430005908012390137e-01
3.430649340152740479e-01
3.430391848087310791e-01
3.432551026344299316e-01
3.431937098503112793e-01
3.432080745697021484e-01
3.431910276412963867e-01
3.431436419486999512e-01
3.430757224559783936e-01
3.430727720260620117e-01
3.430158197879791260e-01
3.430381119251251221e-01
3.430105447769165039e-01
3.430086076259613037e-01
3.430106043815612793e-01
3.430016338825225830e-01
3.429845273494720459e-01
3.430832028388977051e-01
3.430716693401336670e-01
3.429772853851318359e-01
3.429970145225524902e-01
3.429798781871795654e-01
3.429962098598480225e-01
3.429675102233886719e-01
3.429616689682006836e-01
3.430640101432800293e-01
3.429754972457885742e-01
3.429914116859436035e-01
3.429545760154724121e-01
3.432100713253021240e-01
3.429625630378723145e-01
3.430423140525817871e-01
3.429588675498962402e-01
3.430069983005523682e-01
3.430348336696624756e-01
3.429886698722839355e-01
3.429642617702484131e-01
3.430525362491607666e-01
3.429405093193054199e-01
3.429586887359619141e-01
3.430094420909881592e-01
3.429660201072692871e-01
3.429737687110900879e-01
3.429746031761169434e-01
3.429776430130004883e-01
3.429661393165588379e-01
3.430416584014892578e-01
3.429521024227142334e-01
3.430859148502349854e-01
3.429595828056335449e-01
3.429725766181945801e-01
3.430384695529937744e-01
3.429811596870422363e-01
3.429875969886779785e-01
3.429732322692871094e-01
3.430183231830596924e-01
3.430019915103912354e-01
3.429842591285705566e-01
3.431448340415954590e-01
3.429295420646667480e-01
3.428736031055450439e-01
3.429366052150726318e-01
3.430021703243255615e-01
3.430163264274597168e-01
3.429809212684631348e-01
3.429448306560516357e-01
3.429509997367858887e-01
3.429883718490600586e-01
3.430096805095672607e-01
3.432024419307708740e-01
3.430746495723724365e-01
3.430553972721099854e-01
3.430587947368621826e-01
3.429883420467376709e-01
3.430905342102050781e-01
3.429291844367980957e-01
3.430218100547790527e-01
3.429229259490966797e-01
3.429315388202667236e-01
3.429217338562011719e-01
3.429934084415435791e-01
3.429353833198547363e-01
3.429230451583862305e-01
3.429829478263854980e-01
3.429099619388580322e-01
3.429301381111145020e-01
3.429372906684875488e-01
3.428722023963928223e-01
3.430495262145996094e-01
3.429149687290191650e-01
3.429204821586608887e-01
3.429805636405944824e-01
3.429364264011383057e-01
3.430233597755432129e-01
3.429309427738189697e-01
3.429884314537048340e-01
3.429021835327148438e-01
3.429096341133117676e-01
3.429033756256103516e-01
3.429549336433410645e-01
3.430797457695007324e-01
3.428905606269836426e-01
3.429352343082427979e-01
3.428494036197662354e-01
3.428909778594970703e-01
3.429220318794250488e-01
3.432120680809020996e-01
3.429756760597229004e-01
3.429560363292694092e-01
3.429419100284576416e-01
3.429417908191680908e-01
3.428860306739807129e-01
3.428618907928466797e-01
3.430000245571136475e-01
3.429464995861053467e-01
3.429256081581115723e-01
3.429907262325286865e-01
3.428839743137359619e-01
3.428808450698852539e-01
3.429308235645294189e-01
3.428721427917480469e-01
3.429833352565765381e-01
3.429416120052337646e-01
3.429726660251617432e-01
3.428781032562255859e-01
3.429826796054840088e-01
3.429428040981292725e-01
3.429149687290191650e-01
3.428970277309417725e-01
3.428969979286193848e-01
3.428835868835449219e-01
3.429034352302551270e-01
3.428772091865539551e-01
3.429346084594726562e-01
3.428858518600463867e-01
3.428866267204284668e-01
3.429566919803619385e-01
3.428292870521545410e-01
3.428131341934204102e-01
3.429750502109527588e-01
3.429139256477355957e-01
3.429673314094543457e-01
3.429717421531677246e-01
3.431233465671539307e-01
3.429632782936096191e-01
3.429393470287322998e-01
3.429540991783142090e-01
3.429260849952697754e-01
3.429107069969177246e-01
3.429032266139984131e-01
3.429504930973052979e-01
3.428794741630554199e-01
3.429053723812103271e-01
3.430316746234893799e-01
3.430052697658538818e-01
3.429522216320037842e-01
3.430613875389099121e-01
3.430601656436920166e-01
3.430496752262115479e-01
3.430019021034240723e-01
3.428730368614196777e-01
3.429619371891021729e-01
3.429286479949951172e-01
3.429082036018371582e-01
3.429413437843322754e-01
3.428733944892883301e-01
3.428688645362854004e-01
3.429301083087921143e-01
3.429414629936218262e-01
3.429744839668273926e-01
3.428624272346496582e-01
3.428548276424407959e-01
3.428801596164703369e-01
3.428524732589721680e-01
3.428682088851928711e-01
3.428476154804229736e-01
3.429094254970550537e-01
3.429135680198669434e-01
3.428863584995269775e-01
3.428653478622436523e-01
3.428332805633544922e-01
3.428927958011627197e-01
3.428924679756164551e-01
3.429479598999023438e-01
3.428284525871276855e-01
3.429285883903503418e-01
3.428737521171569824e-01
3.429202735424041748e-01
3.428890109062194824e-01
3.428983986377716064e-01
3.428651988506317139e-01
3.429833054542541504e-01
3.429746031761169434e-01
3.428452312946319580e-01
3.428503572940826416e-01
3.428601920604705811e-01
3.428468108177185059e-01
3.428549468517303467e-01
3.428990840911865234e-01
3.428671658039093018e-01
3.428736329078674316e-01
3.428602814674377441e-01
3.428933620452880859e-01
3.428458571434020996e-01
3.428678810596466064e-01
3.428698480129241943e-01
3.430214524269104004e-01
3.428609967231750488e-01
3.428511023521423340e-01
3.428487777709960938e-01
3.428525328636169434e-01
3.429249823093414307e-01
3.429501652717590332e-01
3.428698480129241943e-01
3.430552482604980469e-01
3.430516719818115234e-01
3.428575694561004639e-01
3.429461121559143066e-01
3.428210616111755371e-01
3.428300023078918457e-01
3.428615629673004150e-01
3.429053723812103271e-01
3.428415656089782715e-01
3.428786396980285645e-01
3.428546190261840820e-01
3.428247272968292236e-01
3.428182005882263184e-01
3.428544402122497559e-01
3.428044319152832031e-01
3.428087532520294189e-01
3.428104519844055176e-01
3.428470194339752197e-01
3.428391516208648682e-01
3.427979350090026855e-01
3.428230285644531250e-01
3.428060710430145264e-01
3.429207205772399902e-01
3.428840935230255127e-01
3.429389297962188721e-01
3.430731892585754395e-01
3.428041636943817139e-01
3.429166674613952637e-01
3.429309725761413574e-01
3.430088758468627930e-01
3.428133428096771240e-01
3.428085446357727051e-01
3.427971899509429932e-01
3.428892493247985840e-01
3.428152203559875488e-01
3.428318798542022705e-01
3.428745567798614502e-01
3.428586125373840332e-01
3.428429961204528809e-01
3.427445292472839355e-01
3.428586423397064209e-01
3.428218364715576172e-01
3.428174853324890137e-01
3.428178727626800537e-01
3.428353965282440186e-01
3.428638577461242676e-01
3.428843021392822266e-01
3.428629338741302490e-01
3.428309857845306396e-01
3.428220748901367188e-01
3.429189622402191162e-01
3.427610397338867188e-01
3.428926169872283936e-01
3.428305983543395996e-01
3.428533375263214111e-01
3.429236412048339844e-01
3.429606258869171143e-01
3.429412543773651123e-01
3.430183529853820801e-01
3.430175185203552246e-01
3.429563045501708984e-01
3.429416716098785400e-01
3.429163098335266113e-01
3.428952097892761230e-01
3.429372608661651611e-01
3.428703844547271729e-01
3.428351283073425293e-01
3.428904414176940918e-01
3.429700434207916260e-01
3.428737223148345947e-01
3.429064154624938965e-01
3.429045975208282471e-01
3.428911566734313965e-01
3.428517878055572510e-01
3.427851796150207520e-01
3.428273797035217285e-01
3.428027033805847168e-01
3.429966270923614502e-01
3.428438603878021240e-01
3.428983092308044434e-01
3.427800238132476807e-01
3.429579734802246094e-01
3.429058194160461426e-01
3.427317738533020020e-01
3.427495360374450684e-01
3.427631855010986328e-01
3.428730070590972900e-01
3.428033888339996338e-01
3.428705334663391113e-01
3.429110646247863770e-01
3.427807688713073730e-01
3.428441286087036133e-01
3.428810834884643555e-01
3.427956998348236084e-01
3.427457809448242188e-01
3.427830338478088379e-01
3.428580164909362793e-01
3.429042696952819824e-01
3.428838253021240234e-01
3.429066240787506104e-01
3.428899943828582764e-01
3.428946435451507568e-01
3.428789973258972168e-01
3.428587019443511963e-01
3.428843617439270020e-01
3.428421020507812500e-01
3.429161608219146729e-01
3.428450822830200195e-01
3.429445326328277588e-01
3.428218364715576172e-01
3.427980840206146240e-01
3.427793085575103760e-01
3.427893519401550293e-01
3.427895903587341309e-01
3.428688645362854004e-01
3.429277837276458740e-01
3.428486585617065430e-01
3.428167402744293213e-01
3.428248465061187744e-01
3.430921435356140137e-01
3.429141342639923096e-01
3.429030478000640869e-01
3.428385257720947266e-01
3.427461087703704834e-01
3.427679538726806641e-01
3.428825139999389648e-01
3.427302837371826172e-01
3.427829146385192871e-01
3.427190184593200684e-01
3.427804410457611084e-01
3.427622318267822266e-01
3.427569270133972168e-01
3.427761197090148926e-01
3.428936302661895752e-01
3.429507315158843994e-01
3.428233861923217773e-01
3.427958488464355469e-01
3.428376615047454834e-01
3.427246510982513428e-01
3.427354693412780762e-01
3.427780270576477051e-01
3.427635729312896729e-01
3.428310751914978027e-01
3.427244722843170166e-01
3.427151441574096680e-01
3.427469432353973389e-01
3.427579104900360107e-01
3.428338170051574707e-01
3.427987098693847656e-01
3.427687585353851318e-01
3.427442908287048340e-01
3.428905308246612549e-01
3.427196443080902100e-01
3.428140580654144287e-01
3.427328467369079590e-01
3.427276015281677246e-01
3.427426218986511230e-01
3.427233099937438965e-01
3.427761495113372803e-01
3.427104353904724121e-01
3.427103459835052490e-01
3.427461683750152588e-01
3.427172303199768066e-01
3.427138924598693848e-01
3.427184224128723145e-01
3.427524864673614502e-01
3.427205085754394531e-01
3.426240384578704834e-01
3.429847359657287598e-01
3.428147435188293457e-01
3.427651524543762207e-01
3.427520394325256348e-01
3.427547514438629150e-01
3.428356051445007324e-01
3.427587151527404785e-01
3.428544998168945312e-01
3.427870869636535645e-01
3.427634835243225098e-01
3.428572714328765869e-01
3.427770137786865234e-01
3.427482545375823975e-01
3.427475094795227051e-01
3.427584469318389893e-01
3.427674770355224609e-01
3.427434563636779785e-01
3.428562879562377930e-01
3.427186012268066406e-01
3.428595364093780518e-01
3.427006304264068604e-01
3.426962792873382568e-01
3.427041471004486084e-01
3.426953256130218506e-01
3.426896035671234131e-01
3.427085876464843750e-01
3.427081704139709473e-01
3.427115678787231445e-01
3.427077233791351318e-01
3.426900506019592285e-01
3.427631855010986328e-01
3.427559137344360352e-01
3.427124023437500000e-01
3.428794741630554199e-01
3.428216576576232910e-01
3.427795767784118652e-01
3.427985608577728271e-01
3.428148627281188965e-01
3.428277969360351562e-01
3.427854180335998535e-01
3.429432511329650879e-01
3.427510261535644531e-01
3.427249193191528320e-01
3.427389264106750488e-01
3.427115082740783691e-01
3.428023457527160645e-01
3.426929414272308350e-01
