1.336734965593998625e-01 2.107544479128004022e-01 1.348988545162146391e-01 6.631563135199930459e-01 7.772290415977167743e-02 8.944450475753423779e-01 6.116339314721435105e-01 7.148712113568520543e-01 5.329895544201384006e-01 2.300109620902908159e-01 9.012021082223691248e-01 3.684925692145334386e-01 6.178020779504921345e-01 6.618584234275415312e-03 7.096764280074799869e-01 4.738640768836065442e-01 8.924621125608008798e-01 9.868537705453067632e-01 4.910740492916298994e-01 9.381830190042090845e-01 6.382357999311127905e-02 8.594928846237034348e-01 7.395629045835339088e-02 5.402433414510424692e-01 1.407034302423936234e-01 3.604245614677995535e-01 1.277430449721430605e-01 4.061334952495747608e-01 7.515418778764542118e-01 6.679362875455191473e-01 9.180415034682298803e-01 5.259016423901328174e-01 8.951101247665421701e-01 5.208747704061450490e-01 6.148069449278069643e-01 2.235489856765645600e-01 1.337003512277050721e-01 8.375785123365337981e-01 9.668902015917325565e-01 6.864205581194567918e-01 9.370331209444794363e-01 4.973347421572539284e-01 7.910972556201678607e-02 1.676350725882050918e-01 8.852129738635513556e-01 9.974148922213175172e-01 8.514508633132422677e-01 5.102166327852780681e-01 8.971066210427001142e-01 5.079126892650162040e-01 4.321357459435531956e-01 6.153059769747428742e-01 4.741186217444137707e-02 3.416918467357260569e-01 2.402253812264705246e-01 5.647339784906331150e-01 7.217730620545580456e-01 8.920100271327151553e-01 6.459248036045182051e-01 9.956433895457984518e-01 4.939654225459289005e-01 9.041316654976374600e-01 7.218301738544397050e-01 6.522491837381511059e-01 2.376786544044826144e+00 1.288254829589089878e+00 2.008575444098523288e+00 9.035788483279196370e+00 3.215905040724758024e+00 7.008166298442834119e+00 2.303766870999780636e+01 7.392674613739030676e+00 1.769479641916990786e+01 4.951321396152281551e+01 1.554708630172276607e+01 3.783238890085110739e+01 1.035685160179276210e+02 3.215463301466316182e+01 7.899530106224690940e+01 2.116319163632776679e+02 6.491151042905109136e+01 1.612131672696717430e+02 4.258122972190304267e+02 1.302788823324098644e+02 3.242169677349469907e+02 8.549068153858014512e+02 2.611634221125987096e+02 6.507702672902541963e+02 2.654385084955462215e+00 1.564947515057337757e+00 2.286739469242411449e+00
8.362568503444400836e-01 8.047650219577109354e-01 1.115406220020410677e-01 3.332277575616900966e-01 6.615067324910990365e-01 5.459531339260688121e-01 6.600130492363447399e-01 1.022750533479754864e-02 8.957847586051962407e-01 2.628834543848770355e-01 5.659309255669727756e-01 3.114075537813942862e-01 9.639184595886891582e-01 2.733128918082472492e-02 2.490409295036900561e-01 7.607528829979026685e-01 9.506488169200038030e-01 9.292792209161241379e-01 4.205345183406962173e-01 1.413257732606362227e-01 3.507381558480386907e-01 3.903705729724885609e-01 4.536606537679555018e-02 8.470549663915232230e-01 2.896060719733595246e-01 4.764886206860874385e-02 9.632900616882706935e-01 1.487435536486737542e-01 7.130567468498050232e-01 2.934050934516566622e-01 1.094586912612908192e-01 3.974298655974619621e-01 3.053845995777054734e-01 3.734072084972351879e-01 6.936208066038906939e-01 6.641231651488606058e-01 9.750692699622103277e-01 9.642414471384181951e-01 6.250709931864801838e-01 5.441238359116380430e-01 7.397936343235773649e-01 8.247122436083825781e-01 5.443976728490848016e-01 8.817868222166391767e-02 5.928211619451677628e-01 2.390977620635860168e-01 1.452185592457438945e-01 7.369691083177057900e-01 4.687496846571839182e-01 1.727910698441065263e-01 6.287384846572121599e-01 5.392628063847970665e-02 4.874074802965103759e-01 7.543832468625996102e-01 5.834454118349137186e-01 8.249907736697079663e-01 2.491774162218394206e-01 5.670881652708785747e-01 7.647518105815114264e-01 6.195144663407178287e-01 3.724367672047622646e-01 6.040631623571076636e-01 7.660461102690222512e-01 7.138463692353304024e-01 3.967352268718516761e+00 1.223785789696050896e+00 3.019049090925359558e+00 1.150706026366664858e+01 4.140113939204456805e+00 9.032939552013628415e+00 2.743467437054701108e+01 9.011850208979154786e+00 2.117461018680173623e+01 5.838855198291725657e+01 1.809933116557160915e+01 4.456789650950739201e+01 1.212319656740738480e+02 3.736548170167198180e+01 9.242345218769185067e+01 2.457534057108271099e+02 7.550561018569942462e+01 1.872810200060404213e+02 4.939871621310687146e+02 1.512562377883928093e+02 3.761804277438827739e+02 9.896413980636125416e+02 3.023263519156132020e+02 7.533164007766474697e+02 3.196847002380595271e+00 9.982210583556987427e-01 2.439905836632899838e+00
6.167459482159739492e-01 6.193372129143408511e-01 6.560551857802691123e-01 5.943132916715866410e-01 3.130903865486089899e-03 5.688755606489729333e-01 7.702872036870296313e-01 2.913884646446045501e-01 9.733699460527218683e-01 4.739352242128932469e-01 8.957807101429294816e-01 2.428428755845181142e-01 9.436779033909152847e-01 2.919336516392464498e-01 2.429405569198078707e-01 1.290850413702243626e-01 1.696968445126907366e-01 1.545215430084256880e-02 3.715318639549226587e-01 4.184276081077897835e-01 4.730325858434190067e-01 2.615785035982459705e-01 6.721183452551604542e-02 7.729857543030553835e-01 7.423871874909397928e-01 8.451973575921301052e-02 2.767360951519550749e-01 6.315815795639025954e-01 3.380323743503527156e-01 1.070704577464114404e-01 1.385557615714350099e-01 1.181964095672644044e-01 5.617123304402948936e-01 1.896357875779972613e-01 7.790009697271793598e-01 5.316775630135280872e-01 9.954051422144871708e-01 4.338279560931098677e-01 2.107911018935905156e-01 1.117049245109956734e-01 7.625899143353266352e-01 5.673303852967718219e-01 3.559669931100701845e-01 6.406538328759632250e-01 7.992107988956734799e-01 6.394168775302599972e-02 7.750587990546472517e-01 4.522484139153789551e-01 8.217517113305680132e-01 4.837675752985103328e-01 2.900106711674139692e-01 1.861913325445526679e-01 8.129842371491557973e-01 4.875760726418576496e-01 9.314800123977440283e-01 2.035958252237670685e-01 1.205130057140283428e-01 1.029049809987890862e-01 3.346599904874147935e-02 9.435014711583395997e-01 7.061714554453095705e-01 4.782622047597862025e-02 1.930032280292810487e-01 7.210893065042933703e-01 3.802444639088313316e+00 1.430802121659986881e+00 2.942219553322311221e+00 1.233214326780614556e+01 3.849363673701944322e+00 9.438265162627669014e+00 2.649415081016953266e+01 8.685585515885358987e+00 2.042465963164776710e+01 5.622162679634912763e+01 1.724482051663742510e+01 4.282108953615834679e+01 1.160424257675827704e+02 3.543946914230836143e+01 8.835377188983741803e+01 2.354969866756268857e+02 7.223926977345426792e+01 1.793572786831730923e+02 4.741726108839749259e+02 1.447698065903804832e+02 3.608988509040539725e+02 9.476758484142419547e+02 2.895301761635005846e+02 7.214323617289426238e+02 2.992617653304757930e+00 1.088341760329985419e+00 2.404548051364237882e+00
3.734778369181567248e-01 9.040224651650325960e-01 5.931964035651273726e-01 9.980495180869053407e-01 9.892599931915946332e-02 4.304323250950318203e-01 2.754923843282328644e-01 1.076077249078981612e-01 6.835208059658726132e-01 2.403100096380295092e-01 7.241882557848231539e-01 1.536828189103400799e-01 6.874051236528333497e-01 9.517558609438494521e-01 3.404451775244079492e-01 3.301452195599227091e-01 5.727422402133988122e-01 7.157902790789549829e-01 6.236538932568806981e-01 1.426068924816714656e-02 9.401162229073763976e-01 7.071808761392838205e-01 3.797420746964018656e-01 1.851389569539886315e-01 7.015392486917664261e-01 5.763412913362465639e-01 6.903123400827891887e-01 1.051556077844325587e-01 1.141474174454745194e-01 6.595123003358305258e-02 5.792789730879440713e-01 2.616829095944112060e-01 7.417863847008325795e-01 4.163085387419940275e-01 4.896220682939856905e-01 8.393169851671689052e-02 2.779145936127760397e-01 5.056373933456013159e-01 9.338221672901657611e-01 4.094076228736387435e-01 9.981034371009018802e-01 3.940094071718893698e-01 4.929742198896919225e-01 9.419240182189998478e-01 2.590267132256045546e-01 4.906947956808305200e-01 7.023550656411358117e-01 5.091612552947708537e-01 9.798469491506957008e-01 7.092836485052214091e-01 5.745413813235296097e-01 1.373284972904066370e-01 1.289521396953421384e-01 3.472615892913721858e-01 7.970402087391185164e-01 7.026113640861251231e-01 5.442734914884295172e-01 3.884346467970253292e-01 6.133923497809594672e-01 3.983462470641160325e-01 9.039456845643345506e-02 1.182461471874451941e-01 7.958242955759953219e-01 8.142644427311397370e-01 3.623055422830784966e+00 1.189945634891669490e+00 2.766893816099674996e+00 1.116663771259847948e+01 3.602072486631897164e+00 8.601294212208280499e+00 2.659331869812456262e+01 8.209199833757102382e+00 2.030966706050233128e+01 5.626307737881388960e+01 1.742339722781638400e+01 4.287924032024486110e+01 1.160165709770188442e+02 3.575086931152575431e+01 8.838708703090784979e+01 2.361617245021990357e+02 7.245067169851695610e+01 1.798513987192132220e+02 4.753569903448521927e+02 1.455488938987406300e+02 3.619488342366779534e+02 9.516472063028456887e+02 2.908804578771929528e+02 7.244348695654674657e+02 4.329937466604977914e+00 1.444289709116240328e+00 3.312063645083235475e+00
4.879323100642207756e-02 7.661048368328434721e-01 6.018507279663913856e-01 3.898237265077268976e-01 9.129184864554499290e-01 4.518341996572798891e-01 5.446471609613378062e-01 5.739351267321610717e-01 8.044430125312940216e-02 2.150680574961083558e-01 4.793733190155754498e-01 4.652004230806938700e-01 5.351039880957578765e-01 1.242678296887965717e-01 9.024767139372311675e-01 7.767265864380691331e-01 9.672315518771801290e-01 9.333886289194013308e-01 9.110558205719794245e-01 3.023842538506937849e-02 8.864979498074996300e-01 8.738852226402786805e-01 2.005890052198129325e-01 4.275350769130339401e-01 8.155043483646565727e-01 2.789219769495162593e-01 6.340663919879382382e-01 6.853234825131591101e-01 9.608993171594308880e-01 2.408108507797687148e-01 5.745170087689264182e-01 1.560091789037157950e-01 5.934149384125675386e-01 6.857419178044790176e-01 7.848204042970829963e-01 6.518113228623392263e-01 3.191691715033424526e-01 3.353699072551243887e-01 6.541685192797436210e-01 8.011089974138557723e-01 3.248280508643546227e-01 9.270135696156727168e-01 7.994629545744613708e-01 3.577493932595372517e-01 6.837305347684329293e-01 3.042645070126327456e-01 9.205642669683031798e-01 4.231664334568043806e-01 5.956076625220657617e-01 5.618514007121336862e-01 6.463004043788753705e-01 7.856723792100495096e-01 7.207991963045562445e-01 5.818679899168521796e-02 8.600859770614081024e-01 5.971143862253769363e-02 5.395165019415282259e-03 3.477766879656799537e-01 1.769376651130838418e-01 1.120559284372875108e-01 8.541061843483938043e-01 6.496560851563277783e-01 4.490827152219879492e-01 5.431956453518405059e-02 3.546642598530606705e+00 1.550973570507013566e+00 2.888065117715671093e+00 1.037057125003280156e+01 3.879971543633388364e+00 8.117411494246601578e+00 2.673971880379485455e+01 8.415830757078287760e+00 2.050126911643927130e+01 5.804444360837708672e+01 1.785558448018883837e+01 4.422073472149462958e+01 1.200209883132690578e+02 3.728574517686414680e+01 9.157225047188180156e+01 2.445257210097661869e+02 7.495908341743211167e+01 1.861944254118621984e+02 4.923209865229444517e+02 1.502353358071852654e+02 3.746488796885124088e+02 9.840907816389478739e+02 3.000394451237701219e+02 7.489154858429251362e+02 2.414113135522025555e+00 1.085567379184927406e+00 2.012989833316725541e+00
2.339674737995414144e-01 5.595475491277374092e-01 6.972455205451822957e-01 9.644069760279869730e-01 5.464412602463109003e-01 2.925331247132486601e-01 6.271765616188741399e-01 5.018202121592422182e-01 9.049904072816360445e-01 1.400277666272234933e-01 2.766507151032508993e-01 9.989313620159856466e-02 5.077898041397332918e-01 3.585934341585189644e-01 8.816675394755059125e-01 7.226582847411249233e-01 6.051268235772375714e-01 8.945276221158666718e-01 6.290013873741210348e-01 1.189935419214690482e-01 6.944615697960457856e-01 8.214295997966960527e-01 9.613963515178378660e-01 2.421270290923975832e-01 2.095887122302890759e-01 5.882347123539788392e-01 9.128962391108064178e-02 6.699697524978731611e-02 8.817008627163569479e-02 1.976345328123513267e-01 4.515934939543233551e-01 1.509381125975400861e-01 3.521529146381014996e-01 9.099700703880903019e-01 8.498107019638238002e-01 1.006687817833357146e-01 4.552144321793316628e-02 6.645395231388946389e-01 9.773065756075489663e-01 6.696347004362844801e-01 6.324940205477198596e-01 2.801233463212015051e-01 1.774411664809214528e-01 9.330968885871837593e-02 1.637632373176145517e-01 1.657350139228623842e-01 7.237384523727958818e-01 5.991933641277816802e-01 2.855599169073153032e-02 3.193263891865848469e-01 9.851875531624199045e-02 7.035405531348369879e-01 5.393665109115657330e-01 5.409905740739598956e-01 3.667483183100457289e-01 3.392002073678181961e-01 4.357600752865287141e-02 9.257746812591122199e-01 2.854284195870803176e-01 5.503941672804446572e-01 3.703265621462757951e-01 8.362813717397170610e-01 1.245887319166334439e-01 1.828016159368781590e-01 3.778146465489090833e+00 1.604662017205374491e+00 3.014736896356950968e+00 1.141965806691908725e+01 4.122283139207230995e+00 8.908617209372808432e+00 2.831617535379669803e+01 8.839381251282588892e+00 2.159929888511302210e+01 5.837250039998377105e+01 1.794679997186064924e+01 4.445535688590381085e+01 1.203969412832606167e+02 3.729104425381989785e+01 9.179148233511203614e+01 2.431440583121099337e+02 7.467810827323953049e+01 1.852055705531719241e+02 4.878559397102480943e+02 1.489972246852423439e+02 3.713603107675688193e+02 9.759849273656083142e+02 2.976309688683916193e+02 7.427839267083456889e+02 3.701614027723922895e+00 1.890168180147522969e+00 3.112965217972286425e+00
8.895479370913361716e-02 3.385891396420751542e-01 2.095510385334724557e-01 6.401918482468876848e-01 8.422335683473378687e-01 4.462506162035917434e-01 3.698499046387978550e-01 2.169990242909204392e-01 1.152816069010274003e-01 2.644629452916581469e-01 8.557175577042291925e-01 8.324619386764683382e-01 3.625499916842583881e-01 5.015332271567811695e-01 5.394038497470882154e-01 4.627410620627647742e-02 4.047407671036173937e-03 4.341562593522980684e-01 7.374161479125496133e-01 4.385232387760296113e-01 2.985337201307363131e-01 8.685119525671374241e-01 2.348604225537871404e-01 6.241200986186052901e-01 3.587965192233222300e-01 3.227022479769636742e-01 8.690270834178428494e-01 4.415406438063265160e-01 6.929259057079124595e-01 2.196619454881756361e-01 2.719682394054676600e-01 3.678254979570551031e-01 8.566673952185187568e-01 8.305532060740432598e-01 6.428601522502287446e-01 1.070225893798038008e-01 2.655475581819732867e-01 6.026440218625771506e-01 6.034884425923471296e-01 9.965724033952668703e-01 7.943251042252661431e-01 9.518372411297872926e-01 8.882353218156449071e-01 7.391524411637526715e-01 7.096186978831611203e-01 5.501759774363764732e-01 6.215397073388863047e-01 2.365573757187310333e-01 9.997778823098837364e-01 8.130092133106611163e-01 1.182857475114008627e-01 1.190930693472538326e-01 4.643128121373516493e-01 2.054566441831725543e-01 2.735196565818504011e-01 8.681199382476705306e-01 2.500448231687709688e-01 7.165702625632235367e-01 1.607778669774386771e-01 9.826080779718694425e-01 8.397492686068251944e-01 1.562806617709788792e-02 8.073974196742377263e-01 6.868605710639039685e-01 2.712682659509860539e+00 9.919337406221353515e-01 2.139026482615387970e+00 8.960320307537109841e+00 2.784996470822407755e+00 6.794531962851618978e+00 2.073656542198351715e+01 6.767798867767801596e+00 1.596583114280123361e+01 4.527402454731807069e+01 1.410618915806090712e+01 3.457093746445482907e+01 9.477640400849264779e+01 2.970609191134800042e+01 7.243757840870894427e+01 1.954738040255147382e+02 5.979817523962034898e+01 1.488127096102779774e+02 3.932817433073728353e+02 1.206089293374095064e+02 2.995943529035381516e+02 7.887434690294794564e+02 2.411159488062388050e+02 6.004525474705301349e+02 2.640321835521723948e+00 1.350064417712718789e+00 2.188329368689231114e+00
8.485180809844448113e-01 8.140452368301168695e-01 3.276467850826003669e-02 9.617011020957122458e-01 2.492683482121627048e-02 9.514454573867442422e-01 4.840081025957702066e-01 2.443115139507701095e-02 8.433613844121580216e-01 8.593314148441044686e-01 1.776768439457119264e-01 2.510059987666639625e-01 4.674894940626023176e-01 2.729240504636583076e-01 9.496870839423875443e-01 7.682301325401520442e-01 4.038299466889659906e-01 7.403548836838995673e-01 3.244972301988752195e-01 3.749875483711051505e-01 3.603070548460134415e-01 3.363552736736012960e-01 8.135280455270580413e-01 8.239859060445983152e-01 4.440000020127448099e-01 9.677815666385369830e-03 8.506339816399265397e-01 8.401567630875450554e-02 7.275792872882552720e-01 3.287336836252569006e-01 1.628047957983255190e-01 9.961014937050566287e-01 5.595521164774741596e-02 3.384064463870756212e-01 1.317074166717254746e-01 4.158338457695124335e-01 8.872272121279091150e-01 3.945466854934162049e-01 1.030515933724204247e-01 2.941710428482435802e-01 8.832464161911446343e-02 1.156094863470547018e-02 2.744635074151791088e-01 9.887262631942594915e-02 7.863259319424320548e-02 1.729204197848906999e-01 5.175403425298891191e-01 6.405558371915240912e-01 3.198181660100455348e-01 7.240324894021651358e-01 1.834536832697464259e-02 7.067430441192966706e-01 4.947339938087269573e-02 5.925854654208818628e-01 3.031961358628594283e-01 1.712860435145711069e-01 6.907358144651563059e-01 5.207325446769384136e-01 5.832100631071156505e-01 2.064008813904295581e-01 6.484060958209588721e-01 9.465159638117918162e-01 4.239013820928929643e-01 8.675036627138680290e-01 3.998791038658949581e+00 1.203066228691987538e+00 3.021657443989142156e+00 1.180336613385285638e+01 4.293123066565378565e+00 9.220694489105934366e+00 2.777067310550357249e+01 9.190819365165118882e+00 2.137876816119686652e+01 5.916793153057977150e+01 1.882510870715524476e+01 4.536170738997279983e+01 1.213168745740819645e+02 3.718662888555283530e+01 9.243831443862224262e+01 2.433662035838045483e+02 7.475850250706011479e+01 1.853916776935044197e+02 4.885633385278084120e+02 1.490706941841314688e+02 3.718336205278039870e+02 9.783085452132406772e+02 2.989094914564759051e+02 7.447809727560660349e+02 2.710226460081945010e+00 1.495263018282631196e+00 2.369377674646210963e+00
4.931100289446042062e-01 5.355705594779346379e-01 1.802926770436185100e-01 5.477330329712540857e-01 5.048318745656278361e-01 7.943512225079281119e-01 6.133012271916704616e-02 2.486499297348836457e-01 4.219404140849258855e-02 8.252546150444598494e-01 4.920372282759555294e-02 8.343605543936198909e-01 8.823792829277283811e-01 8.260167784424362614e-01 3.777154777447312428e-01 4.915834156099523344e-01 3.698625128091596048e-01 3.857845621978052142e-01 4.303563575146386322e-01 6.938776892665404761e-01 3.341406835238609485e-01 4.983342429188131195e-02 2.052598311529720831e-01 3.332980579544074784e-01 9.180131573719777505e-01 8.491991181854438020e-01 8.759452772168684342e-01 4.975014296224148369e-01 5.810419658465666437e-01 2.687195041456383882e-01 7.008191557519142245e-01 1.737947135135593513e-01 8.691414507926025212e-01 5.294979576144814848e-01 8.769941587087692891e-02 2.984653193480890643e-01 4.441427817317499249e-01 3.754496677281448092e-01 9.778956617336328483e-01 2.124920072390743542e-01 9.532442228754223201e-01 8.988159990345724326e-01 4.720421039259998786e-01 5.619865843547744433e-02 8.465435946043887716e-01 6.211136533461368847e-01 6.512667344539951886e-01 2.398482723238959391e-02 2.572400375655714555e-01 4.191752570582520931e-01 2.559733448696414060e-01 8.661966012381889790e-01 1.582023477634437736e-01 7.517543374007369383e-01 8.536409756461946774e-01 4.652281196012191256e-01 7.618530542520444149e-01 6.654771275316555545e-01 5.307165223374192831e-01 9.445350248801341886e-01 4.052083346804996600e-01 6.120015383907537743e-01 4.989412862631307233e-01 8.284749337428056748e-01 3.058941591955108397e+00 1.055814942182263794e+00 2.418042929967856303e+00 9.779057022552693823e+00 3.330849248814398145e+00 7.611523986268423414e+00 2.255574554280593347e+01 7.170368371658907058e+00 1.726862764111989179e+01 5.028451679285588227e+01 1.551885697415889709e+01 3.830248574928771887e+01 1.040789089421802771e+02 3.196774278670007874e+01 7.924854423014761551e+01 2.124537499445176252e+02 6.478298822899519394e+01 1.616848923124994997e+02 4.268399243797318263e+02 1.305376704425851813e+02 3.249336019537142874e+02 8.559951408404236872e+02 2.616458711212625872e+02 6.516676910050908873e+02 3.815874721425859484e+00 1.940238468423778340e+00 3.214049802619272089e+00
5.012274213975735915e-01 1.558059110201519548e-01 8.916424774807096831e-01 1.648922740357761096e-01 8.645625096505071827e-02 1.684653915949242409e-01 3.286511279551069808e-01 8.058612233954989268e-01 6.965798336701822802e-01 9.483323262568613687e-01 8.050572309414463223e-01 8.226133307322430754e-01 7.478644288168173615e-01 8.638426615905713257e-01 4.957494786175880019e-01 1.135746114025653064e-01 2.302317656384867961e-01 1.046683780092477756e-01 6.666505703334693056e-01 5.398162599244039628e-01 3.321489896332374681e-01 6.635228327618238886e-01 3.018971162125425600e-01 1.783361671166546758e-01 4.410578879266844332e-01 4.350920542305470873e-01 5.478036294739850876e-01 1.013390065165593601e-01 6.898408354259878417e-01 8.612641964401280825e-01 8.809536042371461928e-01 3.430021647388196149e-01 7.267745428600950186e-01 8.396563016671649837e-01 3.518734217369114958e-01 3.354185458654449503e-01 1.113214670991103938e-01 8.299666193309741535e-01 1.479294609753198930e-01 7.076336055361600597e-01 3.912035759802882096e-01 9.130156850581295780e-01 3.867446242180375693e-01 9.325027769653788656e-01 6.271253479441155632e-01 8.213348273433228597e-01 3.160858994215934858e-01 7.546725396031600530e-01 6.561496139798121963e-01 2.770984902397607419e-01 6.968280602337205698e-01 3.909126135273555125e-02 6.747204069822818617e-01 9.233491234503860001e-01 1.988320669019258968e-01 8.008058416679454394e-01 5.974250935180834832e-01 8.893318924893419686e-01 5.295787738022117441e-01 9.659746839819294273e-03 8.681076557127158644e-01 5.031141484359955562e-01 2.714974687785031149e-01 5.423149436922733990e-01 2.506543306054709319e+00 1.442229496435246450e+00 2.153374901921759399e+00 1.131706516533548168e+01 3.506038968770007536e+00 8.631030141192455929e+00 2.538246758444930151e+01 7.851465263747896550e+00 1.935166775481488699e+01 5.457270837862297697e+01 1.691373068167163396e+01 4.161822245112551144e+01 1.126146437266852018e+02 3.484012708643913925e+01 8.592844344117165178e+01 2.295083391894955867e+02 7.053636300374472512e+01 1.749022546383987731e+02 4.620075449873452840e+02 1.414224470145101122e+02 3.518593944209665665e+02 9.258277348006802185e+02 2.826666718507416931e+02 7.047576235516719407e+02 5.134095214699156529e+00 1.790494133375712060e+00 3.964766260306924028e+00
1.682206326154296328e-01 6.630861894646227217e-01 1.923787779209619186e-01 9.396842485217085095e-01 2.820710529416159407e-01 5.298602108432718394e-01 5.428761232895545907e-01 1.469043797291558207e-02 3.125607034921594751e-01 3.229005060846953379e-01 3.123274440293573040e-01 9.260717284879060873e-02 4.432610645010600647e-01 1.199406888822801553e-01 4.160503068793699466e-01 4.235433978148499534e-01 8.786987445816282216e-01 3.727434122529079685e-01 7.908150195484444644e-01 7.446223645486202969e-01 5.195200526552608000e-01 1.212444654541164901e-01 9.244972519947245448e-01 8.097365889132384087e-01 6.988473768820125942e-01 4.212580762486617392e-01 6.382087440459485173e-01 2.177628116046633755e-01 2.787150843665201494e-01 3.754681864207322084e-01 9.197157194478887687e-01 3.866581400772486354e-01 4.388824554475252437e-01 4.841670218928254554e-01 4.297613968252333994e-02 1.904400810289379464e-01 7.123669579190681223e-01 7.527178605503577202e-01 6.641846418188985801e-01 1.900582864163680163e-02 1.930276513154425277e-01 6.578918990294482239e-01 9.025791087716328320e-01 9.636625065009698510e-01 3.621534271132228477e-01 6.030330024587362558e-01 2.656809900518377621e-01 5.581025733003187606e-01 1.033280332664888723e-01 3.015865485396529433e-01 7.773030924819003262e-01 9.097033493856842012e-01 3.881276928517058966e-01 3.995979538867799885e-01 1.311401216478520482e-01 7.738274582996632622e-01 4.448927251998823218e-01 5.535798030037150097e-01 7.933405128774334569e-01 4.344885333757608770e-01 3.238341197351450873e-01 4.173474580578637738e-01 3.049279134037700123e-01 2.870036255859645946e-01 3.042677785699962723e+00 9.516568399414508939e-01 2.292093643744583353e+00 8.124232704447994280e+00 2.848728202255674802e+00 6.319075922808183421e+00 2.120343535951548475e+01 7.216534736604761413e+00 1.636945878199293247e+01 4.691980142448527147e+01 1.468163152088946077e+01 3.579030735019747311e+01 9.714660097026562369e+01 2.961655453133728955e+01 7.392443827339650397e+01 1.975284836226895777e+02 6.065173687911849498e+01 1.504815695415861114e+02 3.973804432319548141e+02 1.217640437700641343e+02 3.026485622664728226e+02 7.965455661282757092e+02 2.430748415804158071e+02 6.062499951040654196e+02 3.191416459007406559e+00 1.190879833877121374e+00 2.430325473994131791e+00
1.683795787854569515e-01 8.097145074898312034e-01 1.667329398058534640e-01 5.959903298597100108e-01 4.636696797352777288e-01 1.019184821057558255e-01 3.820751677685629843e-01 7.501319506089653144e-01 1.051380743878576052e-01 6.636795128525732057e-01 4.674119971715383626e-01 8.493256612502895209e-01 7.713881830335785894e-01 5.604108859090515260e-01 8.770646311120704475e-01 7.207775884571276936e-01 2.406089083577644949e-01 7.968257317087905633e-01 5.448456271613449919e-01 3.934210896173788718e-01 2.549972777019758885e-01 1.457263653952834970e-01 3.882352965843862691e-01 7.913455811582725818e-02 1.696987826891054318e-01 2.518031366289155137e-01 8.798339589518100468e-01 7.600954899246383789e-01 2.151360004584549346e-01 1.589714941400539594e-01 3.353684398585994320e-01 3.349757796081542782e-02 5.542702584626114648e-01 7.441068058119914008e-01 6.275658109336286206e-01 4.198942353113072068e-01 2.457884064667359425e-01 8.513311910583638564e-01 3.244711444089183328e-01 9.997071317796878409e-01 2.529202822509617476e-01 5.015965963368189673e-01 3.262939976585451651e-01 5.502590681406825945e-01 7.568858103040350116e-01 3.567841154557757077e-01 1.201291149468437514e-01 9.239942179547563361e-01 2.821806954591458139e-01 7.279333581338243153e-02 8.341123889745727382e-04 5.461471941743907266e-01 9.075461478527857562e-01 3.815332488111488063e-01 5.460083496948371362e-01 3.298631094583863721e-01 7.889478476055391543e-01 6.727406437330666344e-01 8.087889931842865421e-01 6.130631598608103916e-01 2.131249177655630822e-01 8.951942127027323615e-02 3.346316031227428711e-01 7.125979868141110174e-01 2.586996395590322351e+00 1.429831568936520192e+00 2.218066001401576504e+00 1.005219188472321257e+01 3.688971127820221518e+00 7.859686253753603857e+00 2.369473306805129909e+01 7.317886734609215793e+00 1.803753598763311317e+01 5.011175143432824086e+01 1.533602652739024386e+01 3.811346210120681377e+01 1.037274099186138301e+02 3.238601203275957374e+01 7.925262743133630750e+01 2.107546464485993738e+02 6.497721803518282968e+01 1.607057980909906973e+02 4.238284661027619222e+02 1.294965707977076761e+02 3.226449937156668852e+02 8.492223570013530889e+02 2.595227828941462462e+02 6.464817511086125705e+02 2.412919464286230387e+00 1.041920478633219238e+00 1.933336127696263507e+00
8.930499195736985030e-01 9.413779210084519677e-01 6.542735084360129516e-01 6.246974433223955181e-01 5.714281701149076520e-01 7.648916930047913176e-01 9.667229754999719926e-01 8.574535930885740509e-02 8.758930158030895363e-01 8.761108462134793440e-01 6.197466283279740029e-02 7.408467511067459155e-01 2.899359282521120074e-01 7.141276485564809207e-01 8.604530260695014698e-01 3.996786225021307093e-01 6.204033554982044674e-01 3.243753209957234152e-02 5.555543486053975410e-01 9.912821662242353726e-01 2.402345601026952826e-01 7.092758491321963232e-01 8.077360954714041252e-01 3.193281488109127597e-01 4.203648627872121901e-01 5.134316030439209921e-01 4.160316603222962151e-01 9.209874855430971730e-01 1.512278078913379398e-01 2.480972024829810607e-01 9.751889892574459040e-01 9.598248387573549145e-02 7.911487304080765393e-01 5.248805379190466525e-01 5.631611668882431365e-01 1.232749045587056003e-02 8.043114849440788916e-01 9.931273183660271897e-01 2.889961159195348905e-01 6.504549625052779005e-01 7.069758275440468642e-01 7.969883671843180917e-02 2.316573462630828750e-01 7.196012610651898456e-01 8.260153622199343237e-01 3.843593541142037440e-01 1.110638418913650893e-01 6.157115436101995298e-01 5.494213448824267765e-01 9.972915045242557452e-01 6.907535999658223069e-01 8.549861401706235764e-01 1.942075172262439642e-01 4.930503737433785671e-01 4.039675244459863812e-01 9.887536724308739755e-01 8.464105933852252850e-01 5.437277296305986773e-02 5.196599361605449552e-01 5.158845094608552895e-01 5.274622723710170602e-01 1.641094755879280997e-01 9.603148993016009660e-01 9.122042406756694088e-01 5.390875208669967833e+00 1.737847487619200937e+00 4.096319389556174251e+00 1.515919049257634832e+01 4.969986058764728654e+00 1.163769435635500749e+01 3.450194288524739505e+01 1.080585039079258181e+01 2.630869447269968475e+01 7.262854191142056948e+01 2.231422141560712191e+01 5.524639441386876371e+01 1.490485325991497518e+02 4.588449816149679350e+01 1.136495700694966899e+02 3.009948155459411510e+02 9.223560445341681202e+01 2.292803272971689807e+02 6.050430746750330400e+02 1.852707632256563102e+02 4.607458602891081227e+02 1.211172658445147590e+03 3.700912226955214805e+02 9.219764103028808222e+02 4.175165215747319358e+00 1.708078314684144949e+00 3.343732480291216280e+00
3.756739241061567425e-01 4.889236240392411670e-01 5.513567596564694639e-01 7.717433096923713709e-01 9.705376350571286448e-01 9.836399805572393351e-01 8.091303762169256286e-01 1.234112769708739510e-02 2.789475851134255446e-01 3.615701635406365355e-02 7.662193118188886931e-01 3.036499662691878321e-01 4.495867669697550806e-01 9.091954528286116943e-02 6.328804500974688496e-01 5.171334503553550732e-01 7.219473751648108895e-03 1.461174909755430518e-01 2.401100695170049759e-01 6.312978808149493082e-01 9.744565816973591588e-01 3.097375386598472113e-01 9.345445719300973231e-01 9.461445668582729729e-01 7.458998720277857375e-01 2.458038187256617046e-02 9.938933726967631443e-01 7.883047266425191602e-03 2.344179499453993287e-01 4.726185725506784063e-01 5.556149055247640023e-01 2.528277501693482199e-01 4.340908745226539356e-01 9.980310564095863368e-01 5.541878784854670226e-02 4.198937467171500737e-01 8.605092447040902925e-01 1.666532911128004724e-01 2.422217995060116369e-02 8.364003939204253113e-01 6.305977235036719364e-02 3.156984132475323390e-01 3.028414897412685658e-01 2.780711093606310635e-01 1.142986181592714479e-01 8.213883069241179058e-01 7.441408275578954568e-01 2.662903758487069616e-01 4.273837102936859367e-01 1.085090150912360052e-02 2.244039033872315958e-01 9.691092925548745463e-01 6.207250592102653286e-01 6.542644252862213072e-01 9.853982424807945506e-01 1.802681735215552195e-01 1.668821857235338602e-01 9.424277670310549082e-01 3.513304745160685805e-01 9.832985082456928705e-01 4.871202036898669707e-01 4.212204985862076922e-01 1.354580049511147077e-01 4.446472629586752934e-01 4.659247042870494404e+00 1.411042621052818191e+00 3.526539301317340502e+00 1.184170866140389045e+01 4.090945323705233783e+00 9.157531456923232227e+00 2.717012083339782436e+01 9.117858266226026132e+00 2.097153238591157631e+01 5.860920890960987606e+01 1.808596448424705372e+01 4.464865296380565951e+01 1.201559948676338365e+02 3.728711464157107969e+01 9.175344742302058876e+01 2.429079516983590565e+02 7.427253345042579724e+01 1.848989112206209313e+02 4.881654424254789433e+02 1.490218128102715696e+02 3.715131806559259076e+02 9.768811020778847478e+02 2.981669916507577227e+02 7.435549108679401797e+02 3.992335643173852144e+00 1.634140020622217193e+00 3.244813629517378839e+00
9.028823906913578945e-01 5.391782528717115053e-01 6.659557716392778826e-01 8.027925978001080320e-01 1.593928241721548345e-01 9.206876682992605199e-01 2.561376399069077436e-01 2.967568973639633789e-01 3.643065057097861770e-01 3.939742448947677333e-01 4.163858322098181741e-01 6.413439646446232878e-01 9.804267879350043735e-01 9.350064015583869903e-02 7.980201243584373882e-01 8.166415184270572336e-01 9.867510897583124940e-01 6.857102589496228973e-01 5.339430277122838575e-01 2.260568980948158835e-01 7.855195552457563402e-01 8.788952512450722843e-01 9.865194217932813370e-01 1.655845853256801004e-01 4.344778693262947300e-01 4.581342175607127087e-01 6.447019128118478548e-01 1.284215660661341962e-01 6.969737154068229579e-01 9.075552180957271453e-01 5.387745638874473775e-01 8.709272254190157936e-01 4.001563440655524495e-01 3.887340578414958392e-01 8.218876503533725231e-01 4.979067701507168264e-01 9.343213073679299541e-01 1.119497080189251204e-01 9.189566965145945510e-02 3.818288806171253880e-01 9.617615210584322671e-01 6.010048475656759592e-01 3.251586453101944496e-01 7.959673206880361063e-01 5.553559251391934071e-01 2.957478461195951480e-01 2.094518417087172235e-01 9.093346689844897801e-01 1.194247347121396574e-01 9.576859332211649090e-01 3.790937348111458327e-01 1.666689700674794938e-01 8.797748821653630369e-01 3.312341437054201476e-01 5.844085794547004831e-01 2.363153338001651171e-01 3.630450986265753022e-01 8.442598618741670169e-01 8.255910495998569631e-01 4.119023547248840122e-01 4.145463330695331461e-02 7.339905215127665583e-01 4.721083725808422615e-01 5.864626175301347333e-01 4.328282216596508469e+00 1.501617802750996766e+00 3.368653301494041408e+00 1.248455239134245076e+01 4.541965616417528828e+00 9.765305738496168786e+00 3.103279893609549944e+01 9.601749488282367295e+00 2.364417412162424981e+01 6.578932120809926687e+01 2.072108185892919252e+01 5.034494958890943650e+01 1.355512234020574738e+02 4.162880344786866260e+01 1.032951799336527756e+02 2.746535051751263836e+02 8.446859883650128609e+01 2.093234474278168307e+02 5.519876818426871523e+02 1.684971148232334031e+02 4.201439134268550220e+02 1.104520566504872704e+03 3.372022240009088705e+02 8.407037505136718210e+02 3.392978775019473758e+00 1.791879275965125862e+00 2.895914428014624509e+00
2.996157449395087102e-02 4.594774075623984100e-01 4.097216255318697486e-01 2.519446601636544658e-01 3.728262605418197762e-01 1.764246009188793485e-01 8.779088091533407967e-01 9.490715594484089301e-02 6.185592108807962397e-01 9.693407330756598217e-02 1.692244529096086358e-01 1.929432952665710577e-02 4.568310589947829348e-01 7.732490744916050707e-01 1.324469738547824349e-01 4.304213337585843790e-01 4.804948868851450783e-01 3.277678398376683289e-01 5.860410812564192939e-01 1.235752959858404942e-02 2.239531792835962598e-01 6.232207673926748459e-02 3.036279731910579427e-01 8.895380682218139157e-01 1.583896210631350332e-01 2.805885654145936492e-01 2.639312365999565424e-01 1.888984904600932158e-02 1.606101802985773208e-01 9.743782882872719098e-01 3.435229003912438905e-01 8.634835610052151722e-01 8.356255461185239097e-01 9.959983501632511116e-01 7.820324850574023046e-02 3.558762952180513084e-01 7.208145899183145966e-01 7.083490802129246422e-01 2.234250393935224288e-01 5.661766015186555645e-01 5.279268694630659953e-01 1.488497537943681559e-01 7.706981208385010884e-01 1.265248704476132913e-01 3.352635462349762285e-03 1.667729179473571577e-01 7.898620223485235403e-01 7.158180948712412617e-01 1.834625807365709571e-01 4.871171262536080349e-01 7.897137598350485455e-01 2.783098376945672969e-01 5.193363091421748790e-01 4.823419656182834636e-01 8.799324352921998882e-01 1.578213569635638081e-01 7.041798990427140525e-01 3.961870872211892269e-03 2.991035331821556564e-01 6.499364260173974284e-01 4.030893241147359696e-01 3.626736816662858853e-01 6.734728355894099572e-01 1.518761067637518503e-01 2.388181589141284977e+00 8.814972170559327580e-01 1.814991116452723707e+00 7.244296469462972787e+00 2.484241094334961542e+00 5.661405272452625148e+00 1.707804108799291498e+01 5.954975761540859835e+00 1.328661098045675359e+01 3.715204534977979023e+01 1.196318017281397239e+01 2.853994181027960764e+01 7.900093820494589636e+01 2.448605342217023662e+01 6.032708457650183931e+01 1.607831363785884662e+02 4.967579152348564264e+01 1.225506755439666904e+02 3.249459656077394243e+02 9.924129922896747757e+01 2.472947126256212016e+02 6.511608479974165675e+02 1.986876993180520969e+02 4.955572231468471500e+02 4.195101026090886975e+00 2.131935945084967088e+00 3.486616060481908974e+00
1.085511225332810303e-01 7.562550963797382009e-01 8.477918720038466471e-01 8.560690944831376159e-01 8.048364296421052222e-01 4.965283870526415733e-03 4.395543117287894486e-01 7.788603767232119557e-01 5.059760588411758020e-01 2.660347113232280902e-01 6.744372638086473248e-01 5.949105698138680287e-01 5.279421226617432295e-01 1.976622772659284433e-01 7.852287767196911572e-01 9.197296211545405997e-01 6.837729842417497039e-01 7.010139085986466512e-01 8.611580557527787061e-02 1.625384447397208998e-01 1.048384855845861940e-01 1.929923322423966470e-01 5.422117718237663420e-01 4.700661079951595767e-02 2.373773696719844173e-01 7.574562016546191323e-01 9.220781271533623480e-01 9.771089503408290078e-01 7.663442264693987038e-01 2.226118529241354338e-01 4.304749675952822541e-01 4.223713535377011663e-01 6.498480349475574958e-01 8.872920133076235283e-01 3.559312409431820701e-01 3.442387525100079060e-01 2.797706524796345073e-01 3.539962844169448619e-01 1.318774881920868891e-01 1.740146498868500036e-01 2.519513977675555960e-01 6.513804270205160174e-01 1.775548288355999205e-02 7.934734094738660204e-01 4.577802234195419429e-01 8.496382117203716833e-01 9.909211376579850628e-01 7.528550967527325444e-02 3.891465117404855345e-01 6.829867559999754922e-01 9.511375819574873214e-01 7.394155609484132086e-02 6.879090220913186560e-01 9.082775887609400023e-01 8.719357651981662904e-02 7.791984531924996960e-01 5.059575959240834031e-01 8.725699017996055851e-01 9.075166568076487028e-01 6.408288768150752768e-01 4.846873361037588035e-01 9.786933275198883564e-02 2.742910089296424214e-01 6.832716992528786726e-02 3.768262067413199912e+00 1.830720534335696481e+00 3.120773711152289298e+00 1.203874496313446230e+01 4.486688219838407932e+00 9.436387060814833916e+00 2.771764141846890084e+01 8.527596683431495350e+00 2.108820829306560185e+01 5.960488636628362258e+01 1.854277608504900954e+01 4.548556507846627284e+01 1.225180458277301483e+02 3.747074663094532809e+01 9.329523809781657917e+01 2.480502811819354179e+02 7.570819776327815021e+01 1.887530686040916805e+02 4.984956413503061867e+02 1.525189149446855765e+02 3.796212984531091479e+02 9.986911658222294363e+02 3.045563021326943840e+02 7.600205915535423173e+02 3.680528461797857087e+00 1.458052398357189805e+00 2.941282251086062338e+00
1.406556013646154124e-01 3.861856055609879101e-01 3.110305009090545969e-01 2.320273581324611145e-01 7.038526740555675065e-01 9.187641389819218851e-01 5.541642044215484564e-01 2.196622367597200753e-01 9.868447221361527077e-01 5.892651799010142355e-01 8.536421324529731569e-01 3.468200514281621905e-01 8.084990019807783979e-01 8.978852224530919912e-01 1.925665424651035185e-02 6.945788197166311573e-01 9.032115113904070069e-01 5.662670160496563465e-02 2.992668669623881339e-01 6.696286426620933208e-01 9.836855896007246081e-02 8.944351294680198405e-01 6.067072480304925852e-01 3.238541741664620055e-01 3.172299276258259138e-01 4.476153331690093662e-01 4.405257932937390875e-01 2.465878432211442428e-01 7.152416913108732288e-01 1.634079859466461837e-01 4.671100700195264244e-01 8.123801864305580933e-01 1.807583673300028337e-04 7.611360527542149201e-01 2.966513069369640654e-01 6.827261687480949970e-01 8.233090056818535007e-01 8.852436457659157432e-01 3.549512746672673913e-01 1.494127607520936429e-01 8.377140713710652387e-01 4.458869138973459156e-01 9.370654078479179194e-01 6.424496547617711828e-01 1.807570848370839700e-01 7.114142075716494151e-01 1.612607101027052625e-01 2.185149918403901381e-01 5.679586998972742107e-01 3.837776744575883692e-01 4.320416443056127598e-01 2.107736474187952291e-01 6.928605749263894165e-02 7.732529714093909767e-01 7.311538497013829740e-01 7.730874887947466467e-01 4.631348736147017364e-01 2.857039022926260996e-01 5.576677209680033220e-01 4.658062514322850456e-01 1.948761395939037078e-01 9.830240039237259086e-01 9.001917246312669540e-01 6.509427382456421940e-01 2.982002301664709254e+00 1.043328547033967713e+00 2.331196841374720385e+00 1.090218858316674932e+01 3.788016929977805258e+00 8.543989597997821761e+00 2.596493092271774827e+01 8.160882648096141168e+00 1.983001334366099044e+01 5.490801502018992863e+01 1.742744886713564156e+01 4.205614952782457294e+01 1.139466369060032491e+02 3.480265708739269570e+01 8.675817200034630616e+01 2.314049421466806677e+02 7.067873972665093163e+01 1.761517031667915489e+02 4.646700807038422454e+02 1.422982823841135485e+02 3.538355519234971780e+02 9.310003902849723545e+02 2.843722926079848321e+02 7.086574016172733081e+02 2.867452784675534438e+00 9.752665692697948252e-01 2.184193038916024232e+00
6.233864152900807643e-01 2.450022699766568612e-01 6.740685425403558639e-02 8.166159846636146247e-01 7.371157087178550338e-01 5.718156027812359987e-02 8.113774729468916647e-01 7.989726288877814220e-01 5.830237520521396322e-01 8.544577636120076480e-01 1.416930927723633049e-01 3.160540862446471477e-01 1.218790532646968350e-01 9.100015895545933153e-01 2.569831346916457981e-01 5.411546101264210762e-01 7.903071529906061654e-01 6.304588693245304354e-01 9.532358136467128373e-01 4.708219614275988008e-02 6.271390850909251968e-01 1.953861627445537819e-01 8.437164902700290403e-01 2.652471747674500779e-01 6.217172475427856781e-02 6.231449926847342224e-01 4.014659984013405625e-01 8.229761387095462233e-01 9.732870054385700520e-01 3.022538091507174229e-01 6.494495760265630580e-01 9.295185152771032744e-01 1.075790231223603399e-01 9.684859810115873380e-01 5.237627920550644856e-01 7.737204825312041789e-01 1.960786115230394033e-01 8.698336326964308807e-01 2.247845196681470537e-01 5.307123937046170914e-01 4.852483570507025723e-01 9.789143836237176322e-01 5.446149586084573224e-01 6.449368155027024319e-02 9.517970712554264523e-01 9.389498051979165982e-01 5.535389322705187576e-01 9.334094656160882852e-01 7.780615463556936895e-01 2.806139355998610307e-01 6.082568173503742903e-01 3.065935154334226143e-01 6.917473267019524918e-02 7.390530181386557596e-01 5.709876558353501608e-01 1.427933184172669456e-03 4.315802066330914899e-01 4.001181806974689614e-01 7.951634125743880510e-01 2.458044555623316585e-01 2.421339788214617039e-01 3.126645062513283557e-01 9.391131023493387575e-01 5.398820361543187341e-01 3.280469549108609328e+00 1.732253088941708263e+00 2.751739487848360532e+00 1.071264688014156086e+01 3.639909996643083012e+00 8.319197227341042833e+00 2.622580702960245702e+01 8.275322946104143540e+00 2.002293318789986643e+01 5.623569957792301466e+01 1.793698544824281882e+01 4.309761767192149762e+01 1.167167543042705091e+02 3.595770698038361957e+01 8.897415218234368695e+01 2.377060581958633350e+02 7.317655973822152760e+01 1.812109818305055455e+02 4.784242717000871608e+02 1.458518995429353140e+02 3.640439889972969354e+02 9.572008958248504769e+02 2.923408682551325910e+02 7.285673660944447647e+02 2.728487654625276537e+00 1.402873092869328264e+00 2.312238487799080033e+00
9.627320765540925418e-02 2.836258710255741278e-01 1.442850751526980613e-02 2.447436006651116935e-01 5.208496397719372117e-01 5.417348523116284342e-01 1.590676656179449422e-01 7.026497982614051674e-01 4.951756831627069921e-01 9.767922411354235113e-02 1.126463813180508255e-01 6.650276613056221864e-01 8.466900278331774832e-01 9.550960829716521605e-01 8.246293170350632584e-01 8.863450820936068508e-01 4.489796390905452794e-01 7.188609099960331372e-01 1.656722694750867308e-02 4.288546119482627983e-02 4.176534236121960397e-01 4.073404788759243944e-01 2.720046398650743935e-02 3.959989381474888770e-01 2.910508033391820959e-01 7.634278354602157535e-01 3.339283346271971764e-01 6.688938747063307710e-01 5.821518857341186903e-01 1.579396300632687211e-01 9.295396137180007567e-01 6.157581854791449594e-02 4.115666649974923930e-01 6.098927316279385558e-01 9.939344064205657414e-01 5.034105286992803796e-01 7.162687075962580474e-01 5.124989552755436772e-01 3.527487972843043051e-01 2.735731442420770154e-01 9.473190262998565370e-02 6.126905716070958352e-01 6.292131368918036927e-01 3.697607095786967779e-01 8.763126100949520936e-01 7.367710362320248896e-01 8.820654504952534225e-01 2.289262671870034849e-01 9.226875149645056284e-01 7.281612206499981088e-01 4.274534664286138153e-01 4.659220592589645715e-01 3.296414876877945543e-01 6.758881967335794716e-01 3.393375871062561666e-01 6.095111438572677898e-01 1.604748014400658729e-01 2.158918180136341070e-01 9.109153931328719533e-01 7.795870680222596327e-01 8.761168045980773922e-01 2.150300679952613647e-01 5.053144949826693377e-02 6.892431678717270138e-02 1.701315544269078828e+00 1.044640670891096690e+00 1.538597904748613132e+00 7.888274007729730641e+00 3.111743216270043799e+00 6.280012808128709878e+00 1.890453022723857757e+01 6.037360099918164025e+00 1.453529572732964681e+01 4.168023731560069223e+01 1.284244255766643228e+01 3.171124102422715296e+01 8.739173823928928186e+01 2.684846705252745735e+01 6.658402967356457225e+01 1.784588628077891315e+02 5.460531885347091929e+01 1.358588003482441593e+02 3.600984055014751561e+02 1.102483867179797841e+02 2.742301760428500756e+02 7.218812173057145856e+02 2.201238550477256695e+02 5.493797586368507382e+02 3.154064260387178020e+00 1.685833683231569680e+00 2.682234982648944666e+00
7.301647580348933353e-01 7.831869785882151769e-01 3.328063659517438433e-01 9.365996188550007595e-01 1.301814935133630557e-01 1.368038225855860990e-02 9.394670864011426259e-01 9.247583662985993103e-01 5.544837814875948068e-01 4.829155883645277481e-01 7.173728742337494024e-01 7.058538441427706367e-01 5.539636740443654173e-02 4.783680815958675225e-01 1.869404180553188022e-01 5.336522720325589386e-01 5.516746683800146656e-01 3.409694610128044534e-02 4.373732405887610364e-01 2.762144136932397354e-01 3.894420882215030577e-01 5.485491642009139301e-01 6.410554511518395948e-03 6.876622691667600984e-01 4.411748398044726960e-01 9.473657574056815189e-01 6.890284172433652765e-01 3.945670488454231517e-01 5.173977002973486616e-01 1.431095562112806308e-01 8.895369941381016110e-01 6.837122908963301215e-01 6.377264381295696394e-01 6.377876978991807722e-01 8.578570061245054390e-01 2.196643536799782748e-01 9.417296236205801030e-01 4.270414064637282348e-01 9.110358517445150683e-01 8.274646886118379729e-01 2.575597879973624549e-01 7.828380055788750624e-01 5.792094243801665376e-01 8.233795834947306158e-01 1.855807334625836358e-01 2.810357852595652961e-01 9.283481307724240628e-01 2.822595777076769563e-01 5.317129939120779358e-01 8.442761224054754488e-01 3.832540188782317392e-01 5.421970688238901825e-01 9.115508180706897168e-01 5.195885163689499819e-01 5.875618601320775625e-02 2.431258272962016909e-01 4.823556189887676648e-01 6.162368822874528806e-01 5.205720202282001496e-01 9.557865452771227011e-01 5.559943269913492081e-02 4.349736847935558037e-01 5.869771184895170579e-01 1.879660415625071801e-01 3.863271528098511709e+00 2.043222876677779798e+00 3.208652214090585097e+00 1.216528847450851991e+01 4.125152509801307765e+00 9.405947920439349019e+00 2.720168335503177559e+01 8.794368541074751633e+00 2.093220215675330209e+01 5.901868771694704208e+01 1.863012707184391203e+01 4.511395137929087440e+01 1.232316747682620814e+02 3.828824175693827669e+01 9.403550666521687162e+01 2.503764484670011257e+02 7.664689325056492919e+01 1.905771742699747904e+02 5.034188781052046693e+02 1.536219273883248206e+02 3.832043326319982839e+02 1.007538250927453191e+03 3.073612328036140866e+02 7.667631306960117854e+02 3.543709797903102920e+00 1.124365458492726066e+00 2.703646895827849228e+00
8.116292782609898504e-01 5.699570744070224793e-01 8.939364398559559444e-01 3.676886971821815564e-01 9.636419484680025516e-02 8.381716765901141564e-01 2.425409902174646692e-01 5.398216079749776908e-01 6.691446308779364083e-01 4.598691625809373518e-01 9.593330138673505925e-01 8.996516309361444197e-01 7.805643887576851903e-02 1.638512974727939220e-01 6.414626372114288211e-01 8.977753105404017164e-01 3.821299025656199611e-03 3.708137778595336220e-01 4.522128113869874344e-01 6.757689618044510071e-01 3.778889333786347171e-01 7.080876836934628660e-01 3.434395041607112287e-01 7.318135141615598194e-01 9.341557845495161994e-01 5.089797262164097447e-02 2.207820475547160877e-01 2.921883511042563386e-01 3.507018284854864776e-01 6.557583012035660408e-01 2.821529086885630200e-01 7.275773889139847128e-02 8.710699944705444508e-01 7.083369381242868856e-01 1.765892705529779061e-01 9.736513549692368263e-01 6.550132523870449974e-01 6.104970601486880977e-02 6.041081756192526742e-01 3.604145955503577081e-01 7.361351106733385885e-01 7.838995049961420269e-01 3.707201107248839778e-01 9.313102117941293168e-01 5.125271008545400075e-01 1.568893394996990764e-01 1.792771611534119680e-01 3.625516066523934988e-01 8.713707832762581651e-01 6.690273938473124682e-01 5.199426210229634027e-01 4.186349946420332424e-01 6.293113520817726902e-01 6.676873471912347924e-02 2.050788312225639842e-01 9.594834173498675289e-01 5.919428572994644977e-02 1.824521827049485623e-01 4.450494575713389578e-01 8.140785388808080558e-02 5.803915112619412175e-01 2.492236480007294919e-01 8.739348851061102819e-01 2.188436490327816397e-01 3.993755594693125577e+00 1.600235398577949830e+00 3.196267990657320368e+00 1.251088566422897763e+01 4.613031169008465326e+00 9.774487066167999672e+00 2.872848475679650448e+01 9.322925083424443926e+00 2.208074366221208251e+01 6.101649186364620903e+01 1.862207007634668088e+01 4.644947064549401006e+01 1.258034706130085141e+02 3.870911561420960112e+01 9.585218948303939612e+01 2.551200023878965624e+02 7.808253433363709917e+01 1.942697786927927552e+02 5.127753395222463269e+02 1.571249761175718334e+02 3.905576992383295192e+02 1.025851897490364991e+03 3.130008413103607836e+02 7.807200985342124113e+02 3.999899708701888379e+00 1.843808614465235474e+00 3.293988571219705896e+00
7.963345924018366828e-01 6.753551218281731439e-01 7.060819582164403752e-01 8.244746120017867330e-01 4.116439703063078381e-01 8.680360659862504935e-01 7.483747472152854074e-01 5.833170331281258836e-01 8.388882328282870615e-01 2.963230704801679272e-01 7.602402639680705398e-01 4.737863664461160473e-01 7.092616867141292580e-01 8.289402318436256412e-02 6.633077733383097030e-02 1.042058852351301912e-01 9.402827167884573178e-01 3.122857074809638478e-01 7.540358992668065863e-01 2.483648282850048350e-02 3.721153070085514436e-02 9.431381614489537935e-01 9.595600022668350215e-01 5.369677543248485563e-02 7.197185582734684228e-01 1.948469727405861551e-01 3.028380823264543720e-01 2.290985909041647339e-01 6.935457304947406643e-01 4.090599109044976700e-01 6.545556723236413132e-01 5.799089005219482118e-02 1.751339735082481086e-01 8.284923659574507937e-01 5.842781604730301614e-01 9.581804646270080106e-01 1.028549973044174948e-01 9.818982472936965689e-01 7.343808292869424825e-01 2.510155994981952965e-01 9.275043918751941785e-01 9.418994889436266282e-01 5.579472291735853018e-01 4.688331040878692679e-01 3.545706049415165984e-01 7.381101736002000369e-01 2.256181022025444127e-01 6.062954866959575639e-01 6.157886305974156205e-01 6.910304080787602610e-01 3.167838813302581435e-02 7.798129463570544484e-01 6.434074384892382037e-01 5.858850441730143466e-01 8.377502267407930248e-01 2.767891097238133202e-01 3.551634084111079392e-01 6.705209575087708318e-01 8.890621062123489349e-01 5.114771104104580690e-01 4.175454790644165248e-01 2.139357959479970539e-02 7.022254965306584662e-01 7.246242672479503710e-01 4.975226493262016270e+00 1.987962382919736593e+00 3.944588831890508018e+00 1.413387935386863603e+01 4.388715944566508931e+00 1.079925496364458937e+01 3.234603307173871656e+01 9.912776054068194398e+00 2.457874277546812891e+01 6.775791378041824942e+01 2.072556132134627305e+01 5.157252313779276420e+01 1.392024292258667231e+02 4.263436056544212960e+01 1.059633319164546066e+02 2.821678502964551285e+02 8.646694041564620647e+01 2.149276811618377678e+02 5.672435236431782641e+02 1.731942303052063039e+02 4.317467463060220325e+02 1.134942975082890825e+03 3.466861707399941110e+02 8.639073224674448284e+02 2.718936990677339516e+00 1.170971150010506001e+00 2.224275358711715889e+00
3.725619643812430049e-01 8.704797249948766913e-01 9.766983193792215800e-01 9.920462697749347081e-01 5.093508437983160775e-01 2.672720842035060107e-01 1.490540451449106074e-01 5.131388838773121019e-02 6.889696780512964969e-01 2.695334020024020560e-02 8.029859066346684005e-01 2.829861744350862240e-01 4.783583556994118746e-01 2.157252711597821282e-01 3.593271435595901675e-02 2.899784881344306120e-01 3.967108622761410519e-01 5.900275193289664655e-01 7.357370316730664772e-01 2.604436589096216226e-01 1.138511946463353075e-01 8.693811620069570312e-01 4.104492060406068621e-01 5.027451095905332012e-01 1.938503938886437794e-02 8.874734479098493889e-01 1.293128509774537083e-01 8.381870782433795686e-01 8.248803807961736512e-01 3.161028167822024226e-01 3.046256586002116240e-02 6.832683776599520753e-01 9.829926365827872381e-01 5.339372521594650811e-01 5.765057191053045704e-01 7.867360205538773688e-01 6.016803642160155619e-01 1.699577890524914814e-01 4.899987267047065664e-01 9.338173335895287863e-01 9.500263771990096195e-01 4.738740632922965323e-01 6.046943702301248447e-01 5.012722581939021982e-01 6.281800190958802821e-01 6.976038537865698608e-01 8.947823389167253172e-01 6.813322092339867408e-01 8.264370153184625867e-01 3.560017558798537207e-01 4.569675746633781177e-01 2.415401131736696350e-01 8.112961155352638176e-01 6.793054956954993617e-01 3.125698732708860339e-01 6.059593895033412725e-01 5.509588394737161554e-01 8.123463076374189962e-01 3.244882211921056303e-01 3.570535427192336186e-01 3.692015136403569153e-01 5.285122911962286674e-01 9.066524824599891952e-01 3.610718720592526187e-01 4.202186244383090852e+00 1.318111778595382644e+00 3.203779628080326347e+00 1.124184669427780214e+01 3.642683270691702280e+00 8.654044367308509678e+00 2.607973118367666032e+01 8.316954389697894356e+00 1.998435995217791472e+01 5.539024246995989387e+01 1.740977526501599826e+01 4.240079910417044573e+01 1.155813671988291418e+02 3.603563127079836192e+01 8.826216281765111660e+01 2.363809201646257065e+02 7.264443552064182086e+01 1.800825463678592371e+02 4.759156514231471533e+02 1.455419371720694528e+02 3.623817592723684697e+02 9.533164969172980818e+02 2.909810500758248395e+02 7.255664394457138542e+02 4.188766862356498422e+00 1.418106584707817808e+00 3.208736379259222726e+00
2.431427422413779960e-01 2.759687696316532879e-01 2.504804779944589388e-01 8.151723269234574243e-01 5.728678687978193684e-01 1.133670100854476948e-01 5.575619749788179869e-01 6.889790962645940819e-01 2.798951710895188905e-01 3.019842521633331334e-02 9.621838317223576631e-01 5.561121145343117522e-02 2.532587659534698554e-01 9.650809913814586416e-01 6.269275469583461824e-01 4.161532778160986767e-01 6.038615945212392200e-01 6.250811070859463303e-01 9.141468726769484965e-01 6.110755293993990200e-01 6.260396120336858550e-01 1.666934743748925696e-01 4.509509596412444310e-01 1.868714930978633282e-01 9.564083011590910344e-01 3.096944167648595370e-01 8.112312768298242105e-01 3.977658771284656725e-01 4.895753379390000992e-01 4.393034950432136432e-01 8.378802734924655216e-01 5.439257700792357042e-01 9.596918658901790744e-01 7.913532119068714676e-01 1.915426380475926393e-03 7.052337379049327115e-01 2.218535223906573650e-01 9.577286817452324019e-01 9.720982297532955174e-01 7.955331616814688145e-01 8.059882949781591588e-01 3.967548616009256568e-01 8.057254408161562687e-01 7.954355511076427465e-01 2.835405167080891076e-01 4.917783913090784109e-01 7.154663582510474296e-01 3.208136621330490712e-01 3.259329958240301250e-01 3.221034196656447079e-01 7.649959373249860528e-01 7.036467110246834578e-01 3.648927663638811270e-01 4.833244971870320761e-01 5.106556870843349527e-01 7.295964871353798342e-01 2.737553202474146685e-01 5.398218246192151293e-01 2.749807490439653002e-01 5.354694908627388727e-02 2.544097811411285548e-01 9.584236980385913984e-01 8.696032633396175715e-01 9.110057451586870414e-01 2.686010768270354898e+00 1.431483613509213049e+00 2.260722140305877037e+00 9.304795445529292053e+00 3.143604614596275493e+00 7.173333712609831103e+00 2.311843356724286025e+01 7.232396878656571992e+00 1.764006113284034782e+01 5.073324730678093175e+01 1.595536577894527497e+01 3.875647224347509479e+01 1.062783382309676767e+02 3.306000983393304438e+01 8.110304663597356978e+01 2.171790765700325778e+02 6.651035615576375903e+01 1.653358617360142375e+02 4.368009645025194345e+02 1.337767176398722313e+02 3.326179821937980137e+02 8.747292846006184845e+02 2.674185376947171449e+02 6.659377776714408128e+02 3.440459364524461883e+00 1.667614611995412943e+00 2.884878001063287734e+00
2.786711291139043478e-01 2.878275545283914827e-01 1.041078792776917172e-02 5.237988739100535307e-01 8.729099397889721335e-01 6.680561567277397694e-01 4.110759363119689258e-01 3.920000807809878030e-01 6.573019415030172397e-01 2.978276765220568834e-01 3.132356133871718740e-01 4.020946059517206406e-01 5.843946827400843258e-01 2.517700247019943882e-01 3.603724426905818845e-02 5.367879563478126226e-01 2.772372527719707547e-01 9.291702303473302615e-01 2.592108747376197231e-01 4.804919269189750208e-01 7.313275339719453871e-01 8.587917516026268849e-01 2.238117747891869014e-01 5.269224362378897020e-01 5.279425302085928307e-01 1.770236467653513168e-01 4.613587947200359363e-02 5.550709875734824994e-01 1.178055461360782985e-01 2.652369369984399761e-01 3.600089617291548638e-01 6.262747942700926940e-01 1.419312908257610584e-01 5.529275796428876344e-01 9.408708612804203009e-01 1.847239731667305040e-01 2.105148552988833632e-01 7.891967571923418356e-01 3.875434580446147637e-01 4.154319637687757805e-01 6.655172443550297912e-01 1.604088806745497253e-01 1.513580243544774273e-01 9.574324742437635427e-01 4.830748845148432613e-01 3.864557850576025855e-01 4.326759379852324061e-01 3.378561981571691630e-01 3.678525101496075145e-01 7.117045721141044279e-01 2.508135722754388786e-01 4.943181615986385058e-01 6.297135583751334309e-03 7.544747880123270356e-01 9.114644729456399252e-01 6.035595642817193074e-03 7.101947663588815685e-01 4.272731519644975551e-01 3.493742917166291484e-01 3.453600515203237853e-01 3.271884636097754928e-02 7.963590301517273762e-01 4.393821503454754529e-01 1.092733944143717828e-01 2.826652041978773511e+00 1.147089307797145130e+00 2.288423690158959189e+00 8.783974139099118617e+00 3.087766006224934134e+00 6.879771121017138391e+00 2.173489280265818735e+01 6.982133776855403262e+00 1.672469575585875035e+01 4.593350482496897058e+01 1.453116641948330745e+01 3.515011306670689351e+01 9.547692831177781159e+01 2.940828073743172766e+01 7.276390635371348026e+01 1.939715554961919395e+02 5.942517129708732426e+01 1.477113615454461240e+02 3.904009728916981885e+02 1.190571149959539952e+02 2.970461128664265402e+02 7.814900426512748481e+02 2.383167848776813003e+02 5.947236239115524086e+02 2.966766390187848934e+00 1.262372434249928510e+00 2.415413250274131229e+00
7.627616013312948917e-01 2.823472374861052403e-01 6.599451685947675950e-01 9.689558045463395608e-01 1.422391872312790406e-01 5.238454100669638347e-01 7.934139187965898454e-01 7.586319798614274967e-01 8.512475576855341730e-01 4.251413056987792816e-01 5.559474308081342464e-01 1.813689872395413127e-01 7.570918603195661012e-01 8.933328049943931592e-01 6.022205133113329723e-01 9.404727107414401210e-02 4.568111440174981164e-01 9.952073312206621836e-01 8.509481474747934149e-01 7.402841321755685433e-01 4.462774202875021690e-01 4.638334537289001691e-01 5.292095011430071327e-01 2.312892373823342007e-01 6.620852970467765441e-01 5.228474719097180312e-01 4.918075096009419944e-01 3.646030130606081610e-02 8.514736756512821803e-01 9.214171792693738317e-01 2.372347030430629333e-01 3.366255285027611732e-01 6.376451390423721888e-01 8.399508878945667334e-01 2.736711125697408598e-01 7.559663934032125887e-01 1.073692335101471551e-01 5.418074773222523177e-01 6.251663890881862251e-01 4.304455292797531030e-01 7.087631916621175421e-01 1.244061634589096466e-01 9.926865984858823655e-02 9.102696833187545744e-01 4.217734672250358363e-01 4.826731224905181916e-01 7.840272118153704950e-01 3.742152372456583054e-01 5.855926495061123394e-01 8.416613407570172622e-02 5.082095367528556284e-01 2.731282594048706214e-01 1.006029800667463947e-01 7.823684265593255915e-01 7.596342791816446116e-02 3.222393783235260045e-01 8.097318289697034155e-01 5.113566844889847474e-01 6.812547678870016776e-01 7.490576238062829351e-01 2.676700993783194260e-01 4.352564041645754500e-01 1.053136629034787664e-01 9.110707783680858096e-01 4.105664936648264707e+00 1.914759729204542626e+00 3.328946772405059207e+00 1.341144686757873039e+01 4.127932588193587549e+00 1.022249112514741931e+01 3.127168671841955572e+01 9.735310107046450057e+00 2.385035335072720031e+01 6.639902027419043407e+01 2.043201505158262776e+01 5.065372755180062114e+01 1.364200790930695462e+02 4.196130503100535947e+01 1.039300190568510658e+02 2.759024309935542760e+02 8.446281780346266999e+01 2.100549014688487546e+02 5.530507143466566049e+02 1.688049107729138996e+02 4.209646290626654377e+02 1.106729636027299193e+03 3.381314949883530971e+02 8.425224181219527964e+02 4.784920477255274029e+00 1.809109109027639661e+00 3.811350377242471943e+00
6.751105970370424592e-01 8.366832973221286496e-01 6.303616497542381403e-01 5.314555069852313629e-01 5.416081151046661102e-01 8.102637924220769117e-01 4.550885433228966104e-01 7.236663788377950546e-01 4.235433758167217455e-01 5.324599476711437962e-01 6.030291528780812316e-01 4.089293679023279227e-01 1.806202799790577185e-01 3.760640826829626526e-01 9.915101891583844029e-01 8.806833370931992366e-01 2.595191831062922949e-01 5.849812226699195872e-01 8.170018013130725398e-01 7.208016901227257689e-01 7.737844125254256245e-02 3.846009539501079599e-01 1.153590741881861392e-01 9.980796206050621677e-01 2.134800956095999069e-01 9.275573951664450867e-02 6.332595254660650097e-01 6.378053695016521196e-01 6.723746769847073201e-01 9.133232848167494033e-01 6.878972219311780822e-01 2.819650600895188264e-01 5.364421672844702504e-01 7.187324372759831270e-01 8.754446589463439343e-01 8.088976980740353318e-01 7.827587893650715944e-01 3.582132819035334093e-01 3.920113875713426843e-01 8.156213172602315709e-01 4.089491918809446958e-01 6.639699948336946767e-01 9.581464070173066894e-01 5.461322115197601024e-01 1.290528174574174791e-01 2.491667286037134721e-01 6.838886068854684863e-01 8.143122440408909757e-01 3.039614890695586658e-01 6.634566431880131177e-01 4.701920585449287371e-01 9.726238815537656679e-01 1.564101674180848889e-01 2.963117951822128449e-01 4.113990575306080144e-01 6.568580468142652951e-01 6.089463291056611549e-01 7.816662242487695256e-01 7.722802667941717214e-01 1.158128438136030169e-02 7.463641275998352809e-01 2.823992856784607319e-01 2.271676370914196275e-01 7.623848112775122310e-02 4.485081743343423355e+00 1.919082007628575282e+00 3.643119110694145846e+00 1.318257324210365944e+01 4.809923961335984544e+00 1.027665979574767974e+01 3.036260165479443174e+01 1.005335768204128044e+01 2.341294227186493515e+01 6.526845548590702606e+01 2.010860813700346839e+01 4.972780880396376801e+01 1.349455220002771512e+02 4.181078466076775868e+01 1.029589555400080201e+02 2.737118378662670466e+02 8.416902330831584322e+01 2.085227733403765171e+02 5.499058332338969421e+02 1.682155015203622952e+02 4.186673295706373210e+02 1.100863995331443448e+03 3.356741506251256624e+02 8.377949405008698704e+02 3.848273096327973430e+00 1.604012973870214687e+00 3.044612663624111537e+00
6.288956537311606310e-01 3.036764502203957994e-01 9.132356002778238002e-01 6.880978780074590295e-01 6.897885362647840912e-01 7.617982683765491814e-01 9.708033229664404518e-01 1.538976235364211131e-01 1.953876290887046618e-02 2.700657243264665830e-01 2.861136187988477797e-01 8.356066352280916432e-01 7.698287933182301757e-01 3.400402766441590341e-01 3.633757752285997622e-01 3.254188365852751508e-01 1.370635619313718134e-01 9.423138237444546039e-01 4.951542867928464542e-01 2.890909835101607150e-02 5.892184299675176096e-01 7.804995972406769678e-01 4.292030528284762614e-01 7.546189424444332827e-01 1.250065888110943879e-01 9.399254644684323923e-01 6.062632227535736940e-01 5.805227563008126257e-01 1.720880792513238555e-01 2.384807120185035156e-01 2.233412668786067812e-01 1.129119416125030639e-01 8.152637695217783698e-01 6.615148232820189378e-02 9.537988691289974730e-01 1.027008616071752867e-01 6.284107359275287186e-01 6.298422423335446885e-01 6.281127725090231984e-01 2.265710139934471457e-01 1.664667581891543513e-01 6.066801750535778526e-01 3.965939656778688649e-01 6.325464185748479462e-01 9.288490031948719583e-01 8.506712599538936992e-01 8.331768796500921281e-01 7.994296221533607749e-01 7.113605942540012217e-01 2.040094257822061552e-01 2.548196734004211095e-01 2.123109730277347174e-01 2.028693649407188326e-01 6.437248610637932300e-01 3.114600309652335586e-01 5.311980156322665403e-01 9.317852791256403533e-01 3.632468718801273866e-01 8.434670992499117004e-01 1.636665411529638625e-01 2.229916177312907255e-01 4.362845935543199216e-01 7.558103362306733963e-01 6.852759656586255854e-01 4.853284873418408196e+00 1.632130895545964577e+00 3.701563062964158490e+00 1.249672073512835446e+01 4.078797564087515148e+00 9.612224835609696427e+00 2.857147516914881891e+01 9.279713252514985911e+00 2.199046046297822343e+01 6.067268157891374614e+01 1.859505212300388877e+01 4.619177751597258919e+01 1.250814216364411777e+02 3.831519024583990785e+01 9.524009899893469822e+01 2.537038575138834062e+02 7.799483870639406291e+01 1.933173117283222666e+02 5.093847940525033664e+02 1.556988323989281469e+02 3.878069759885365784e+02 1.020135052296677031e+03 3.116120468096672198e+02 7.765193751154610027e+02 3.057726207345068836e+00 1.166553806161665374e+00 2.428280558895094643e+00
1.001355434799980904e-01 4.060026500141219463e-01 3.806814669548753693e-01 1.792323186061006712e-01 8.710300963862244172e-01 6.324364524060666071e-02 5.802699282979764117e-01 1.902703689486036076e-01 8.980992209632352452e-01 6.798255800302300811e-01 1.432845351331601957e-01 9.529931508610520741e-01 7.488323728012923342e-01 2.083235375571845793e-01 9.084062574390203704e-01 1.959839092174322506e-01 9.007491370310943823e-01 9.208552038264605777e-01 1.638114755523047972e-01 1.711200681235958143e-02 9.562587126532976489e-01 1.454310650678947159e-01 4.107927326675736568e-01 3.604262655007838267e-01 1.267548901658740457e-01 9.639042029324682570e-01 4.778886371391528609e-01 8.754829223059457100e-02 5.868311452065019251e-01 7.754909701015068046e-01 7.283985004681979847e-01 3.766303675097090187e-01 6.522415532983026898e-01 8.129555877210189463e-01 9.103157317520800262e-01 2.808671109525811005e-01 9.890334725486221723e-01 2.069861132363931544e-01 8.531833166458014928e-01 4.886134946813015523e-01 3.390048892307300221e-01 8.609115208352235982e-02 1.780360002669973962e-01 3.967799782150073229e-01 2.805002621139497387e-01 1.085353882373468748e-01 5.571234542583098914e-01 7.676208148712005963e-01 5.815627096279251118e-01 3.722390402551809530e-01 3.465657257223214716e-01 6.892892799054278763e-01 1.864792058409346920e-01 2.297692060594531682e-01 5.528269610546705515e-01 3.585557565019255044e-01 7.063048756155070329e-01 8.274458789447439733e-01 1.229044195593466116e-01 6.901054964677815207e-01 7.871903788596755769e-01 1.494794708538722539e-01 2.819446087479082763e-02 3.197418446750188714e-01 2.496789760166705729e+00 9.611566966222075958e-01 1.964470870527590174e+00 9.763770444733758325e+00 3.213711585324023012e+00 7.477397062531173866e+00 2.351414514477257001e+01 7.473136130585579906e+00 1.804030653009259666e+01 5.088146084989926976e+01 1.580823451418465098e+01 3.882767840839091633e+01 1.066866011128070966e+02 3.298429449290744486e+01 8.133963635602947306e+01 2.152498838677394417e+02 6.630157258022026667e+01 1.640410978081262101e+02 4.330911432921538449e+02 1.323761603207545647e+02 3.296726073446606620e+02 8.674012746138980674e+02 2.646931666129032692e+02 6.602280674750254548e+02 4.274873237530593784e+00 1.994110951058071013e+00 3.564913407748382834e+00
4.696076378067925994e-02 1.429791902117960589e-01 2.958367914932269471e-01 1.648152880967013179e-01 8.704006383354829790e-01 4.457495158787132539e-01 3.074048188806819404e-01 1.365461609186422454e-01 1.742120748001901864e-01 1.559404107448041366e-01 7.517056549343881233e-01 7.916821057431630004e-01 5.319715282506439769e-01 8.759615145671800773e-01 1.258335087063986446e-01 4.023697116718331079e-01 6.573494202063219216e-01 2.386978785773958833e-01 9.802891715420650742e-01 9.446612584499937126e-01 9.139098849724889284e-01 2.007012030572630223e-04 4.893042843881332260e-01 7.672505824057070933e-01 6.192866059501803688e-01 7.377918734288594349e-01 3.695134178796056768e-01 7.801250392458978222e-01 6.790236984624707928e-01 4.987317932031742895e-01 6.132662962569707110e-01 7.362355621689021801e-01 2.484886001543743506e-01 3.923191359918530852e-01 3.953295472329024784e-01 4.755058647162025975e-01 6.365314402577604280e-02 3.826250991437188942e-01 1.511275256080263363e-01 4.832248067817318526e-01 1.069057753464263127e-01 7.104987144928965881e-01 5.530721905676301287e-01 8.027875921447997776e-01 9.328830374915073609e-01 2.243255314723074934e-01 3.585641826102863305e-01 4.652734980549642074e-01 4.215665797589163155e-01 7.141741344483087950e-02 4.683685330941952385e-01 6.384818789588319055e-01 1.117581968001212234e-01 5.110827434499291000e-01 7.186629321846553786e-01 2.544944892010859716e-01 4.160768946391552037e-01 3.069410307939415272e-01 2.759229735589907584e-01 4.209864838776200546e-02 4.754301824115003683e-01 4.939500356061070629e-01 5.850293383499588495e-01 9.851307245761866671e-01 2.129817959195818844e+00 7.351738098441628066e-01 1.674882962416710752e+00 7.641833700652753691e+00 2.583582105656607730e+00 5.935706037343788211e+00 1.999560612759584899e+01 6.775384409050701606e+00 1.546399703187238472e+01 4.506697994343735303e+01 1.435353791977231985e+01 3.452720040799120937e+01 9.282693939618204126e+01 2.867741243980588806e+01 7.078479389041436320e+01 1.891843385723299207e+02 5.806882071030364045e+01 1.441270052176896854e+02 3.805871990846008543e+02 1.162744994421616980e+02 2.896662295872902746e+02 7.616726064311285427e+02 2.330240130325221344e+02 5.799521257871931539e+02 4.292244251264921928e+00 1.850023001963134961e+00 3.502989502311688153e+00
3.703959301361808842e-01 4.787117139222928364e-01 5.877745673825255368e-01 9.290966484920281099e-01 5.605222261383946414e-01 2.647196635597015568e-01 8.390490485766659567e-01 5.826359846898364614e-01 8.664801617749574580e-01 2.685171117323273959e-01 2.194195663597606760e-01 5.238403496070908050e-01 4.073611574887785469e-01 4.202651893850487541e-01 2.923809936949710586e-01 4.860977565699107217e-01 4.341205885919684482e-01 1.163873839177753666e-02 3.473937338669936814e-01 5.202144486978951265e-01 9.612812884726428253e-01 7.625137591064964360e-01 3.995123116465663093e-01 4.438376887683643801e-01 2.861652261500635674e-02 3.148621776297411134e-02 8.927649651936161446e-01 2.899939407645881762e-01 9.672061594715418709e-01 2.193582986439079896e-02 8.263373786510569419e-01 4.340871685475414798e-01 1.100562413429686526e-01 5.305471798787320115e-02 3.170819262853237230e-01 1.351643756978375688e-01 1.051767911147138967e-02 8.078169587102537186e-01 6.013466504150034586e-01 6.046088598420347182e-01 5.656944197721788248e-01 8.769489291064961334e-01 4.468929626302775571e-01 2.747892281427033456e-02 8.284795974226963899e-01 4.933077174513577079e-01 8.964977963748286260e-01 5.973049174118905125e-02 6.041093682706628609e-01 3.088102635521227102e-01 1.586759857943736973e-01 2.914722194873028416e-01 9.632396610535056691e-01 2.138355565528271551e-01 8.666036331670358139e-01 5.951741180279739307e-01 9.914021332147333609e-01 6.223184643479758860e-01 6.076449425329003562e-01 8.264492864495953661e-02 2.201738517878731871e-01 3.850232825159831673e-01 4.136013960468203354e-01 9.736658021608290969e-01 3.884389771742042363e+00 1.728066818886480727e+00 3.117106670485547237e+00 1.161074364389336466e+01 3.923960553897744230e+00 8.991585030404600332e+00 2.701523919390144357e+01 8.553204002146090446e+00 2.070746041911968760e+01 5.731299259428597281e+01 1.790677362937129757e+01 4.373971108769396210e+01 1.166657170125377263e+02 3.604575195131650389e+01 8.894259340808226000e+01 2.373838561982148576e+02 7.245386198814313161e+01 1.806552155548992005e+02 4.767550821052763581e+02 1.458963466389621999e+02 3.630074648477855703e+02 9.549560500418615447e+02 2.919400324374136062e+02 7.270374664328169274e+02 4.230302676400984119e+00 2.093305259158898757e+00 3.488333511053641978e+00
2.522675228703573636e-01 8.601252372666239321e-01 2.009406461881063644e-01 1.184366100682039402e-01 9.622005239148739841e-01 9.110350979481284250e-01 9.850639969515517791e-03 3.789624835869084274e-01 7.661725979891810256e-01 2.393722755304539263e-02 4.882092297773876766e-02 7.857205986388493546e-01 9.864613997651380251e-01 9.429138040048449243e-01 1.800244649430156052e-01 1.070956394942572665e-01 6.849362972800380200e-01 4.895880493215204465e-01 7.447175763736790799e-02 6.695493447462378400e-01 1.876746627438746762e-01 6.556925890570874937e-01 1.213845123218382227e-01 6.549635217460547665e-02 8.778603164982303753e-01 8.035998734389110387e-01 3.158517348037782613e-01 7.456837694725929611e-01 4.077781173801272585e-01 1.602661844891480891e-01 3.399641721470325617e-02 9.706484405981032904e-01 1.852585195018342512e-01 5.820628734103472368e-02 2.442449724413935375e-01 1.778291704207101143e-01 3.581911450769530436e-01 4.189753555750178604e-01 4.568161310107887729e-02 3.919856728949417946e-01 4.332564126239323299e-01 2.194134822087927539e-01 4.510808219391655438e-01 6.829442842143470527e-01 7.624419047701194163e-01 4.281616348766955626e-01 2.254820190820596704e-01 8.623791389832388132e-01 8.752532476251143612e-01 2.221847835732093657e-01 3.504916586919211152e-01 2.160044391469496672e-01 7.385347710810848953e-01 2.808471454808655343e-01 7.426543217175076705e-01 4.696859189079725105e-01 8.386423233163099455e-01 1.729347573668057469e-01 6.388455693733859908e-01 7.677027637692882545e-01 7.967317351570796236e-01 3.366940164848977179e-01 1.530759190823679505e-01 2.248980720466391414e-01 3.209212551769708544e+00 1.174607672468427566e+00 2.600361696322591953e+00 1.040023382687895470e+01 3.171541693766306125e+00 7.967324289716330554e+00 2.367253910228124170e+01 7.219345199374944677e+00 1.803352683746962626e+01 5.079747245515346776e+01 1.626577416055910774e+01 3.899584348571839598e+01 1.039073214484503183e+02 3.195640262905353168e+01 7.920560820713494365e+01 2.107792094196433368e+02 6.494111552554574018e+01 1.606965194926820573e+02 4.248113237176409029e+02 1.299407625580753347e+02 3.234299464354630231e+02 8.514847020621041338e+02 2.597620605804130491e+02 6.480620774640071886e+02 3.565729819303120607e+00 1.284047110971477057e+00 2.777636725839226273e+00
2.553957659356672627e-01 8.373452539663829297e-01 1.755778552714888363e-01 1.387771460364939369e-02 5.634188344686654748e-01 4.526905394205893440e-01 8.450798106933545828e-01 9.281666571094745466e-01 4.472387519670457667e-01 2.616131930728737842e-03 7.750703185867757750e-01 4.992844792705549706e-01 7.938440942678437473e-01 3.240545198310480490e-01 6.538953047390733131e-01 5.153469351018781230e-01 5.147893347453579294e-01 4.285233530295451398e-02 9.046693743058008552e-01 4.779261876828755362e-02 4.423666804434360778e-01 1.366557366779092009e-01 1.019217271051486851e-02 8.934377025043535037e-01 8.546428526360759781e-01 1.602587281710010636e-01 5.347572746599911220e-01 2.527253232458395171e-01 2.019093211281756117e-01 1.722805246715521932e-01 4.886374648379382402e-01 1.954074024035475921e-01 3.390406706388234825e-01 5.523257321878554116e-01 6.992999298838478150e-01 6.152442408506344496e-01 6.714510519957226364e-01 8.819897564065037887e-01 5.641284427207517993e-01 3.067592577248789976e-02 6.221797512738733715e-01 8.968526990422946987e-01 5.203657109430525063e-01 4.061935154893301370e-01 1.277831851614540382e-01 1.587085495843666427e-01 7.624374145002310588e-01 1.618015968404717952e-02 6.991629678389821301e-01 8.817237781673393782e-01 7.258810570327274281e-01 5.929527294001148974e-01 7.805714542490271857e-01 6.769278392067052952e-01 4.385850280142877811e-02 8.333448940684855533e-01 1.960933375673803436e-01 9.432372652579078531e-01 8.582333109719001429e-01 6.278011267892523728e-01 1.575224348686445897e-01 7.957816998885748339e-01 6.728553167836237581e-01 1.074058104431747651e-01 2.983120426269377568e+00 1.699140116014167923e+00 2.567520653905755790e+00 1.057243693870142742e+01 3.677689927742742615e+00 8.194719455848174405e+00 2.411096225141429983e+01 8.061095198927828775e+00 1.864886256406950338e+01 5.201968798333594890e+01 1.605604161756640380e+01 3.962914566403453165e+01 1.081221506032594846e+02 3.295690204891135267e+01 8.226659614805112142e+01 2.191200445883664543e+02 6.688846044904545352e+01 1.667225168520140244e+02 4.414843372088117235e+02 1.352054813050876874e+02 3.362623807547783485e+02 8.852365679089020887e+02 2.699745495060454346e+02 6.736562725603638455e+02 2.990814491384050200e+00 1.107256195738661964e+00 2.353019508138297855e+00
5.779491635934946858e-01 9.434784261401616412e-01 2.356027010118182385e-01 6.343748415552493691e-01 9.488173651090394678e-01 3.279708237670718729e-01 7.192255410150728556e-01 2.647258608521163570e-02 8.519925778471703071e-01 5.734099669194397952e-01 9.517474074306285781e-01 8.334385630288587699e-01 8.324823093084149361e-01 7.450256105231356507e-01 9.012814768500371221e-01 7.074188378731053328e-01 6.044997957588306159e-01 5.764821070816150694e-02 5.628652889669084614e-01 8.376965905384320399e-01 6.496554890707543217e-01 5.623090379312902787e-01 2.896720162330957971e-01 2.810474204244377550e-01 5.754860342359724434e-01 2.992388526930674919e-01 4.250351206521003622e-01 5.484892060951785941e-01 5.529046440412037633e-01 6.155067308648791702e-01 1.680937576772933983e-02 6.260720534060881803e-01 5.540502782764548106e-01 5.759076714933031305e-01 7.495355545007711395e-01 4.050667601373740823e-01 3.604455198867489996e-01 2.349179671941511449e-01 2.933443671721323032e-01 1.157574061261604781e-01 1.965287425687879397e-01 5.623526732357589930e-01 6.206144138647738950e-01 8.306785627807071748e-01 6.199046229308283751e-01 5.823750001411853727e-01 2.182936891654997380e-01 9.136771414522176782e-01 3.407950504692669469e-01 3.918861711525459812e-01 6.795460063368651271e-01 4.111150626853163903e-01 3.381982631330701095e-01 5.240622543381991960e-01 1.261926744389183508e-01 9.824781044521087026e-01 5.389981053941952371e-01 5.029457111774218170e-01 8.849224969869717849e-01 2.412513637802382593e-01 2.570288137878091739e-01 8.680662673177456101e-01 2.687819495710874751e-01 8.686352491815167998e-01 4.308738509377546322e+00 1.370500058889905226e+00 3.287075791103279521e+00 1.433620991631832453e+01 4.966787983060378053e+00 1.111430949134501489e+01 3.298416950120323321e+01 1.026065054799789422e+01 2.518147019023941979e+01 6.915492756748533054e+01 2.152903186725344753e+01 5.284356770900649281e+01 1.418995561227762892e+02 4.336457756524398377e+01 1.080122150191470922e+02 2.865627395472608896e+02 8.807534015385033399e+01 2.183743016710796780e+02 5.752548951355622648e+02 1.761427851307856258e+02 4.380899320667950292e+02 1.151711083401870383e+03 3.517775186193359218e+02 8.767248462983544641e+02 2.751791643015158328e+00 1.518375166509835061e+00 2.332856852463680575e+00
1.268870902676556556e-01 8.232789487410165918e-01 3.347224262545014373e-01 8.627237938144707297e-01 7.545177920520771409e-01 5.974924107853036848e-01 1.609125666245425634e-02 6.162765096807080178e-01 6.081030100577424768e-01 4.016324058104963068e-01 3.169956656618756474e-01 9.055637512427150426e-01 2.529866716872818388e-01 7.856102961124727946e-01 5.866708819058273905e-01 2.294355329083221928e-01 1.285029819495853154e-02 6.067051976399768787e-01 5.449410381654010704e-01 3.958817158444906115e-01 5.707459289610308240e-01 4.348161653193480802e-01 8.266502097541489347e-01 2.926073560554594000e-01 6.660149837237919757e-01 1.708151784419569275e-01 5.402112976527662092e-01 8.239433089586790659e-01 6.559684472722701054e-01 5.107257080712135355e-01 2.096054021634208286e-02 9.930869776360919943e-01 3.153392125531407908e-01 4.662287964438671661e-02 5.276512487778538540e-01 1.448250879574237704e-01 5.213030798572704239e-01 1.714981033123527121e-01 4.750315361400826442e-01 2.405676994919359046e-02 7.947858881604097370e-01 4.614816218405926040e-01 4.560949448830123876e-01 9.121832383002735911e-01 4.565476749264474332e-02 7.676454238095142824e-01 1.325926643774363312e-01 7.723666465151094451e-01 7.950693892067598467e-01 4.569972670203231724e-01 4.997428172293590931e-01 3.968978058852923319e-01 3.042127005816444019e-01 3.380120427531096983e-01 3.600018741644400722e-01 4.946930452572395609e-02 1.318376788183913684e-01 1.310074334159299081e-01 1.525769002426391463e-02 9.944473710691893453e-01 5.960785871227386457e-01 8.184720193515226949e-02 2.834376277257819599e-01 3.839505194095282903e-02 3.349378677196217069e+00 1.459956810035683894e+00 2.768686301022120766e+00 1.106685550734081680e+01 3.551558066380034795e+00 8.464638708483324336e+00 2.544772386587964519e+01 8.038904087993863357e+00 1.943207081113088108e+01 5.458545425053222999e+01 1.740064114850404664e+01 4.187681870083531521e+01 1.122068262435851693e+02 3.425847870509517890e+01 8.538280442440280638e+01 2.273909988361458829e+02 6.990143328035088643e+01 1.732835230245688081e+02 4.575459926724050774e+02 1.395408539527105916e+02 3.481959744121707558e+02 9.143589913318164690e+02 2.788256818331125260e+02 6.958402455477763624e+02 2.868640084501977938e+00 1.346871467178607062e+00 2.329371721499603254e+00
2.919342386107703913e-02 4.863690255046902999e-01 8.295410074321846183e-01 1.024973257100554314e-01 2.821599969668908692e-03 2.096447481173422389e-01 4.745741312044791105e-01 8.267657611720765631e-01 1.519677015694687050e-02 5.989905063939920948e-01 1.238832541208335636e-01 7.479219059773388745e-01 9.460788290816780632e-01 9.006988062995383570e-01 4.410286482498393390e-01 3.790506453553232902e-01 3.673908728745867158e-02 4.101882646187590131e-01 6.184896613507484542e-01 8.445243042968970659e-01 5.824637745553647994e-01 6.411062654445670583e-01 9.334228297666147256e-01 7.917763864922583439e-01 7.017993083832477774e-01 8.792961158289315238e-01 1.900285724302408497e-02 8.487268023512465343e-01 5.080282771412424347e-01 4.426925312408624968e-03 9.762948696171788177e-01 4.063230756042804925e-01 9.590914858791044217e-02 7.746899329248295718e-01 6.069483715961790926e-01 2.312867500061333015e-01 8.323677122654634664e-01 2.854703632156091464e-01 9.642818056743402977e-01 2.179975379715940464e-01 2.893268670321963443e-01 8.788897979340121180e-01 8.884856456969461025e-01 9.811561174196922197e-01 1.805425122175134955e-01 5.789260829507215655e-01 7.347651320541787046e-01 6.388722332644810598e-01 5.830670112998727062e-01 4.563245899338921330e-01 8.606658192418584763e-01 7.444972511801533077e-01 7.222017460453963311e-01 6.889743245324277954e-01 8.233923383021160003e-01 4.409055647773597597e-01 1.409723605907118316e-01 8.775399116533640909e-01 2.883478000820230980e-01 6.792539070868759410e-01 7.843443007138104495e-01 9.006086004383679899e-01 8.390693603544021606e-01 7.646784628303809894e-01 2.131019032511797917e+00 1.356607690649676234e+00 1.865213241023983448e+00 8.624859128295270239e+00 2.885903700568877905e+00 6.685800546194648142e+00 2.129838090527077554e+01 7.177402890890990150e+00 1.642938966464135930e+01 4.728307406733456730e+01 1.485533644948087328e+01 3.609058724027734399e+01 9.846462291930230037e+01 3.026338775667506553e+01 7.497819706856705579e+01 2.009989119327612741e+02 6.183322518283161173e+01 1.531218665849900162e+02 4.062998090750312485e+02 1.242497225190307830e+02 3.093055457767164285e+02 8.147264767982092053e+02 2.490076975341339676e+02 6.202414391721273432e+02 3.694269567468065230e+00 1.951705655934443451e+00 3.117309116272831915e+00
2.380150131239761047e-01 1.836374651048854334e-01 8.680395438252076490e-01 4.850416751192809794e-02 3.446440105220313077e-01 4.008993793556113738e-01 5.466884153138129587e-01 6.648084211617724115e-01 2.082763964353816499e-01 9.911425846026455933e-01 7.636760720767503674e-01 9.759875042290084846e-01 6.695344955173413437e-01 7.718451099594827447e-01 8.473260998746954265e-01 6.269758516807222293e-03 5.616698073193135965e-01 7.123346633775995418e-02 9.926857540675606550e-01 6.971882656218342245e-01 1.392124108133396820e-01 8.766239925164482916e-01 4.500827017736209745e-01 5.864354566105778321e-01 4.141766287766975863e-01 9.647498560920751975e-01 7.569340651356860628e-01 2.158739555300693835e-01 5.192856161674856974e-01 3.604113865598079780e-01 4.917081695819781606e-01 5.141567448384645189e-01 3.798114692706788809e-02 4.037162270261486219e-01 9.867794619325733763e-01 6.111510461460699650e-01 3.063386175154425572e-01 7.544907669670142258e-02 6.218843779495640822e-01 4.685868570560888235e-01 1.207579315414026855e-01 7.693337233108730189e-01 3.658087609837119558e-01 3.688846018901658086e-01 8.502420771882834849e-02 9.751103000062411041e-01 6.875788469099819444e-02 4.490492548251506788e-01 6.919456733988836872e-01 8.280828891766721656e-01 8.072286336942846585e-02 1.760334109570997896e-01 5.249731093684301131e-01 6.754946745401172459e-01 1.797069823726522575e-01 5.327588154136085885e-01 9.589882224158091661e-01 5.287499413949108273e-01 1.219408122198731848e-01 1.755808598039468871e-01 9.443645657002627258e-01 2.295799657705205332e-01 9.097933397119829513e-01 5.406132564487375891e-02 2.647803191591680871e+00 1.363923541135540374e+00 2.210657163854039542e+00 1.100022501766468075e+01 3.374698596216063606e+00 8.331328382792554166e+00 2.569356963984017739e+01 8.279376218328019732e+00 1.970347921798027713e+01 5.564362333389804860e+01 1.739388405009208682e+01 4.250336206424551477e+01 1.145390192389560866e+02 3.536974308158620062e+01 8.728012562183266709e+01 2.315553136972748689e+02 7.087026822236180124e+01 1.763478536036334106e+02 4.653180507817666580e+02 1.422380404620712966e+02 3.543017265345458213e+02 9.323021511535821446e+02 2.843425388318710816e+02 7.095028678873002264e+02 4.140629019417746193e+00 1.770286056589676749e+00 3.359468110366247373e+00
7.005630238105996499e-01 5.199763221372259991e-01 7.164882924174119649e-01 5.006912398525885655e-01 1.239154653611862500e-02 1.038081452731424159e-01 3.827044562562409435e-02 2.779212985676001724e-01 8.546441135290659963e-01 5.317177367066514559e-01 1.110751861228203019e-01 2.144566923134145764e-01 8.610597622348857838e-01 8.333921624403408668e-01 1.448096277820200006e-01 1.644587822488077222e-01 4.852293199855880479e-01 1.429612529103629903e-02 4.644278601454626676e-01 6.715320539685691870e-01 6.123944429601020367e-01 2.169550867837077845e-02 7.757674157632027390e-01 2.741075007404238928e-01 3.461756578225704262e-01 7.247111256626515008e-01 3.241022179138544068e-01 3.968488774274236963e-01 6.173324713695387267e-01 2.744051932833478924e-01 8.435574876771980701e-01 1.180039002605958176e-01 1.594790124968793465e-01 3.322947828221201050e-01 6.830303033750240171e-01 5.974463340676166023e-01 6.395374567277940514e-01 3.217673730941509325e-01 6.181199860434360982e-02 9.673717879763967797e-01 1.780115840429316032e-01 3.373880159984229410e-01 8.170408154816325430e-01 4.635410699274082891e-01 8.793821953480405185e-01 6.885756604923404245e-01 7.032822291978247931e-01 7.084499991937891483e-01 7.197235959576009368e-02 5.107786157002028871e-01 7.462000115433925496e-01 6.586830057918090509e-01 7.123853242143908249e-01 7.768760431937185018e-01 3.897592675169444520e-01 8.741246274522158632e-01 9.948123699042632495e-01 5.352517959111686707e-01 4.761938129279099652e-01 7.189779233019866211e-01 7.884700253436200956e-01 2.751388596466783909e-01 4.669719055859090640e-01 7.657107673107920176e-01 2.879997784138091266e+00 1.105418737125104744e+00 2.273568445460107945e+00 9.695383128643934256e+00 3.003878583206032626e+00 7.456144811101017567e+00 2.247286058571638634e+01 7.158368486736300440e+00 1.717062349314373293e+01 4.860864321122306819e+01 1.497461694230977081e+01 3.700734279685536166e+01 9.988858283765820545e+01 3.121366963342640588e+01 7.634136715857752620e+01 2.041718977296141588e+02 6.282339360501901382e+01 1.555890310181878817e+02 4.115645553602612381e+02 1.261489104713627256e+02 3.134775846682520637e+02 8.260035901873352486e+02 2.524726098839003043e+02 6.288473188724047986e+02 2.780831494907265000e+00 1.230216565067492107e+00 2.244446693546228833e+00
2.979374630219611131e-02 7.896565802864081718e-01 8.614111916183819773e-02 6.429542991807525310e-01 3.959394752774942905e-01 8.866261226787091054e-01 2.159639549380054646e-02 2.719541055056987622e-01 2.817964016923165671e-01 9.916788945521696208e-01 5.340274213145000948e-01 7.131759331561372539e-01 8.012489704486764897e-01 8.874102162125329096e-01 2.867743552784973726e-02 8.357171869694218769e-01 2.060181118203457951e-01 3.538387486965705042e-01 2.864778979078517196e-01 3.793633219566128201e-01 5.101384037579871356e-01 1.432260585285707322e-01 2.732276319599084013e-01 9.571465785494068790e-01 7.881839568313799838e-01 6.582099596732685631e-01 8.706885751884598790e-01 3.851736800935596783e-01 2.399309219044876151e-01 1.211073294458370198e-01 3.752414457213693044e-02 1.930119651613014797e-01 8.107669263388873615e-01 9.629396146556897795e-01 3.016337917277180924e-01 2.414363325590105358e-01 5.946338805932629423e-01 6.808536435844904089e-01 6.977549158008157226e-01 9.331112026940957538e-02 7.781404301044502203e-01 1.200886277599587659e-01 1.343141212076215396e-01 6.718528925617526237e-01 7.308379173224633929e-01 8.229038011343102754e-01 7.208957239897956226e-01 7.152075650565913323e-01 6.001490117913702571e-01 9.671087565650150486e-01 1.563130908471513925e-01 6.294429704587152230e-01 5.290653128212979839e-01 7.026207399184766222e-01 5.948315624240445576e-01 5.640342387067953656e-01 6.675084514594766816e-01 4.948866478609126318e-02 4.386843169202717663e-01 6.606532114999480454e-01 2.110012524821144320e-01 5.334672315596896697e-01 8.938656971433356357e-01 7.758801285956242744e-01 2.584820392136301770e+00 9.190038692618172078e-01 2.060602494882775915e+00 9.504088132919557452e+00 3.482817417330243526e+00 7.526674348642043988e+00 2.198468310220069455e+01 7.493690469394862497e+00 1.705238543207925517e+01 4.845048394991659535e+01 1.492286923986771541e+01 3.692908889621629953e+01 1.011271676106114512e+02 3.090356846735673102e+01 7.697852313012928960e+01 2.055695026784804611e+02 6.324511578149062530e+01 1.566629778390209538e+02 4.147553764409745440e+02 1.268983685224252866e+02 3.158054919071973927e+02 8.309684529453185178e+02 2.540254499564879325e+02 6.325815339973288474e+02 4.738666303315332229e+00 2.217120881171249280e+00 3.926221962672015398e+00
3.189717196967913893e-01 5.243216076635043299e-01 7.973021254611828423e-01 8.333898889625482864e-01 4.880011287658753139e-01 1.172246395413095721e-01 3.708828339747887171e-01 2.801744106946374435e-01 2.470767205757584684e-02 6.178306326500798695e-01 1.382317608798319108e-01 7.975415340650546803e-01 9.922555261427098428e-01 9.959965209442788181e-01 5.071306972218344589e-01 5.316224069676711572e-02 5.981643129127619529e-01 4.360755896094414830e-03 6.266518303568100468e-01 2.807139372652851517e-01 5.039890265657143154e-02 6.040595795293233206e-01 8.970722938454995798e-01 5.412126075631996658e-01 2.102526665159379915e-01 6.194341690596504302e-01 2.222489229836295266e-01 3.135796191985948944e-01 4.583653237402307568e-02 5.373314120492058699e-01 5.509936242257819083e-01 4.021891650170469346e-01 3.744519532019038310e-01 2.535076495518906459e-02 8.547920667986651511e-01 2.101166370133029648e-01 3.419433244855576426e-01 4.201265766527723100e-01 1.877725186060338336e-01 2.276958108324356189e-02 8.867366636273913416e-01 9.149599027598074308e-01 5.266080650443725197e-01 9.447930248170576251e-01 2.526306057394287485e-01 8.372735279025896871e-01 4.896965893538532955e-01 4.167338729994246593e-01 8.713240032332079110e-01 1.632929962895236509e-01 2.471953505467477941e-01 3.573055126781996549e-01 3.538182595538293951e-01 3.072712160025166117e-01 7.371936144293176341e-01 4.385538298769749987e-01 9.165561278692673230e-01 9.072662861846886306e-01 4.568227798704815878e-01 2.261366667772964911e-01 2.565566043882893110e-01 8.171457156284198664e-01 7.873810463133781301e-01 5.656984153556374739e-01 3.469434460561191536e+00 1.319696052840934497e+00 2.716312279153537013e+00 1.091390150353550048e+01 3.315233083997952690e+00 8.317451188480276869e+00 2.478349488004693768e+01 8.037070673290443779e+00 1.898925355094121414e+01 5.240042161096883433e+01 1.631101491477221899e+01 3.997822394036235494e+01 1.074632842222684559e+02 3.275855060670818375e+01 8.176973618886675865e+01 2.191016009582977802e+02 6.711252219639793282e+01 1.668495312721913706e+02 4.404163593321603685e+02 1.346782074998236851e+02 3.352809236321232333e+02 8.830802657359561181e+02 2.696906040844575614e+02 6.721848342985621230e+02 2.860043304824211319e+00 1.136260427854818511e+00 2.271296924775252801e+00
4.239865246818591560e-01 7.272156351771507099e-01 3.797398591326865969e-01 7.431140516830644360e-01 4.925745624947430734e-01 9.383737142946538823e-01 5.253133695333955799e-02 5.452495039397304843e-01 7.058116059945647169e-01 3.244268323937554710e-01 9.298635053872150724e-02 7.477190565434156388e-01 6.824318984526308585e-01 2.444885544887936968e-01 7.773258007259461477e-01 6.783347132547036251e-01 8.732577540860798626e-01 8.205017048277084557e-01 9.676002666489111892e-01 5.464967896951680171e-01 2.911342545830466477e-01 3.267464323158202344e-01 7.987167794532515908e-01 8.529373285866382881e-01 7.400495372115898363e-01 3.133665307769416541e-01 7.417197204289870394e-01 3.812569510101503356e-01 7.135224018962784687e-01 4.402431484952967766e-01 2.119894090503769979e-01 7.251148276714647345e-02 9.210992083909828043e-01 5.510544517209460258e-01 3.635633315324132697e-01 2.027445931373581534e-01 2.811802661879696519e-01 6.829049857374078769e-01 8.085517467295939564e-01 9.582658204959881854e-02 9.630039061070394535e-02 3.392149727631527112e-01 1.373768109860359354e-01 1.320588368433182058e-01 3.205291081658402375e-01 5.169878634799330852e-01 3.358486606255670637e-01 4.292182083123282643e-01 7.068213777788437957e-01 6.487610256921397811e-01 3.533250534640073326e-01 8.568236481460907994e-01 2.746226859995108960e-01 1.243546604776381015e-01 5.455935048975451007e-01 8.099962605607948785e-01 9.429349934409090306e-01 8.069578283194465129e-01 5.685530141680577021e-01 7.874663672678866577e-01 3.242499298405370212e-01 5.225076585204105895e-01 1.663789543276961158e-02 8.516335165660934292e-01 3.652348327621451674e+00 1.465510005674279137e+00 2.963109017490675345e+00 1.134770807935529469e+01 4.069892293367324498e+00 8.849342064262206264e+00 2.828661427869707623e+01 9.376504338110668968e+00 2.177061549982244415e+01 6.117734744144157588e+01 1.868277437478308300e+01 4.657741984647376654e+01 1.258950750305606476e+02 3.847492430690046206e+01 9.580927075852288510e+01 2.528443542744591639e+02 7.741467080497599795e+01 1.925498587619597401e+02 5.081762809514931405e+02 1.556453078713747402e+02 3.869739389343998823e+02 1.018412350335570522e+03 3.111369584915293558e+02 7.752983720110737522e+02 4.621927304231999045e+00 2.190177563523114657e+00 3.796280777790185912e+00
2.152884886868128289e-01 2.244652473808219639e-01 4.740985048090774479e-01 8.818568834596991479e-01 4.262456983031970292e-02 8.547053429578380657e-01 9.507447305948775185e-01 9.139727396679130367e-01 3.468198118390449780e-01 2.161751260169009203e-01 5.303859363960867768e-01 1.582492757756787105e-01 6.008972930658493805e-01 2.760536544550629134e-01 8.096755586216776157e-01 2.833075494365348002e-01 3.044448685334220084e-01 9.950840354827626966e-01 8.723750778133001482e-01 5.767016727428967426e-01 2.670792727335450367e-01 7.459387631257775597e-01 9.007209318292740408e-01 5.910980998203549941e-01 2.193085123825956329e-01 8.985713849355869698e-03 9.981753458885631591e-01 8.320022050070026154e-01 1.041594326588908270e-01 9.020683362315395915e-01 9.801256047511940350e-01 3.966525284009937424e-01 6.990225295442660247e-01 1.798241582680387696e-01 8.320159421962488588e-01 4.565889022598669245e-01 5.412019200593289892e-01 7.666999452875373766e-01 4.618739945269455527e-01 6.599462419192301255e-01 3.507970550661984044e-01 2.641774012962028184e-01 8.979416517705803846e-01 5.612884997778379015e-01 7.980129775982175433e-01 7.015138128545039820e-01 4.163614207221630892e-01 6.796132008657047585e-01 7.366157063361900015e-01 7.167443068484434798e-01 7.610793281837132662e-01 2.264122654167590731e-01 7.775800594270043664e-01 4.574801644017504332e-01 1.185991736765007465e-01 2.560809162539002815e-01 1.191147989212616443e-01 4.216822477300330441e-01 6.774749013830361211e-02 1.763620675967824125e-01 8.558968130200339530e-01 7.553750486901676942e-01 1.995926537194562256e-01 4.520557046009867630e-01 3.287204275626804062e+00 1.774776902951553215e+00 2.744127938380202636e+00 1.050768403462872769e+01 3.488503386164017783e+00 8.061561698356142003e+00 2.581050372166420814e+01 8.376067958882522646e+00 1.978728621875772475e+01 5.591175580162944669e+01 1.739755377425922589e+01 4.260195996521214568e+01 1.159056420131292953e+02 3.584436528363672636e+01 8.840049052700236132e+01 2.357592559057042934e+02 7.240016507744657304e+01 1.796255880481567146e+02 4.748560411438818960e+02 1.449365266211716232e+02 3.614651411972818096e+02 9.494446343826923567e+02 2.897612930990291602e+02 7.227003464335791705e+02 2.886285614426649548e+00 9.207252782170229910e-01 2.203365685958991183e+00
6.200367556833225047e-01 3.021664247686569604e-01 4.599878111868340724e-01 9.817911425026871752e-01 8.339938051762421090e-01 5.667888690848628119e-01 3.198088808366464919e-01 9.886309315438190914e-01 7.567620346801372522e-01 5.362662290112899521e-01 8.637556496695589781e-01 3.795116014262982507e-01 3.488827747837444093e-01 8.445030499384607037e-01 4.022631565901597650e-01 2.934537221077392344e-01 8.920836485925736081e-01 4.479234977477150048e-01 1.701026806087756471e-01 2.122863962715544339e-01 4.226067044381226490e-01 2.034437799001408420e-01 3.447221379823472986e-02 5.621784965260187006e-01 6.021399911132833127e-01 8.094735433115816114e-01 7.679219908647291204e-01 8.240632951175470566e-01 4.171440576911989995e-01 4.870399590968765846e-01 7.725411856379147402e-01 9.864037173316398954e-01 9.416728896268452553e-01 2.572906293433929736e-02 4.711835453140673646e-01 4.341111580677541326e-01 5.331615902742428137e-01 7.213259528156247269e-01 3.170840849066085543e-01 3.170709024776119378e-03 7.282670732123143198e-01 4.689740686800428771e-01 8.772696065459173465e-01 2.342660706707815343e-01 4.377707905360905816e-01 8.159827010586985230e-01 7.461808983802510342e-01 4.936931797951569223e-01 8.619046100169462932e-01 6.335783976132774997e-01 3.231269279528894423e-01 8.100160660627506726e-01 4.901121147555238533e-01 7.333670646235217472e-01 5.204199413786468886e-01 7.815423514116435211e-01 7.948204914453790293e-01 2.080611253416135842e-01 9.506626989733746314e-02 2.345706531389990523e-01 3.314886249803683516e-01 7.305805096861550663e-01 2.485937554887601708e-01 1.299796049111342500e-01 4.040915661421821348e+00 2.012406221076969537e+00 3.406419543109203918e+00 1.344805357069640550e+01 4.295469335380200704e+00 1.030615537804550108e+01 2.975350157601190304e+01 9.505316372653341617e+00 2.284852210016157414e+01 6.463087769146802941e+01 2.054692860473261362e+01 4.947895089027798576e+01 1.336275730734635658e+02 4.070023091702261553e+01 1.016785233642691821e+02 2.707256186548718233e+02 8.293361173780814966e+01 2.061556685075899225e+02 5.446882811828501190e+02 1.666821471037603999e+02 4.147543369834255031e+02 1.089615104119053058e+03 3.322526592361508051e+02 8.292395235280100678e+02 2.277216056674436828e+00 9.043544005622612403e-01 1.771003859426732774e+00
1.205850903293712584e-01 5.319829444818162667e-01 2.122545696533477688e-01 1.046681086742597966e-01 7.098727415057135559e-01 4.731040972961755298e-01 7.565800874106040075e-01 3.344808301803737782e-01 1.928762618229056258e-01 7.196537385603646308e-01 3.447080989982193033e-01 6.627509187117631706e-01 3.394386194361431741e-01 5.684075568743036655e-01 8.189135993241265510e-01 5.097800531060164841e-01 3.210230395692651451e-01 2.738585777132982457e-01 7.552538191240497634e-01 7.049570459481728779e-01 7.879069369503014508e-01 3.264512637616870938e-01 7.761410592337654180e-01 9.706216350760961120e-01 4.820541551711357009e-01 3.380617410655659683e-01 3.546751327240371676e-02 6.283756994597899936e-02 5.639953775536244995e-01 6.408951205611452817e-01 2.619639843416997627e-01 7.962560767169069020e-02 3.753591865289398477e-01 4.582122535507022754e-01 5.632369841472723015e-01 6.611028068893716192e-01 6.908547841706064174e-01 7.431964237633116310e-01 1.562478420057688000e-01 3.895498047514217577e-01 7.858129933157391722e-01 9.911227680951359975e-01 6.647188339672015500e-01 7.370517088743721024e-01 4.983468380024475008e-01 1.296305864028709509e-01 5.839991379747868638e-01 5.610621628122518523e-01 5.029011063243060686e-01 3.632429996517181348e-01 5.344030262143166787e-01 6.724548008233216523e-01 6.693176105274418752e-01 5.406109375173385745e-01 8.796199379444098465e-01 6.136811118095274464e-01 1.351008441138541460e-01 4.063615160097345802e-01 6.669881297870717818e-01 1.944551569860372142e-01 2.032217163623328826e-01 8.037757154840959872e-01 1.879790724984383710e-01 9.794331718750587390e-01 2.694793165296582860e+00 1.115907156577626846e+00 2.151280827596552925e+00 9.166969880901159939e+00 3.243933303691435732e+00 7.108635832460537429e+00 2.272472505519541031e+01 7.768894591074369416e+00 1.759024890676387542e+01 4.885622868500944804e+01 1.491182270453759351e+01 3.720906924099927693e+01 1.010333514103006110e+02 3.105682928495200201e+01 7.701821263513649285e+01 2.063769276376754078e+02 6.342870823174644812e+01 1.572263586575222689e+02 4.162152305668487315e+02 1.274339728867088297e+02 3.169133553950989040e+02 8.331241330394652778e+02 2.547356834205645839e+02 6.343181849677287119e+02 5.188570209432906033e+00 2.080655346851431720e+00 4.113302910450759242e+00
4.738169589521220582e-01 7.478638363463011585e-01 4.661921260120047705e-01 3.044682984691740035e-01 5.312179987778801182e-01 7.695426243708771707e-01 1.802504968162086385e-01 6.088718295303604533e-01 1.897802529221344070e-01 6.524783509961684658e-01 4.211047724711390883e-01 5.996529128111499629e-01 1.294205165744657382e-01 5.968659260272402012e-01 5.012964302527602722e-01 7.408463527294126827e-01 8.174408226520835097e-01 6.419974727596315933e-01 3.754867747214533091e-01 3.588086642222728662e-01 6.153106570489162985e-01 2.495782886170042625e-01 7.201569483410963368e-02 8.538329508831791204e-01 3.570758933696209780e-01 6.972437608345267712e-01 8.484758324329461088e-01 2.975169231726703112e-01 2.457136461193055732e-01 1.584968833673938704e-02 3.329185838949966225e-02 3.395101090369393448e-01 7.659081852908451449e-01 2.702878030335824633e-01 9.471332768980311734e-02 9.976400902701378914e-01 9.397836185273533705e-02 4.457747047818105823e-01 4.869897101330867839e-01 3.047019114058499012e-01 6.015123981230781069e-01 6.311718502470629044e-01 5.972339273465228082e-01 9.434682476580117383e-01 5.887660275717783165e-01 8.610859558355393739e-01 2.147612150654238938e-01 3.025649641730655537e-01 1.755096154227822058e-01 9.755865333117832439e-01 8.293421940019291005e-01 4.108043030368785375e-01 8.871803902254575824e-01 7.345231338933119192e-01 8.747328079367916454e-01 1.863680957611481004e-01 8.470728458089493706e-02 1.013984371459119016e-01 2.771009331743673476e-01 8.062391304728836472e-01 2.079744389956099671e-01 5.268216012821020922e-01 2.958718933606319101e-01 5.742504543789606064e-01 3.474804873350322953e+00 1.488098755712260690e+00 2.851527783945454253e+00 1.050070889907438776e+01 3.803631495916457439e+00 8.208026434882150113e+00 2.516729021575929437e+01 8.343390573832859758e+00 1.945440301449196241e+01 5.391136506184275135e+01 1.671636348573733599e+01 4.113563331889181995e+01 1.110080775575296599e+02 3.411104828521528987e+01 8.454993880269114470e+01 2.260723134633300049e+02 6.910759346227735023e+01 1.721320370965101461e+02 4.557004430115524087e+02 1.390949341493345059e+02 3.468272714305144859e+02 9.108732007108708331e+02 2.781589957826658974e+02 6.933454354630445096e+02 2.834499048649944175e+00 8.184299321414018058e-01 2.167041692438883338e+00
2.399222103035937304e-01 1.326183964800156101e-01 9.881153672827868162e-01 8.796437020308824906e-01 9.942916325066264438e-01 2.203575551730949655e-01 6.044621719175434782e-01 1.317615082751707467e-01 7.766250030279289174e-01 2.991585537724357202e-01 7.469955483804824325e-01 1.585161929791317759e-01 8.160533386520878452e-01 2.086976140736217511e-01 1.754958067436387381e-01 1.671603681889610726e-02 6.671415984864085269e-01 4.958358849171717875e-01 2.164464733080164738e-01 8.613724363182834187e-01 3.757335775973613679e-02 8.937414230496865120e-02 9.995601461469181270e-01 1.675905946787592526e-01 8.085825526718284362e-01 8.138621850400725721e-01 6.527571048824398758e-02 6.709021983490902619e-01 5.662648041681949129e-01 5.627234523182068626e-01 4.554423210838610681e-01 1.479315306222006576e-02 3.826788310113798941e-01 4.309442597550053877e-01 7.515467308781469402e-01 9.194169149478437220e-01 5.328717957269570871e-01 2.846029434416927906e-01 7.655100091510823601e-01 7.854531802451135691e-01 6.742892449802939669e-01 6.690499935197058434e-01 4.595491101885339491e-01 9.714116618925394686e-02 7.782311891419713135e-01 6.863910057016697763e-01 1.353536923659385272e-01 9.617622515526494942e-01 8.925672924160400479e-01 2.108315140467759141e-01 4.405754123967460245e-01 4.433219687415658194e-01 5.278027712231251334e-01 7.378713064025986812e-01 6.229875488387158766e-01 3.284962149898724704e-01 6.704001339610484722e-01 7.422366606709358550e-01 8.650738801386804733e-01 9.436544495278283984e-01 9.653039000146047544e-01 9.678117372766037452e-01 4.804541417793373181e-02 3.334434234501217897e-01 3.980258131363203500e+00 1.363196890008143702e+00 3.054186685472522367e+00 1.159599132517028330e+01 3.535683709043142553e+00 8.841542044199693251e+00 2.643502673808980674e+01 8.308024060659626286e+00 2.012404526622807310e+01 5.691767516644615910e+01 1.735368254293288359e+01 4.331324532019700513e+01 1.174508830179365475e+02 3.650793921979067136e+01 8.960906279641129402e+01 2.387785064876702563e+02 7.351130925923882842e+01 1.820482365523925239e+02 4.810841058117022158e+02 1.469280963158870748e+02 3.661955807375562699e+02 9.647782520188554827e+02 2.943118865601747416e+02 7.343183434994743948e+02 3.751578600019249254e+00 1.660909225436228764e+00 3.046663225555005461e+00
6.257123562544193440e-01 6.646184820164788842e-01 2.508046934243722825e-01 7.542049398672495686e-01 2.512146869215585721e-01 7.728284035068103686e-01 8.502392881810243441e-01 6.715528375723552879e-01 2.737175366520752107e-01 3.607667535034997375e-02 5.838649697023978735e-01 8.830945578227936688e-01 2.874296838188007408e-01 8.013688248292326621e-01 8.129939001138326571e-01 3.060876357837600814e-01 4.765172802727620782e-01 5.603867078916024980e-04 9.698079166542077356e-01 4.814891590852377057e-01 8.052620109704233808e-02 9.045310326487032704e-03 7.627930051137621348e-01 3.946853498942269889e-01 6.689107179988333929e-01 6.282642622629673879e-01 3.092320035082671836e-01 8.452927747209715292e-01 4.694711924865487829e-01 5.112609902867711886e-01 4.176879780726755476e-01 3.517184007780317367e-01 5.282964073350469025e-01 6.876922398833891226e-01 2.467872215536627278e-01 4.307923119906119647e-01 3.883441717009553651e-01 9.436470614576676352e-01 9.234399983085018748e-01 1.494923882428430550e-01 4.320770409335390472e-01 4.355251171434630919e-01 2.109993876422666670e-02 3.034651488535335950e-01 3.326958941203718156e-01 8.020498519992852460e-01 7.018959720920669998e-02 5.544190521326156640e-01 6.245837048035629557e-01 7.281749112709882121e-01 7.773930410089324727e-02 4.193058934214954903e-02 8.953975489736858417e-01 9.956551090952072691e-01 4.133246596029591657e-01 8.378965808206790822e-01 1.902085467298498811e-01 3.340119349334567111e-01 9.576567595739472472e-01 6.046111836494898473e-01 3.249310311971953524e-03 4.708600140152761071e-01 1.423362314770100223e-01 5.818832658037890182e-01 3.987611429752486281e+00 1.780249725278128414e+00 3.221008924790548011e+00 1.213123711230850965e+01 3.963898083235618763e+00 9.277486394945183790e+00 2.740451554035854898e+01 8.769431751754568793e+00 2.093305094207713424e+01 5.898829002423504164e+01 1.826660000191855815e+01 4.499133435073235887e+01 1.219319723659152856e+02 3.729705978537307232e+01 9.280265236447495170e+01 2.455816717858031950e+02 7.524407118540709405e+01 1.870781611666459980e+02 4.939241457162876259e+02 1.511916098998854352e+02 3.761748207975790024e+02 9.884487491043133787e+02 3.018078036502164423e+02 7.523766457467246482e+02 3.565405751429659542e+00 1.622064177203763169e+00 2.899529762920790787e+00
9.974134299279771021e-01 7.409479521548771874e-01 5.750826322016946435e-01 4.375304280426007830e-01 8.923717480977794159e-01 3.780326608468231875e-01 9.835378606130567025e-01 7.738864938061632559e-01 9.449204632682881577e-01 7.545884814600640755e-01 1.289588990562255955e-01 6.494042779899562579e-01 6.628388509917777505e-01 1.885193293324809449e-01 8.947527424431750420e-01 1.990932834527797679e-01 5.059149375444468300e-01 5.908708996045071160e-01 6.154477059324017230e-01 8.386094250455169430e-01 3.691939678121169965e-02 3.161161498699281980e-01 9.716135171263620141e-01 1.924780179433304150e-01 9.020024912741065881e-01 6.644624928495658223e-01 7.235643651567168488e-01 6.130971582514194163e-01 2.845446459583240717e-01 5.938780768615162797e-01 9.853484414350721643e-02 2.740166711681126799e-01 1.149003975375589848e-01 5.450326223519144087e-01 8.851913586869963879e-01 7.246117689974973519e-02 7.048511420851968357e-01 1.723795287949290156e-01 8.876327515529403023e-01 3.780495565845836126e-01 8.940232102370349043e-02 9.332599971109474257e-01 4.095422728770451437e-01 4.745499552837342261e-01 8.453464549453151289e-01 3.891893339077364677e-01 6.330352577204703124e-01 1.966574704820953645e-01 4.346492764271814302e-01 6.666652052389988592e-01 3.521683525955474625e-01 4.824277884349572609e-01 4.190645770947473148e-01 7.383969651417735536e-01 5.359658107555277384e-01 8.066340364458857159e-03 3.931900212280089457e-01 4.062941254478702469e-03 4.516915139210536667e-01 1.081749198213466379e-03 3.665827444260276735e-01 2.464556880736065159e-01 3.427335046805244367e-01 3.881825288061813151e-01 5.104235118861971010e+00 2.244840913456936260e+00 4.128740292235054454e+00 1.541767558512215430e+01 4.937756658675500177e+00 1.178087548493585857e+01 3.481817995339471850e+01 1.085882649086669360e+01 2.649998107899428490e+01 7.379265046786974835e+01 2.267375045623946761e+01 5.623633233302157919e+01 1.507169674597109292e+02 4.632869931529995711e+01 1.147957402242441134e+02 3.045805942318695543e+02 9.304062770333028709e+01 2.318430325596425519e+02 6.110279457887075978e+02 1.862759191854953826e+02 4.649762279479821245e+02 1.220139861993746990e+03 3.723162889651746923e+02 9.286527285862938470e+02 4.980582695963851059e+00 2.286714025285215612e+00 4.053106672396611820e+00
8.497292033106059739e-01 6.556608680161370994e-01 4.207817110625778900e-01 7.113601246090169861e-01 5.552206630896918682e-01 7.152207172838086491e-01 8.714974462695768143e-02 2.513440608740449278e-01 4.043739650509982075e-01 3.757976559325277854e-01 3.684686516327899675e-01 4.850720776133465861e-03 1.331829235794645960e-02 8.845526883600610679e-01 8.081522182355094230e-01 5.971101206269709971e-01 3.800689188553852960e-01 9.807503139390105762e-01 1.858398869543209653e-02 7.398749152028584186e-01 7.119325318381787282e-01 2.277387799489865028e-01 5.412549891380761258e-01 6.944099748411656225e-01 8.192238562281261016e-01 4.440883736267156046e-01 8.419824637837173276e-01 1.197885115460284311e-02 9.858614873039661664e-01 6.118213716597762364e-01 2.873665638129599964e-01 9.432724998835546604e-01 5.695979289654723443e-01 2.179338476367727040e-01 7.672850770234829199e-01 8.872908261475520586e-01 2.596993710204507089e-01 8.864807040806128580e-01 7.615587891850883473e-02 2.777417401745152503e-01 1.794559183332785635e-01 3.772168045716720597e-01 2.845665776306516292e-03 8.359328630970302987e-01 6.290636065808286048e-01 6.504844262205294880e-01 7.706423960601940237e-01 1.835043978892607619e-01 3.512624982368310889e-01 8.164541123785262755e-02 5.003258552854241703e-01 3.202795123343420425e-01 5.844734495592674994e-01 7.511346177265979529e-01 5.505612584750710914e-01 1.850440301851484781e-01 5.262011932581511786e-02 7.981736490965425368e-01 9.916556605538644487e-01 3.699845511797793529e-01 8.401431165781936272e-02 7.488574511829770852e-01 6.079087918440455596e-01 6.917554195314753462e-01 4.099637813973521006e+00 1.388241128583385553e+00 3.209754731866683919e+00 1.111971393866223679e+01 3.872135489270163156e+00 8.619454401002519361e+00 2.630771582342779524e+01 8.617756714519353878e+00 2.025181798083096041e+01 5.755421489519583389e+01 1.826638343992665625e+01 4.412670774571943610e+01 1.195043272511420014e+02 3.658608251486321450e+01 9.101317413352002461e+01 2.415687852350458513e+02 7.381522630256984030e+01 1.838720561897451944e+02 4.848704689287527572e+02 1.479545731707715959e+02 3.690286862400319023e+02 9.704216297209743516e+02 2.964173811372917839e+02 7.386794959780975205e+02 4.178477462223121996e+00 1.503686337879608814e+00 3.196677577578705076e+00
4.139644162858592269e-01 4.233381822029915753e-01 8.700509182138341790e-01 2.833199597727634744e-01 3.527152873053591708e-01 8.190831966333891323e-01 2.328731244376675003e-01 9.361226340758049824e-01 5.521106881703753411e-01 4.936706896386788834e-01 4.730129228855142198e-01 5.763738419167788729e-01 2.110166511336992734e-01 8.727386661161716797e-01 9.869398196353471597e-01 1.973122474689273931e-01 6.917341736692983467e-02 7.240654356619907750e-01 3.792161548769612534e-02 8.571003755621943165e-01 5.956177605993173696e-01 4.476677399223001341e-01 3.665963701023123855e-01 8.488127216950700493e-01 9.891513527312876253e-01 1.494648254369208562e-01 6.474690637433515583e-01 2.815849612577566718e-01 7.372609196520848451e-01 7.634859459708907004e-01 8.167736583138388573e-01 5.177876029874834973e-01 1.582785033488313120e-01 5.414435082243415076e-01 8.098437559201148161e-01 1.392521582692094473e-01 2.896587005870753240e-01 5.637811674372216197e-01 7.582698254063631182e-01 5.669672382932157140e-01 1.894986088030559124e-01 9.821069739052242786e-01 2.154090038879119540e-03 2.560276728031039006e-01 9.320206994676936141e-01 9.454867443098347035e-01 9.000629104028250449e-01 7.674482572573732009e-01 8.888504194944607528e-01 6.156870119400515984e-01 9.671986858059897774e-01 7.672490801745263100e-01 7.395294396907572398e-01 1.415035684863829024e-01 8.365290800804712212e-01 5.375592262869113291e-01 6.283149680238752088e-01 8.962909371777832979e-01 2.012003218542434135e-01 6.298597579410313285e-01 2.723975728781795613e-01 8.902993140576342945e-01 4.965069383452963558e-01 9.103587619326796165e-01 3.425251882687928795e+00 1.745410764338171550e+00 2.904686951534512396e+00 1.183564580859270166e+01 3.791576986086571566e+00 9.017779767348082842e+00 2.663051705943665937e+01 8.804141286691848478e+00 2.054515493366809764e+01 5.856657556941689080e+01 1.827963018890326552e+01 4.471791672895891878e+01 1.205206723462696061e+02 3.722908963111061098e+01 9.186528193474809711e+01 2.447914330059100223e+02 7.524108709901025804e+01 1.865332078068837518e+02 4.940803267748821668e+02 1.511493659423125280e+02 3.761483293525469094e+02 9.897068679700408893e+02 3.024446059578263544e+02 7.534533738955169611e+02 2.970429109436096837e+00 1.625605334148426007e+00 2.560659579702340594e+00
1.371713676836896489e-01 1.534720316086451986e-01 3.613965503113419908e-01 1.512469607042826736e-01 8.367551395670319581e-01 8.750708774318863847e-01 7.091990449263508856e-01 4.563805146019462855e-01 6.744157581221202902e-01 9.997023325079937850e-01 8.668317859036140938e-01 7.265234699988007971e-01 7.404452049441390127e-01 3.901961398873943221e-02 6.574604529395220442e-01 6.385461916263136528e-01 2.190358716269582562e-01 9.113890270999507326e-01 7.496646097000816411e-01 3.337059573379806965e-01 1.591127964465144373e-02 8.798403293771432931e-01 5.704736481092689271e-01 6.111793067905878507e-01 6.311500372273090020e-01 7.224244571037938822e-01 4.649166460362048614e-01 5.034933003939110474e-01 1.050641008554618061e-01 3.698638932572068105e-01 4.030276955267586558e-02 5.395037802725657361e-01 5.971850654988011264e-01 9.028518357159138752e-01 5.937898399766730062e-01 7.779808024533461097e-01 9.243077378768774777e-01 6.222787102210631804e-01 4.204205051388480996e-01 5.681126027377699783e-01 4.378655832830985473e-01 1.463793965496215099e-01 5.288928565518968838e-02 3.747981373595549170e-01 9.232912863655808877e-01 4.843899363406903857e-01 1.170148654980809333e-01 2.674145549437745295e-01 6.208285252557720346e-01 6.711693124480360151e-01 4.785758551872487665e-02 4.619442271554872192e-01 9.755966283713550791e-01 8.729567087616930676e-01 8.426024589680841670e-01 2.674191870672449900e-01 9.652818965334042378e-02 5.532049016591599200e-01 2.667442466668715761e-01 6.832047871445759979e-01 5.232475594659026230e-01 3.404093282916408336e-01 3.368661995437347567e-01 1.120833000672051272e-01 2.948499135396895898e+00 1.244836824591163404e+00 2.382276843093699803e+00 1.122495311580628652e+01 4.008652712752271974e+00 8.741640078061660546e+00 2.674296349884022916e+01 8.626879118069659569e+00 2.051099935877665104e+01 5.698354347064088898e+01 1.778295816374259175e+01 4.353786751465419513e+01 1.190313551905337022e+02 3.672805103819502648e+01 9.077376439253802687e+01 2.404807140610286353e+02 7.348547098659516053e+01 1.831185651803529026e+02 4.840362932187287583e+02 1.477778667177714169e+02 3.684378638782488906e+02 9.680086942830350836e+02 2.952175181716435191e+02 7.366875153950282993e+02 3.621574351791673863e+00 1.899721476486057714e+00 3.028365783410881473e+00
1.130692820234034945e-01 6.264181619983549831e-01 7.126495230319184193e-01 2.636840943277809490e-01 9.079492299000749833e-01 7.980607473774847804e-02 9.423112766163790344e-01 7.412872305465394440e-01 5.104303299828631957e-01 6.200983282952932107e-01 7.838409310751027759e-01 7.517871635363222449e-01 4.726023662317384577e-01 1.436593435587241174e-01 7.747996676012670614e-01 3.214100425555670437e-01 9.180430176919041063e-02 4.210755502438269238e-01 7.618679736643252376e-02 7.393313733447535174e-01 2.166499300171162989e-01 8.896361992613412983e-01 5.561286295245955191e-01 4.901687056709127521e-01 8.655624456085649898e-01 1.434771732594708471e-01 8.345069621801065596e-01 2.422898582463295369e-02 3.667102904376637884e-01 6.362526621510400382e-02 4.782644306948931057e-01 4.099134034130273996e-01 4.141649051934648273e-02 5.760075968275902847e-01 6.789001137494018456e-01 3.133284905602450321e-01 1.332906968289899741e-01 1.865686681480110964e-01 3.974996355892126410e-01 6.004063588578079091e-02 1.764367560861455075e-01 9.049077439699920733e-01 5.501952254750618332e-01 5.674712422695082914e-01 2.750436637756688008e-01 8.186818163063818155e-01 2.802495918214228388e-01 9.612496461585809948e-01 6.824918512582778263e-02 2.313518805205162510e-01 4.379178453068265364e-01 4.756897346912246638e-01 3.752073721846748144e-01 1.487598627500055226e-01 3.964712611359954009e-01 7.863633951156012714e-01 1.871147743377715722e-01 8.568795351951125072e-01 8.711527735542250461e-01 8.991921443065031827e-01 1.185147553345801130e-01 2.487065666299373978e-01 9.863630703835489788e-01 6.935461515829944856e-01 3.532256422846077548e+00 1.765065527349006569e+00 2.918148411164092515e+00 1.207421599003376045e+01 4.017962833559225899e+00 9.257989516601625724e+00 2.712142972442451239e+01 8.642321895771617690e+00 2.076845922559578028e+01 5.771739338398837305e+01 1.797279292364962089e+01 4.404308189593186285e+01 1.178873913819497830e+02 3.601839709109177079e+01 8.970351905496599443e+01 2.385381099653372985e+02 7.345547194099899002e+01 1.818321684779928376e+02 4.787192061614328509e+02 1.466212729659794718e+02 3.645521910510533417e+02 9.594326618088720124e+02 2.931703185179088678e+02 7.303000899566218322e+02 2.361560147636359019e+00 1.227385724574127313e+00 2.039074660707957953e+00
7.096078360577369182e-01 1.024061886222219497e-01 1.139542853357934371e-01 2.983400740871987589e-01 1.520982558745819224e-01 5.622319081627576987e-01 9.640263492012506319e-01 3.508803508910069979e-01 4.985447707178136678e-01 3.019279098706408870e-01 5.212746187930237252e-01 9.224930054800666301e-01 6.237080412970796850e-01 6.012237250309987457e-01 8.074672808705904981e-01 6.787894700511492019e-01 1.237075162195044875e-01 4.662875920207180114e-01 3.630718225326109438e-01 9.766366962733011858e-01 3.007116312462045915e-01 8.315430300513004802e-01 8.882383305133167983e-01 2.505866559982908859e-01 5.948077900365499326e-01 6.103841264481083551e-01 6.608179106118073909e-01 5.239635649100419235e-01 7.283792475849760750e-01 1.163826756222267056e-01 6.002724630159940178e-01 7.698708832715003281e-01 8.814912740543384695e-01 3.897814277568190100e-03 8.455108979949877979e-01 7.004560719631199861e-01 7.075985667146011959e-01 2.122453374292484485e-01 1.642223308984048780e-01 5.529053992109544957e-01 7.212250631623468022e-01 6.523902541832937718e-02 1.364584156100533407e-01 7.921073774511263599e-01 3.317375912416102857e-01 5.681317322419843219e-02 6.377768699362096338e-01 4.129755188598243087e-01 8.660273126680627653e-01 4.368758041515935497e-01 3.508547896391480680e-01 6.781154054733076197e-01 1.362007393480313411e-02 1.215981329138267064e-01 8.306837206606714208e-01 3.309441154557746234e-01 8.231029249331245357e-01 7.665397111995866375e-01 7.379656259450142475e-01 2.370309296268779953e-02 3.089524018443106090e-01 9.112380918932416751e-01 7.476333128672407735e-01 9.773624680151823396e-01 2.812185517226928777e+00 1.191482235022940372e+00 2.216111984318112516e+00 1.014063025367928006e+01 3.674097228950093719e+00 7.908363282293150220e+00 2.456968073362834915e+01 7.715422859600813865e+00 1.872607371983160363e+01 5.318681446580822580e+01 1.689195638371302977e+01 4.072169149706727609e+01 1.107974385603565679e+02 3.422638296817159187e+01 8.449912354585693208e+01 2.243275093562981795e+02 6.879908997318318598e+01 1.708280666334761975e+02 4.512017539254391068e+02 1.379196131514034676e+02 3.434315327710643260e+02 9.044599226535710841e+02 2.765273321073270267e+02 6.885912170349604366e+02 4.012399220317591109e+00 1.580820369687502946e+00 3.134290310275287261e+00
6.602188400522568390e-01 8.805622984285439436e-01 6.744208901669798140e-01 4.840938677531914092e-01 5.465024340560542537e-01 2.211849148256481712e-01 9.904540858842324491e-01 8.430708868054206384e-01 1.842324668562306256e-01 4.604584021016966400e-02 3.793914783228673482e-01 6.015694272914279273e-01 7.407281165349464125e-01 7.444200785810276555e-01 7.305724963062391053e-01 3.137529980167261812e-01 5.009459240499912758e-01 1.095168247574951348e-02 9.562681830294591512e-01 4.166102070320214512e-01 4.704254251098984874e-01 3.424710512835466014e-01 6.136073729202408122e-01 7.996071970458086264e-01 4.111962995338633853e-01 4.810529149734192877e-01 9.605722040626539782e-01 3.802410670327660558e-01 2.006760507505602753e-01 3.511612922274258697e-01 7.233704534612381831e-01 9.821043149259651717e-01 7.867304541209227953e-01 7.269756313041841889e-01 4.532229495156038235e-01 7.923489310514681971e-01 3.239564310592546459e-01 7.841441226842676970e-01 6.645238933614117105e-01 4.180908374549924256e-01 6.581806487310178921e-01 2.731714709275224751e-01 3.430360077641038119e-01 9.397637123900807188e-01 8.018451221160138864e-01 7.719688521767907874e-01 7.544393470587111850e-01 2.615546970527148352e-01 7.789760737843827165e-01 4.867547992677945246e-02 4.422324149880143551e-01 4.028872721340598373e-01 1.377150114553553628e-01 5.924950136778028842e-02 6.716608976664861785e-02 7.450591796295318314e-01 1.047149586992162096e-01 1.841183308199860758e-01 2.840690608956275565e-01 3.331831475702529133e-02 5.356755817491477556e-01 8.820015824042765074e-01 1.723152812812523971e-01 2.505900038550323838e-01 4.484580096851998654e+00 2.136887416975313592e+00 3.664794102610903437e+00 1.314544191582743515e+01 4.263445142398875731e+00 1.007807337903942191e+01 2.993889575943077475e+01 9.811791268465572813e+00 2.301909342247459733e+01 6.419722156676624536e+01 2.041977160716331952e+01 4.913726790970590486e+01 1.336592582111140928e+02 4.108691450123961886e+01 1.018182066358677247e+02 2.713143617595442834e+02 8.293276483506276975e+01 2.065340302227133407e+02 5.434620497339116127e+02 1.663016903561288018e+02 4.138215671131885642e+02 1.086494823091424450e+03 3.313701303897456683e+02 8.269085787096665854e+02 2.856167925043500144e+00 1.578075944007574893e+00 2.415557045855393881e+00
7.085526109953771412e-01 8.993282033777311169e-01 2.161127269633117409e-01 3.098802103194967517e-01 3.862019812316735967e-01 2.547163318280817323e-01 8.151859862954002889e-01 9.420308595479698344e-02 9.077934681788291105e-01 7.737781465269955028e-02 7.251851390385429807e-01 3.888833980814113689e-01 2.841945826760710059e-01 2.791300764398516598e-01 4.300740145598093145e-01 8.552477040527602936e-01 4.593735700159987667e-01 5.074776861687939622e-01 3.764321979944013075e-01 2.672216855727591600e-01 3.683309435854215108e-01 3.027090277381014882e-01 5.710070238664735065e-01 3.979436018712453338e-01 6.444542697728281588e-01 8.733656538917287104e-01 6.866145359136250903e-01 8.465057953972634497e-01 5.920052950581977669e-01 3.145432973580477576e-01 2.774710780565736723e-02 1.248904605355198871e-01 3.508722296697582843e-01 1.625597694693819983e-01 6.423459604298163983e-01 6.183555392502654291e-01 8.913148879290597737e-01 9.960289865593251468e-01 5.256776708116318586e-01 3.489444279051663322e-01 5.734191611021095536e-01 8.886892250774377500e-01 1.918318679547768024e-01 2.638952936633631730e-03 5.847040707059613096e-01 7.265909364305868090e-01 2.472482241990549001e-01 8.199670723023243513e-01 4.449301429425969179e-01 9.363113262086137922e-01 3.621819208837291360e-01 2.931215366935460143e-01 6.731730929076029657e-01 6.359422128161595911e-02 4.302347215006351311e-01 5.904107562918763374e-01 9.209737475449903954e-01 7.108313427174329791e-01 8.767047309267622657e-01 5.953119368269833567e-01 6.815222483066580850e-01 1.027253991511488662e-01 4.072416712979703979e-01 7.092474388766465410e-01 3.616799404529783768e+00 1.238088110009923470e+00 2.764321255578290337e+00 1.071189763876024692e+01 3.982781186074501711e+00 8.416768458172835921e+00 2.524275678525335209e+01 8.048942942643151355e+00 1.932220328839411394e+01 5.495784046031339898e+01 1.682912242841381101e+01 4.186869372345655194e+01 1.136802215028375400e+02 3.489077898487812490e+01 8.661313519079821788e+01 2.302538479752333558e+02 7.080486181074432750e+01 1.755120727713125746e+02 4.632881112588701171e+02 1.417588916337265630e+02 3.527675930014298729e+02 9.290438161597820681e+02 2.838540786931565094e+02 7.072382073961606466e+02 4.254335314325793149e+00 1.743927012330151793e+00 3.415878938589604896e+00
7.879361459403104728e-01 1.552403903772159310e-01 1.225526628681524732e-01 6.655422857599437858e-01 8.848094749213797350e-01 3.734432568078998038e-01 4.764652043158360550e-01 3.926953258574167327e-01 6.861039295461170973e-01 6.757209238607955193e-01 9.827673028290030421e-01 6.104687318734283163e-01 7.818278318378891756e-01 4.537147700967453234e-01 2.963641546423928519e-01 1.182941166540153466e-01 3.743588611492986162e-01 8.908362237200977418e-01 1.057661080327872982e-01 4.909640192143701620e-01 7.419261200819300406e-01 1.655552774700305152e-01 5.295877787089330324e-01 9.397837209371474598e-01 4.968769882045176445e-01 8.744676783742558746e-01 5.735282944337617428e-01 7.687074244242753096e-01 3.557513934537991362e-01 8.919536333347840573e-01 1.057115657947232945e-01 7.285910282658526471e-01 5.699424384513609443e-01 3.589831876236058150e-01 1.382724739157751292e-01 5.050457194336044342e-02 9.270422477575198661e-01 4.019416055020811340e-01 4.882435537392936231e-01 8.242287461962845008e-01 2.997372362333303730e-01 2.245347318002018921e-01 7.284855889854060518e-01 6.799141146999221341e-02 3.495304439515055650e-01 9.176118415876267642e-01 5.179858747260864815e-01 6.710956629704341037e-01 6.673683712316387240e-01 3.431362573186421683e-01 6.862105204343160736e-03 9.024531663552493033e-01 8.481407431078020753e-01 7.771112078564295089e-01 3.426008311767800851e-01 3.904361576393559075e-01 9.114379330364053011e-02 1.315605180411294484e-03 9.006460456541559578e-01 2.289520328728600340e-02 2.247505113250249931e-01 5.168513267955471280e-01 6.569574690507135051e-01 5.962110961763972261e-01 3.478255257047076832e+00 1.386712984018720451e+00 2.784148291767730043e+00 1.206212966904236517e+01 3.755428915806262591e+00 9.214025529005368753e+00 2.739494999148386611e+01 9.150014454664177066e+00 2.116872167698485896e+01 5.981195281557661048e+01 1.875119692001376137e+01 4.574953598392600895e+01 1.229844561066195894e+02 3.816124167719895155e+01 9.388123391337927615e+01 2.492170752745657865e+02 7.648478646329668607e+01 1.898500158625264760e+02 5.013682105809053837e+02 1.531269148986581001e+02 3.816770703989833464e+02 1.002393667466347210e+03 3.061110653815572391e+02 7.629840553475892193e+02 3.167466064979735485e+00 1.666948908078468072e+00 2.655711119500351991e+00
2.702342715253712724e-01 8.729414272706518263e-01 8.238309637781121575e-01 6.776836611614586170e-01 6.201663648667269380e-01 4.516993117632126520e-01 7.577438123249395918e-01 5.675981402770332584e-01 1.886287875421701621e-01 3.946767704632934137e-01 4.055283082655909421e-01 7.234309301139051351e-01 2.887342223530660057e-01 2.908601302840858605e-01 1.314196896101264000e-01 4.427981618671641417e-01 4.189491943826320064e-01 6.131979366514569429e-01 6.989538950219438274e-01 1.221313378865566124e-01 7.219347401598873448e-01 7.569285270324187520e-01 2.754152623807472056e-01 2.430986482773237478e-01 9.704580255198111960e-01 2.418101840284194726e-01 9.949293434979411543e-02 2.347469234093280122e-02 7.359347745117569284e-01 4.375428599364103999e-01 2.802317091409112226e-01 2.882949403333534555e-02 6.087353889539159901e-01 8.502432560970520914e-01 1.103097623019997364e-01 3.402707371216407983e-01 1.229591007020356397e-01 4.154656766313095106e-01 4.448561223349379867e-01 1.916375556293954396e-01 3.397086081150446635e-01 1.209798302307435458e-01 3.952016851547642817e-01 2.952284241722297198e-01 9.213580592347691001e-01 3.778252537362941643e-01 5.155313897362272524e-01 3.921389943569940639e-01 3.841982302387680903e-01 7.791290201717226971e-02 9.227618423291272798e-01 9.143277196479355773e-01 5.972717670495224507e-01 7.409227379250095114e-01 2.024069215754994433e-01 1.775416801308054016e-01 1.442241846376512981e-01 5.546862015142395297e-02 8.261026041766819095e-01 1.914275872587467564e-01 9.436623320414190275e-01 5.944191527660734886e-01 5.680687376564879099e-01 6.986222040068051919e-01 4.347523000206000354e+00 1.823468903950908881e+00 3.469789162752600298e+00 1.172354874768335797e+01 3.925195678080508621e+00 9.057070117030324496e+00 2.751062777860743225e+01 8.525799528731727861e+00 2.101674229789984949e+01 5.807061559978416909e+01 1.769850333274906973e+01 4.422020118574564407e+01 1.187138909393170394e+02 3.635479640028363946e+01 9.039345917926830509e+01 2.398165882966014522e+02 7.344020023106853046e+01 1.826324096709672915e+02 4.824104430634702680e+02 1.471713135670772488e+02 3.671552502957007391e+02 9.651892535058466365e+02 2.948227243678790046e+02 7.347358917664672617e+02 2.572072625363045262e+00 1.459722581244182305e+00 2.218881471159038554e+00
4.428296430233339409e-01 2.022452340042397712e-01 1.630194402600033676e-01 5.442213902855769225e-01 6.776815635323480969e-01 6.781837613186747493e-02 9.766415330124892380e-01 8.000644531576363017e-01 9.513521358726230170e-01 1.480337125462553027e-01 7.594125630822053941e-01 9.109459912138965221e-01 2.869983345288537047e-01 3.896306396401654215e-01 1.648499913649318360e-01 6.446371652910153349e-01 9.478067880703927583e-01 8.487862228151534794e-01 2.143836475625271465e-01 2.251961953260539495e-02 5.529094029910208707e-02 2.801767762194118383e-01 9.045708807182866185e-01 6.677920737959741615e-02 6.718794184198931818e-01 7.506924599828184164e-01 7.635581959464032842e-02 9.765913955269708291e-01 8.780068327004316719e-01 3.243886886861591101e-02 2.575871601816851486e-01 6.555967690079954613e-01 3.510605452693363882e-01 7.867927630215187929e-01 7.050402080507212066e-01 4.441931357169395245e-01 9.398302269583078683e-01 5.187885457645469156e-02 9.731706419214098958e-01 6.797992254027807046e-02 5.568308517263587110e-02 1.363152200734524255e-01 3.458819887655403269e-01 8.942560686881176890e-01 5.457797118562873750e-01 7.825818848222841906e-01 7.047127601916417516e-01 4.053853275457919292e-02 7.926283909699559649e-01 9.316545115121859233e-01 1.890043893518861262e-01 7.396344978107060042e-01 3.936440746944073199e-01 8.035185245267806309e-03 7.338980194011158753e-01 4.881750955823693783e-02 5.057487694805784528e-02 7.497711421553437949e-01 6.629031670731435621e-01 9.964183095947121149e-02 6.742357047016451776e-01 4.338327693438528421e-01 8.800275371095120924e-01 8.370191296738782594e-02 2.948037723266413668e+00 1.646686697333449967e+00 2.489319626143798203e+00 1.076069537072224946e+01 3.793459551579890565e+00 8.383634339562394899e+00 2.561160911600390833e+01 7.930649522138888408e+00 1.947906161306524098e+01 5.487757024680835372e+01 1.728649850882369066e+01 4.199873167952768682e+01 1.144395602641853600e+02 3.503835252230341979e+01 8.709027026172414310e+01 2.314097605972933422e+02 7.058519231241537284e+01 1.760789074659628284e+02 4.652535193877975530e+02 1.419671614428625617e+02 3.540569654939166639e+02 9.311332017662523413e+02 2.839920590563386327e+02 7.085957700673671980e+02 3.426459153659640933e+00 1.210383707843653234e+00 2.629277502577978876e+00
6.323791813242025661e-01 4.885683241876747074e-01 7.146917864112136698e-01 5.073271494394331338e-01 9.601400290608504973e-01 6.761611181845241791e-01 7.856913405298941999e-01 3.535706469121864259e-01 2.064082722921241064e-01 7.487710563780880513e-02 6.059493605830030827e-01 8.814187274187070820e-01 6.375434723322662700e-01 9.872601412572533652e-01 4.703365816385126630e-01 1.269167866281778467e-01 4.481009571250040846e-01 6.081560693091447867e-02 2.346251855699074129e-01 4.753889909031444594e-01 7.152723867879093866e-01 8.732418012056279988e-01 9.907638960141983420e-01 2.178700703524725224e-01 1.393359695211371374e-01 2.834248141544454258e-01 8.285173590239583996e-01 3.348860150210438702e-01 5.876493156236963777e-01 4.261747599526098940e-01 7.350796299841294568e-01 1.998195866130845211e-01 7.449262142576679180e-01 3.000922567414038289e-01 2.086654367774157803e-01 3.331669841635247487e-01 6.464601607914162162e-01 2.115163845234148132e-01 5.092743538396922176e-01 6.023240494791169963e-01 8.107215804592420305e-01 5.331000850079015141e-01 2.400009030442529223e-02 7.370504180259881410e-01 5.371517825189320305e-01 1.550322949816063112e-02 6.061003836580618476e-01 7.387745847962862156e-01 5.184238668591868437e-01 3.228614883454999918e-01 2.811971189269188987e-01 3.193959156516645859e-01 3.982307446192446809e-01 8.349580935931382175e-01 4.889931666261746468e-01 6.931813911417711305e-01 4.615995886334492981e-01 3.192845495536251743e-01 4.333806313342287719e-01 2.438652082246498543e-01 4.460551464250850362e-02 1.336996228720737090e-01 5.498548472982579538e-01 8.722835313521388745e-01 4.710416090107712783e+00 1.730801769102450205e+00 3.687022440190773409e+00 1.338671154290679688e+01 4.136677809635538772e+00 1.020059564950853925e+01 3.027504131308462121e+01 9.419792749397561948e+00 2.307946342262180295e+01 6.381960047611025288e+01 1.965354630284369009e+01 4.860044224095879883e+01 1.305419874198074126e+02 4.031665244759583544e+01 9.954319584540959909e+01 2.643511084680127965e+02 8.126124016083026902e+01 2.014122523083007081e+02 5.310840903997913074e+02 1.624440505002691566e+02 4.043691025832307560e+02 1.061913078474746953e+03 3.245141753482425884e+02 8.083828514353681385e+02 3.512690432994970191e+00 1.633191981797412318e+00 2.927327640089040450e+00
8.135444648549834401e-01 7.924025839805957094e-01 1.603440764816798092e-01 4.961129637696738426e-01 5.762003518757530252e-01 2.393533402058558579e-01 4.560348196772652241e-01 9.975280819439669155e-02 4.002543156790445700e-01 8.695754760668700234e-01 7.860593695377882106e-02 5.820235675987639468e-02 2.765101706898761558e-01 2.525106911285890376e-02 9.125457524373613571e-01 4.817646300850629837e-01 9.243537686025321554e-01 7.107122896579657345e-01 7.541107461168239379e-01 4.176957216914072291e-01 5.912336939169937633e-01 8.449095117311262726e-01 4.324147941514718818e-01 4.943470486695550337e-01 5.647019500684420379e-01 5.895520847342927695e-02 4.076847297161951822e-01 7.865530802529293597e-01 6.765259797625086113e-01 3.541500293694466173e-02 2.926539630041997686e-01 3.239000292200880926e-01 1.643755139124718490e-01 7.159335558135587751e-01 1.056876799796055977e-01 1.750144550440964064e-01 3.840388413913212728e-01 6.876117602069002910e-01 1.033314210469157279e-01 7.384396826984281903e-01 2.686014074900465731e-01 1.110928025208263170e-01 4.790181810932125916e-01 8.445764004004662207e-01 3.483335612437541418e-01 9.300811432845604854e-01 2.856206457273544608e-01 9.580624534415563831e-01 1.898510937469473081e-01 7.204274805906524248e-01 1.549735020957156983e-01 2.720166487991348969e-01 2.439808859600547386e-01 5.295722900512592757e-01 2.548352851076627346e-01 1.260038391473482511e-01 6.474184681176952116e-01 5.287694602768862051e-01 8.622746548311155390e-01 7.575290515778182465e-01 7.670986873636247427e-01 1.407722753335994836e-01 1.596600459053841847e-01 7.650228333320419072e-01 3.637634510702234980e+00 1.210116249413518252e+00 2.804056206907001414e+00 9.975012817253375630e+00 3.525267140388116616e+00 7.729983124235392467e+00 2.535061904075708128e+01 8.086305108405806408e+00 1.944277446101240869e+01 5.397324066503365714e+01 1.674833876705996971e+01 4.118056742208388243e+01 1.102495704381117037e+02 3.414698724143561037e+01 8.415374791703305846e+01 2.236891220906557010e+02 6.891922007556068763e+01 1.705249456405490491e+02 4.493122251415716164e+02 1.370590198604467389e+02 3.419608334920613970e+02 9.000201997559346410e+02 2.750206407689119033e+02 6.851807656644007238e+02 4.216609324704113426e+00 1.476802955199721268e+00 3.254436896891197417e+00
5.068503115255991176e-01 1.155520363662136951e-01 8.076224460126711913e-01 9.299844261139722512e-01 2.034766901768292335e-02 6.835484355079274321e-01 2.359659277468020289e-01 9.964117144425773676e-01 9.793240037645225549e-01 9.504602762769723823e-01 1.720667208713981822e-01 6.442563559770534409e-01 1.284016028243947227e-01 2.368372013964402667e-01 8.640232969085833714e-01 1.183626264268541339e-01 7.131115449816121110e-01 3.492164397732214765e-01 5.013739649990001102e-02 9.768947812002255482e-01 8.533540957845016095e-01 2.313147781759298249e-01 2.796017216239328196e-01 7.358228556429208256e-01 1.610976393440677334e-01 5.620672484951685366e-01 1.007422458342106530e-01 5.783806974496443765e-01 6.362347127363421340e-02 5.179367840600590522e-02 7.865436512426962068e-01 3.617735921980319569e-01 5.102086632232241126e-01 5.115868298468192465e-01 1.185436547988155676e-01 9.371705233015926728e-01 3.807459787810469898e-01 5.893310482143311324e-01 6.452441690729423529e-01 6.055477775165195586e-01 2.538941818374895742e-02 3.997230455847885500e-01 5.534534643749152716e-01 6.560397909648539860e-01 7.192008543709126345e-01 7.313090288681546314e-01 3.694154187159071068e-01 3.108316303414768722e-01 9.108279689831950687e-01 5.089972776783169284e-02 9.477685862937845762e-03 7.391876789723879071e-01 2.304210696735653485e-02 6.209232318232104086e-01 5.952032976818806276e-01 1.385794952012742165e-01 3.573589415570939121e-01 6.130534985654175761e-01 4.198189139674369796e-01 5.296121528505759457e-02 9.951630948220868689e-01 6.431650956039092204e-01 9.753296108883285909e-01 8.393782878511546475e-01 3.294026004352274661e+00 1.785206939035102192e+00 2.805063098805006039e+00 1.174560182518045437e+01 3.753078260043991587e+00 8.941532675461161261e+00 2.706779559398409418e+01 8.856104233617390520e+00 2.085585881049311396e+01 5.698714578074690706e+01 1.775698058013913538e+01 4.344984155241626667e+01 1.176129585238276150e+02 3.636615407581797399e+01 8.967721587973865383e+01 2.384201507348627160e+02 7.290448823565454006e+01 1.815274763276849512e+02 4.786055311022490741e+02 1.460389923568077961e+02 3.642327017518579737e+02 9.582820334381941620e+02 2.928652199097265907e+02 7.295241289395103195e+02 4.274271143707762732e+00 1.996119990229995977e+00 3.513797102966427222e+00
9.423493676026352128e-01 2.720423892309031810e-02 9.556400344092187416e-01 1.077797471081950453e-01 9.579122138380488094e-01 2.072094865086683280e-01 6.552314353389411261e-01 7.412110412474801624e-01 7.245012940617276964e-01 8.850737601237748109e-01 2.649834140428064533e-02 6.027184552934661266e-01 8.007343414353429445e-02 7.387847551120585443e-02 6.790495061591248493e-01 2.610900457326154056e-01 4.836640959569701304e-01 3.714389530396903227e-01 8.525658243387188584e-01 2.138376125056015153e-01 9.391111251600224863e-01 5.725514165505013464e-01 1.961172636793132584e-01 7.162229034939494587e-01 1.366114253972148251e-01 6.955895069072465242e-01 5.605443173605076934e-01 2.123148870614912642e-01 5.466833962206397723e-01 5.961642177184391933e-01 6.591455099618974689e-01 5.420868743129231282e-01 4.510471363158179425e-01 9.266113371067243865e-01 8.145435828065920036e-01 5.424772743405363862e-01 6.449807419506514705e-02 4.030218216703743694e-01 9.379912295788814802e-01 2.747103564646463658e-01 4.020270224884957555e-01 2.215030153330839191e-01 3.169337500418852871e-01 6.393475288351611052e-01 8.995313453944944193e-01 6.354801412006100270e-01 2.690646736010693374e-02 3.342107167550469882e-01 7.955357096060545752e-01 7.100523686387789635e-01 4.368407533089313510e-02 7.193413429978229301e-01 6.921623772468197267e-01 6.006159709266690738e-01 9.549652016661822618e-01 4.124416094782400455e-01 9.569478501129414783e-01 7.264557113585842218e-01 6.748091960619472252e-01 8.400672533036145362e-01 7.878399196025971385e-01 5.979899286573407968e-01 8.789289287851653754e-02 9.146712214887334769e-01 4.141336467648462971e+00 1.903731531454342152e+00 3.394984783472191125e+00 1.229024486441988984e+01 4.032037760677441796e+00 9.413694174776312096e+00 2.860789637867864954e+01 9.254963759978688032e+00 2.201823919629304882e+01 6.109307238447361499e+01 1.907125272708232799e+01 4.665198548268522671e+01 1.265304550056511488e+02 3.886899949366590334e+01 9.632523614811155710e+01 2.557162624260478481e+02 7.816449634705988103e+01 1.947264484142155823e+02 5.145583644237538010e+02 1.572512091481764003e+02 3.916996450232963980e+02 1.031316345890604907e+03 3.151151428227510678e+02 7.851516275075811109e+02 3.101625585078139125e+00 1.457264810689740120e+00 2.530126302949800010e+00
1.496083432702821625e-01 6.639068378137985560e-01 2.317326670747691386e-01 8.963140883054125929e-01 1.039962954084951985e-01 3.318079004312268765e-02 7.734902553444431561e-01 6.009102704676535511e-01 8.748469193517993681e-02 4.099483511068635622e-02 3.734419046736633385e-01 9.368074127586332178e-01 1.849956818462511476e-01 8.714696448801100281e-01 2.135673200126058102e-01 6.075393229445114063e-02 1.487112262641827609e-01 2.878094061100594514e-01 5.039304080619048110e-01 2.083701359544412046e-01 6.000029914102779083e-01 3.220896114172802083e-01 1.670159139818778726e-01 8.346789210586467167e-01 5.057073763118786758e-01 3.693576369317185248e-01 6.507069998368417707e-01 7.484341859313683454e-01 7.597483862534296639e-01 7.057957001120537255e-01 1.157120151545073528e-01 6.413673598469573633e-01 3.554132404552453606e-01 1.523876000599111435e-01 2.070226580745156975e-01 2.538755929759944907e-01 3.097472594729525630e-01 7.693821983983517576e-02 2.302869646272296400e-01 6.072688951842557525e-01 9.198501167649503207e-01 1.152553299608788384e-01 7.512242883775333002e-01 8.014634993185061340e-01 5.776030264027600669e-01 7.270477015040601731e-01 4.133246414585854955e-01 2.608444681783805841e-01 2.929757438377081913e-01 6.149347861276689420e-01 2.975436170460759033e-01 1.848030380856834354e-01 2.785228925558175250e-01 8.018658524468312843e-01 6.904682834812305714e-01 6.281636214843041577e-01 7.314186512710229016e-01 3.721517508589413659e-01 3.279496141882414229e-01 5.323537243985020373e-01 8.512417488359146356e-01 6.894448784063281765e-01 2.069305284264633116e-03 6.981675244040578265e-01 2.648895041236411618e+00 1.389456110182966109e+00 2.177979891421405689e+00 8.492009660851582709e+00 2.583043167418288988e+00 6.448173037061871504e+00 1.914242844111215902e+01 6.493556017564474203e+00 1.485217923215150648e+01 4.299811712659931828e+01 1.356870558147497796e+01 3.293727739388406661e+01 8.807675482679891843e+01 2.736287219109472701e+01 6.722807020579163861e+01 1.807502311478802426e+02 5.529182463698835193e+01 1.376170287474212444e+02 3.636175069670670723e+02 1.113592664785937103e+02 2.768962166851545135e+02 7.292919019806014376e+02 2.228333726872148191e+02 5.552475272971466893e+02 3.263717999218333610e+00 1.768766273705047798e+00 2.777794062426603094e+00
9.512474337184710915e-01 4.240389101946929751e-01 3.909876958331703900e-01 6.393944203422143868e-01 3.899610608842127846e-01 3.560969181790359928e-01 5.959011616255466270e-01 8.383444185841271157e-01 8.272916706588895330e-02 4.571863635914469315e-01 3.427608362569157796e-01 7.172380163312713774e-01 7.714692968512493199e-01 1.587005277782290724e-01 3.393610654341037147e-01 6.822821536239348506e-01 4.952690801508921048e-01 5.655865118323445406e-01 8.789844526576766626e-01 3.974653559948024828e-01 9.159379788821903068e-01 4.211869551462138483e-01 8.955257324266491237e-01 7.549351081056349111e-01 8.891629667325278152e-01 3.641606838029842752e-01 3.077258311422912396e-01 5.101353611949021039e-01 3.867003001023203712e-01 5.423265542581556797e-02 1.926022902636624901e-01 5.421756010286178373e-01 6.952820117489988405e-01 9.410840186704819699e-01 8.785004502717591590e-01 9.264034201303713578e-01 9.224618317861360550e-01 3.175636078244830074e-01 6.652913385590046857e-01 1.379265821905066858e-01 6.041954589461927538e-01 7.578938695798951297e-01 7.698925942222972774e-01 9.897037112542355075e-01 4.354567982120038927e-01 3.411979795290146500e-01 5.159906699900013161e-01 6.596907451134470524e-01 7.809339548939491227e-01 5.200665618225008835e-01 9.630406359238445901e-01 9.420009016679443681e-01 8.152912102018750051e-02 1.234045587252390330e-01 9.168680967233954204e-01 4.526298997471113195e-01 8.459446472968737973e-01 3.589667528493023507e-01 9.897077993433536225e-01 2.966279242221240287e-01 1.336625275398617418e-02 3.844889309073608041e-01 7.195560890685527289e-01 4.546919484580517201e-01 3.868456485593054772e+00 1.892081490744771166e+00 3.207053082083123563e+00 1.146455624984038835e+01 4.069291294181473617e+00 8.950936964635555881e+00 2.823749467552151060e+01 9.269786446332371810e+00 2.171748774148039729e+01 6.019212554458198383e+01 1.880881158671366293e+01 4.598804806370393550e+01 1.260720508684191827e+02 3.858698566424355647e+01 9.597151458593687323e+01 2.559963504405070012e+02 7.861335673557627501e+01 1.950087539569817352e+02 5.156343670860197790e+02 1.576772509175298751e+02 3.924896942206814856e+02 1.032496819086365349e+03 3.152016080906456068e+02 7.858339908067395072e+02 2.729752186901790001e+00 1.315225820962228287e+00 2.245822073989627299e+00
6.315573131993004186e-01 7.335297548088716146e-01 8.863142278041562516e-01 8.343344540004353771e-01 9.511869337188190165e-01 3.745315769355129776e-01 8.698257713496632126e-01 9.339621954559960137e-01 5.081090345095788940e-01 1.314787877112195691e-01 3.354985702839228257e-01 9.965665911031399427e-01 7.539486934396150142e-01 5.469046668715670245e-01 6.303431866342812384e-02 4.394133873310945848e-01 3.865032539540402823e-02 1.859023715528692611e-01 8.864620774954656834e-02 7.027257610411590250e-01 6.373385305353527208e-01 8.656774054047937650e-01 3.640672474420234561e-01 3.418396348367090942e-01 8.937893400428451596e-01 7.980255704446070908e-02 3.518956527988394978e-01 2.484491064682780026e-01 9.401026589910299602e-01 5.488657721606982065e-02 5.626301521208986189e-01 9.277010184160727757e-01 6.488826700718614005e-01 6.043735161355111574e-01 7.723141203579669822e-01 4.931202245096197867e-01 8.205861524477782165e-01 6.421976121878802957e-02 2.532960848850223101e-01 1.285143023430922460e-01 9.379012810074307538e-01 7.257539902844969415e-01 6.707687230264141043e-01 8.051952636581163336e-01 9.903714896991426819e-01 1.303527274743379039e-01 7.367180064428504593e-01 7.351090278478688012e-01 8.317680884667304486e-01 6.087506653795293765e-01 5.890195613789870333e-01 8.550098283161733370e-02 4.922950988928795901e-01 1.147006433610052722e-01 2.638039782703059943e-01 5.610705842479899452e-01 6.912267569802419409e-01 6.583107479107398463e-01 4.805136440148781718e-01 2.528930249670821029e-01 6.078274487097066192e-01 5.399393249430430863e-01 2.918613106102239119e-01 5.036063520976686858e-01 5.260536688726186405e+00 2.417204594479382962e+00 4.295036573421705306e+00 1.493101785782659618e+01 4.861803265572048005e+00 1.151147350619115883e+01 3.277085909274886433e+01 1.021747401424292256e+01 2.504330809187829487e+01 6.901698699003851800e+01 2.184056426912443882e+01 5.284223675496618000e+01 1.426494989766133017e+02 4.361067746015536528e+01 1.086039818947855480e+02 2.897319151448352841e+02 8.899310371586025781e+01 2.207277108492582727e+02 5.819156877826374057e+02 1.778798607944771959e+02 4.430305146714232478e+02 1.164557673602580735e+03 3.554256689631167774e+02 8.864038532950011131e+02 5.075389378801770768e+00 1.579234996363706678e+00 3.929953750045067640e+00
4.047002813267460697e-01 4.774582321540671304e-01 2.941484173424805393e-01 6.349472967492676423e-01 1.356578153450288537e-01 3.099561947314969368e-01 7.453252722088995474e-01 5.199058136833374366e-01 7.096799839431241486e-01 9.943597512914548187e-01 7.908059549013289891e-01 1.403111082061889725e-01 9.573398393300766029e-01 5.587460280244032074e-01 9.989979347223172379e-01 4.988899352651926522e-01 9.570968810646112157e-01 7.310911379622899720e-01 2.290000718652548395e-01 4.558849334836420075e-01 1.375108417202890454e-01 9.281792897385229280e-01 1.071492590587186378e-02 5.312724270402312543e-01 9.218657941513523912e-01 7.843662206861783392e-01 3.441202988139276941e-01 9.899811452312563542e-01 6.706590076793961241e-01 2.223254704386333769e-01 9.561769531772826847e-01 3.398259914393657599e-01 2.448231345105046364e-01 4.956173846481709555e-01 3.676040869701191482e-03 8.030996182235174974e-01 1.074767785343300197e-01 9.751558015929966405e-01 5.917103655817075314e-01 2.821245844648152534e-01 1.252412736282413341e-01 7.260822593287535875e-01 5.058300295659480250e-01 6.543901451718421303e-01 7.890694706621360632e-01 1.139532775772309492e-01 4.287267492544732939e-01 8.165695519716154038e-01 4.649152219621230930e-01 4.480199539517073504e-01 6.136532322878852641e-01 4.245271693497348897e-01 2.693479262004860875e-01 5.549456169062608746e-01 5.553039320437791471e-01 7.362779336041646028e-01 3.629046065227325979e-02 3.944057413579371563e-01 1.748315559564930233e-01 4.253350028819978812e-01 1.452306277083759145e-01 6.290371620398077512e-01 5.570415641679062890e-01 3.033143709313576020e-01 2.885986261085296434e+00 1.359411213089903203e+00 2.333757194707451799e+00 1.158376469007804843e+01 3.974731753548659707e+00 8.961847237530426113e+00 2.729965148057227609e+01 8.661390680069876780e+00 2.095061070347774645e+01 5.984747536320861627e+01 1.860634055098647366e+01 4.563281373419120257e+01 1.226597800837018610e+02 3.759760558215293003e+01 9.339936305122684246e+01 2.480826041984288963e+02 7.633097651691090846e+01 1.890634533366798280e+02 4.989485922634044641e+02 1.527235107491881081e+02 3.799169346003075702e+02 9.977588087785308062e+02 3.044407775705839754e+02 7.593656115753553877e+02 2.965622933608033307e+00 9.303063105768563101e-01 2.207685748676125215e+00
6.550781308490337684e-01 7.741390691761759202e-01 3.479321655113153389e-01 1.973378690067623120e-01 6.457414866917231544e-01 3.567224050376127664e-01 4.528612587077709417e-01 1.379747289168932189e-01 1.877629828496019115e-02 1.256415658231962995e-01 9.280170400273539677e-01 7.698176185148778439e-01 8.157207059200006771e-01 2.042884079027457167e-01 9.202432087182377263e-02 7.315298542106590807e-01 6.821053598078961056e-01 6.357082392102899604e-01 1.385091183761932854e-02 1.731256815532884463e-01 8.857670814839568862e-03 2.362700701005944204e-01 2.711464832096510680e-02 4.604470475668432927e-01 1.176064889859040896e-02 1.621925023001518085e-01 3.268864426282345192e-01 6.529756957100782966e-01 7.529971746051100645e-02 9.514389224103801945e-01 2.558982061769117244e-01 3.539138364591200014e-01 7.621699956155558731e-01 5.198287571700576093e-01 1.219684676732615269e-01 9.991734355032489967e-01 8.538934598030190060e-02 1.229034001099036377e-01 4.384354820963068944e-01 1.787071010453870068e-01 6.693755906742471229e-01 5.549416135253107951e-01 1.089014804470040954e-01 6.716389215444240612e-01 7.862344610405591627e-02 9.489925216095485005e-03 8.594930998387850796e-01 5.703780570569420005e-01 1.749790556075156989e-01 9.829688326731211845e-01 5.851351312027597285e-02 6.625474276583002142e-01 2.659312111723355354e-01 3.620385161738614022e-01 5.408729543782853089e-02 6.986838902187579858e-01 4.151766408325792135e-01 7.752149403996823063e-01 7.921911292291017315e-02 5.882507833481445125e-01 6.710206887394766229e-01 9.318298344419454482e-01 5.155998046812605429e-01 9.178620418353462540e-01 3.522085230558062552e+00 1.188547752131895230e+00 2.729609066575378939e+00 1.011277178589513248e+01 3.667687803722812667e+00 7.940560488095721681e+00 2.299095870414901555e+01 7.362699140390180474e+00 1.765424869255299356e+01 4.850885179603788799e+01 1.501485040453175479e+01 3.700265686804929288e+01 1.001388312040970447e+02 3.072296288079160576e+01 7.624251950179488801e+01 2.028466040369600307e+02 6.240904195285718004e+01 1.545205946256279503e+02 4.076552245515946993e+02 1.248249374877221101e+02 3.104612477557099055e+02 8.173338627870243727e+02 2.498878088915485023e+02 6.222953495572262455e+02 4.016899077765552661e+00 2.007154767042243826e+00 3.354670388366119305e+00
6.042721218326435606e-01 1.484765679098755120e-01 8.374039595564716221e-01 2.050453105432421541e-01 7.524200246348049514e-01 2.496227646737906314e-01 1.475617179735907447e-01 4.435124073248344345e-01 5.729188874898255568e-01 1.956850379299309717e-01 4.930066008175622017e-01 6.837990374579347996e-01 6.466057620714036336e-01 7.150743366945739865e-01 6.322674282371170129e-01 7.421210966712852297e-01 2.223628691945735980e-01 6.220742063229607322e-01 7.285405987924475912e-01 4.210049756508587038e-01 9.915639700996700112e-01 8.169535610180918006e-01 3.486054448157493990e-02 9.237154701043619465e-01 3.196038703241166345e-02 6.427192999598893008e-01 4.229205304833694168e-01 8.350490977723005193e-01 5.709428355238017616e-01 7.923416841895436491e-02 4.672116624530514573e-01 5.983329771027839916e-01 4.232768202104242317e-01 7.664891153996803430e-01 9.165501825583843853e-02 2.397046396795691203e-01 2.772936325452427520e-01 6.755547845113379912e-01 4.692215887850800238e-01 9.096585376593834260e-01 2.320724249573513642e-02 7.557965226054229602e-01 7.216896377946169228e-02 2.138942578429868790e-01 5.712220164149427459e-01 9.835609050675746534e-01 1.965953904416496423e-01 8.531873674542117536e-01 1.893239159944741790e-01 8.748163967080395675e-01 9.712051159905774611e-01 1.457575299830013993e-01 4.881509089135193102e-01 2.888135093638831696e-01 7.223817344875810287e-01 5.244823316593543172e-01 5.042330752738419797e-01 8.254313219758273590e-01 2.390690253250717934e-01 1.614978506651639778e-01 1.825578051650055267e-01 8.696727403572611648e-01 4.272555981350135701e-01 9.091671440069770682e-02 3.178237680151735578e+00 1.311820020534878672e+00 2.575405931184034269e+00 1.068650975985307561e+01 3.856394830598913970e+00 8.358964238490489862e+00 2.594735987593255189e+01 8.570504964065433384e+00 2.006971726620392360e+01 5.563893996687406940e+01 1.749611086501174739e+01 4.252821802527032702e+01 1.145276655953477132e+02 3.563510748438559261e+01 8.744708313518341924e+01 2.319447278770214211e+02 7.131914918149783489e+01 1.768004309266564462e+02 4.670561554096169630e+02 1.428666392149295632e+02 3.555787591203581428e+02 9.350157498904962949e+02 2.850929666605584885e+02 7.115608691822716310e+02 3.428375185500140532e+00 1.316861811822007011e+00 2.746144469967250590e+00
5.289778791924970580e-01 7.998852335650720180e-01 3.539669714914471799e-01 5.880762128341563422e-01 9.044502847125419631e-01 5.942123136300982988e-01 9.246081382675808147e-02 8.371643890795601450e-01 8.282661313439964035e-01 4.841060727291548460e-01 8.333761772032143300e-01 7.106865633884540401e-01 7.222868144944188940e-01 4.008634208874434224e-01 2.741944147479247196e-01 1.110557959579765441e-01 5.210238819964957413e-01 4.885471886910426331e-01 1.105108123277299681e-01 1.998778747796841060e-01 4.329761621697646445e-01 9.324844378139656165e-01 7.699270621488198962e-01 2.746243738198415052e-01 8.036157380671312689e-01 5.947998879005411688e-01 2.701781430671355011e-01 1.340682744265446757e-01 7.399673491119215241e-01 9.177319204146654474e-01 2.356430649081497908e-01 9.295620769455448240e-03 8.126750622191667439e-01 3.391919129575649006e-02 1.637018906170820687e-01 2.878901899966520572e-01 1.762529658757842066e-01 3.595428601143114689e-01 5.200173420080943520e-01 8.566815958703836165e-01 6.443608019190592007e-01 4.281256034458913451e-01 9.832363842445061008e-01 7.643297755333422483e-01 5.758438529164707775e-01 6.644187822254020714e-01 7.625094869335735659e-01 6.118432948527882109e-01 7.388182820713451449e-01 6.177993615987739107e-01 4.384054184101821017e-01 9.458366287681736484e-01 4.464789993681800295e-01 7.735219435858164960e-01 6.297331625537911926e-01 3.805308633619047809e-01 5.361234471962376125e-01 3.079413602408206385e-01 6.196594254510479072e-01 8.537317734969965821e-01 1.708050119600149630e-01 8.464592086786175695e-01 3.120575675581126474e-01 2.435069483392859890e-01 3.871374583658015123e+00 1.800538244086326012e+00 3.249137873717878655e+00 1.311598191543466463e+01 4.076302974081920993e+00 1.001416919098999436e+01 2.953103574756390515e+01 9.207581073876326627e+00 2.254159253011497555e+01 6.292494902415617730e+01 1.910874078942578436e+01 4.790039689070373896e+01 1.278441435846548302e+02 3.969425582222711313e+01 9.756123184403459447e+01 2.607314022377799461e+02 8.000748444769790524e+01 1.985812467911641193e+02 5.250607700152211237e+02 1.603832755912466155e+02 3.996689850097972112e+02 1.050870760337613547e+03 3.205417158399160371e+02 7.997650056080371996e+02 3.927039353898205132e+00 1.304291928629022657e+00 3.089195371004242574e+00
9.350531677623252769e-01 5.597901817778061506e-02 2.180594754031121019e-01 8.762578034473877953e-01 5.954281154886503780e-01 5.427480807085426351e-01 5.124350544311135902e-01 3.885345168116809411e-01 2.327259761651373493e-01 6.563405104969765036e-01 9.737891071342752447e-01 2.209923751568219075e-01 7.725288689628914129e-01 5.998055714895610402e-01 4.985005250653774533e-01 5.055687864791690300e-01 3.683753181187732206e-02 5.635079162225983263e-01 7.651694716822688980e-01 2.380009019142230731e-01 8.609844601365500560e-01 8.265155066232232617e-02 4.742244953267302776e-01 4.241027277912154947e-01 1.949478732463683084e-01 2.215906850738786904e-01 1.983510739192744232e-01 1.388789626177259207e-01 8.619295523326483410e-01 6.806446759820095060e-02 5.313023328014846447e-01 6.170989880350558066e-01 3.596900370898886701e-01 6.596500878742170837e-01 4.839657384641270488e-01 7.592590727835321074e-01 3.601451778399301640e-01 2.423684125983127657e-01 1.416214167296533377e-01 1.201978418672574600e-01 5.132600460046111701e-01 5.183646644953170401e-01 1.546349029925631058e-02 2.944596068000731037e-01 5.526534471616384447e-02 5.990594732390043253e-01 7.791697988289714161e-03 1.989424746803633015e-01 5.138644608559794769e-01 3.229782134802487992e-01 1.867894671196431711e-01 1.952199328369174092e-01 2.418432206257306039e-01 2.889426755144836045e-01 1.827388887797892769e-01 5.740270238319047369e-01 9.541198562151176343e-02 8.933638199355120602e-02 1.112905416111296120e-01 1.977059853771675479e-01 3.076188458044601948e-01 3.173137717217237030e-01 2.434461340363219817e-01 7.390738688992181116e-01 3.751239059494204220e+00 1.461454441202453491e+00 2.972449412461316776e+00 1.185747779420874970e+01 4.010244376646237896e+00 9.179061320358604448e+00 2.720850411237473310e+01 8.674388360753832572e+00 2.084414430537283636e+01 5.694190159794287354e+01 1.790137185000845221e+01 4.354425987346385796e+01 1.173446614515894453e+02 3.586891582279535839e+01 8.933135725053953990e+01 2.361246733886171683e+02 7.209029360328823088e+01 1.797585699299865780e+02 4.729869766953976296e+02 1.446580293079212822e+02 3.601381288648849477e+02 9.449852696374565539e+02 2.886980215914127257e+02 7.193795049118104998e+02 2.587489415851485397e+00 1.224309670135765415e+00 2.070991711016336723e+00
6.362973934935964859e-01 3.391542861638778827e-01 8.663539379504775484e-01 3.315790122850148514e-01 6.720229131223098840e-02 9.727685391536051718e-01 6.229455289269926199e-01 9.604576188086269006e-01 3.160388563642194670e-01 6.174851678883149786e-01 3.984025038617018399e-01 6.082757701481430468e-01 3.462312787324250962e-01 2.699457953700860058e-01 1.262977213814506783e-01 8.877347610835384373e-01 5.190834285757781608e-01 1.183311376614804011e-02 2.368443634489660887e-01 4.239846776354750935e-01 1.943704138230289979e-01 6.125724712086720869e-01 1.172286090052115926e-01 9.178451567963099578e-01 1.211319355129433228e-01 7.900266511488884813e-02 3.375224924372133284e-02 8.591971052625472227e-01 7.459424305611239703e-02 2.608282327140793999e-01 6.692717367438690834e-01 2.009605711485686896e-01 2.659060538099807802e-01 7.145225123674673329e-01 9.251614850322019690e-01 9.287155366528976330e-01 5.603162706770729029e-01 6.178550592794057605e-01 7.732297122640039433e-01 6.399311353939787228e-01 9.244241442053113822e-02 9.795978642549603155e-01 2.800547268760784636e-01 4.586403578150547444e-01 9.733211621548634174e-01 3.151601800505114959e-01 9.235889433280870531e-01 3.593577048980589606e-01 9.078636836965575663e-01 8.116066058313844422e-01 4.157199963856081926e-01 6.966731017973682993e-01 5.746423964816633756e-01 4.142822248523592155e-01 1.069230064992148233e-01 1.223011791799442083e-01 8.746150514687510702e-01 8.308844863869681019e-01 7.990855645429396636e-01 7.071158513481501373e-01 1.550096367425026767e-01 6.752341396504579762e-01 2.349998833003057452e-01 6.274024749517357336e-01 3.831817758985117006e+00 1.921913862777096416e+00 3.193295994898908141e+00 1.141338362522341932e+01 4.191078457578424121e+00 8.977583792018615227e+00 2.593026820830840862e+01 8.604780005740893856e+00 2.003028966497142704e+01 5.455851005071336601e+01 1.685576177983124424e+01 4.154393687591435480e+01 1.136430127369033301e+02 3.519445954706168322e+01 8.665413960185934172e+01 2.310934059554617477e+02 7.080542270927554682e+01 1.759685681265986261e+02 4.653563344546121243e+02 1.419434689134940299e+02 3.541860183971970741e+02 9.324003239089696535e+02 2.847412639627021349e+02 7.097513139212828719e+02 3.278610268280526707e+00 1.377465594786338787e+00 2.688547929301929873e+00
7.868357547623660020e-01 8.666840533419238879e-01 1.705182855489438820e-01 7.025646684608103376e-01 1.419408080977228037e-01 3.749487367822150752e-01 6.810814133880916943e-01 6.420652506796200587e-01 2.581196509096548297e-01 3.538416474323202721e-02 2.638475634705433892e-01 1.161555242067541238e-01 4.027119198219925034e-01 4.737523287813747430e-01 8.262908540028830462e-01 5.042727199884943223e-01 2.741350066438053013e-01 1.580093497383834311e-01 2.456119028631083001e-01 2.506168948753244585e-01 2.047961267745730396e-01 4.238505706969020181e-02 8.848875965293521162e-01 7.800485027772763313e-02 9.953052392508955348e-01 6.788645686961038983e-01 4.716602991400921097e-01 3.039616429820883869e-01 6.479738333091823455e-01 3.784791788773643750e-01 6.947365679569504904e-01 8.598821217072624146e-01 3.353500302226342100e-02 7.940344383288988617e-01 2.799455319757390148e-01 7.474925781949516290e-01 5.941894179113831331e-01 8.160399117378746014e-01 7.565152227631865012e-01 9.556476004902663135e-01 3.298631084745925479e-01 2.154981620440781231e-01 2.459099191908120652e-01 6.343368246626512885e-02 8.724316759199292060e-01 7.057130589027578171e-01 3.348169198842577687e-01 7.339507254028182492e-01 5.355764661518969127e-01 8.124731651155716605e-01 4.300393427351666409e-01 9.764492905395057987e-01 6.068502015042561704e-01 1.816128469191130579e-01 6.519539107656975307e-01 1.000229951442324072e-01 3.875068963299125313e-01 7.906238424492846306e-01 5.055308908139860558e-01 3.857394749730252981e-01 3.705902780939467345e-01 7.654441011334546241e-01 8.527686731546759713e-01 6.123528564904224814e-01 3.726955396591025149e+00 1.700132398179373006e+00 3.025223415136694793e+00 1.043023100416284876e+01 3.627838409039785716e+00 8.072729408650200611e+00 2.337411726725047600e+01 7.284231328112755754e+00 1.777324503034740388e+01 5.110418901815545212e+01 1.630977466316914359e+01 3.916751650579224986e+01 1.065702891426013110e+02 3.326678560431272302e+01 8.139063778300393892e+01 2.162741503527186637e+02 6.648339873841868553e+01 1.648382453945857549e+02 4.361789280053316702e+02 1.331187538651233524e+02 3.319475565025299488e+02 8.737067707935242424e+02 2.668848193936082112e+02 6.650620557094193828e+02 3.618964619128159477e+00 1.344218589695273636e+00 2.810778097540111542e+00
6.751350989038649164e-01 1.893808996145258661e-01 9.571046585961012765e-01 5.043373898614267326e-02 5.906110701102357252e-01 5.635849458930162204e-01 8.836009427596326349e-01 5.547051465395694825e-01 5.699609212385068346e-01 3.488760049418494491e-01 1.814657006663089600e-02 4.063436518257346197e-02 3.405129193984921532e-01 7.070752765331739242e-01 4.655240044933961485e-01 4.543480560870404306e-01 1.388149334204612506e-01 7.868121154256624283e-02 8.346255191709049948e-01 2.422708076205950523e-01 2.142559976142000000e-02 8.362960936799126443e-01 2.069234517968334686e-01 4.453671036043583831e-01 7.763188573990967845e-01 5.479537205501618935e-01 4.938609685390477066e-01 8.783090948957081867e-01 5.564004792405125022e-01 4.127523491972295844e-01 1.417936419378511559e-01 3.102133288226365249e-01 6.082772832991991674e-01 3.592004991127533131e-01 2.155345172739425719e-01 1.761038106251752167e-01 5.504870207693554063e-01 5.381429717861587747e-01 9.699532342363281767e-01 8.756691172658377376e-01 2.613324338560262250e-01 9.862736850403475142e-02 4.971762513143572759e-01 4.720552408665119604e-01 2.093979685215630049e-02 9.149952703810904087e-01 4.152611160971141357e-01 4.956755646876677135e-01 6.457035251521294761e-01 2.776075678871067209e-01 3.217071034759829695e-01 5.071891701696108479e-01 7.752466064854754979e-01 3.820970236060058367e-01 5.161298075004822072e-01 4.591009789160560572e-02 7.965519309659755409e-01 3.763184687916042437e-01 3.333564843661094290e-01 1.170241320533845775e-01 9.125161771337074734e-01 6.948488323189964122e-01 8.006187511873292806e-01 7.325011467919743113e-01 3.990756893179973286e+00 1.699311514592537709e+00 3.189822151371788372e+00 1.106893378214867596e+01 3.715023011829079014e+00 8.564585016507413329e+00 2.486193269504738268e+01 7.883542334516770111e+00 1.903556275551942889e+01 5.393353358046903168e+01 1.667084896942942152e+01 4.114712785320014632e+01 1.111993824177258006e+02 3.465776265412630863e+01 8.489140530142080365e+01 2.252899679842157639e+02 6.904777194869592449e+01 1.715697791235005809e+02 4.531305556199374678e+02 1.381975763879558485e+02 3.448437667402701550e+02 9.075472661929416063e+02 2.772874721980078334e+02 6.908869114960435809e+02 2.042792178088665533e+00 9.222744673692371276e-01 1.611640236970607321e+00
1.672262399381377884e-01 8.833143370883639323e-01 1.095632116749379881e-01 8.069294228427438265e-01 2.534274535912314219e-01 2.516783321071581758e-01 8.564854792225704561e-01 3.552765604909309261e-01 2.819803214227120103e-01 4.489158362646837874e-01 8.467626515575982227e-01 1.005665061540006455e-01 7.481203382700617466e-01 8.668149874537416366e-01 7.714760323072992199e-01 5.432438891027624450e-01 1.240619787317154277e-04 7.005847078195164279e-01 3.234806462375908742e-01 7.552330551038760609e-01 8.532398010874264749e-02 7.815885487624769645e-01 1.865401049043200477e-01 2.257595073801702545e-01 3.541941489279557542e-01 3.178290689083540510e-01 1.654991025945543592e-01 9.273294038336437062e-01 5.684063522038217409e-01 9.772419361893524004e-01 5.140059007796853319e-01 4.428231084016666097e-01 2.467831742067282397e-01 5.252918941096651473e-02 5.811425482617185168e-01 1.621234439995564713e-01 5.465045954057812239e-01 1.085649230651428709e-01 1.925911031623124270e-01 3.656195857143736960e-01 5.198382523415678858e-02 3.933166324131024405e-01 6.135890463130012629e-01 1.487519939226356058e-03 2.737350036549927035e-01 4.364020062440375769e-01 9.755151959675236739e-01 6.144737710332859315e-01 1.529178730925123686e-01 4.392403095789293443e-01 1.450768103781233664e-01 4.965900170265803437e-01 3.683062503534616505e-01 7.878862117653334662e-01 4.252822406970215852e-01 6.462088495400094557e-01 2.587475807974148889e-01 4.725672131211997584e-01 4.815986490892473215e-01 8.218086094257324170e-01 9.238441540180157840e-01 6.052897547741037387e-01 4.921471630016275300e-01 1.885091691837422756e-01 3.056375549307394301e+00 1.294770420117875354e+00 2.410073562864600394e+00 1.049614895039814932e+01 3.626827437442238455e+00 8.140648559110257310e+00 2.410730178865695805e+01 7.481419081205058497e+00 1.839611752960269797e+01 5.176915894673528840e+01 1.610077630768639523e+01 3.952411101971212304e+01 1.056604715161247157e+02 3.251585997597999267e+01 8.053007715561967927e+01 2.136720592635649894e+02 6.570281282112605936e+01 1.627655087181761928e+02 4.293390169981362305e+02 1.313867835776734410e+02 3.269243427990523969e+02 8.605947382731592370e+02 2.625169203597596379e+02 6.549695275384575552e+02 3.422997023691607410e+00 1.091936739928645261e+00 2.591931460672839194e+00
2.293221702347978397e-01 1.684860055665959866e-02 2.697458982294664853e-01 5.359601411534812287e-01 2.927492533510089867e-01 7.835856258066922209e-01 4.775432777185705246e-01 4.613024673397826403e-01 9.926158859360164621e-01 4.644229816983124204e-01 3.966438790199434683e-01 5.745297111551636027e-01 1.459397911861818331e-01 4.563348679763539195e-01 8.249639890538256193e-01 6.062494546779514382e-01 5.667836249054398756e-01 4.009353182155899198e-01 7.996435050442016745e-01 7.093553105093021172e-01 4.997833733677770063e-02 3.953259171072387446e-01 6.320543604812053351e-01 4.730584946534126534e-01 7.190355789805341624e-01 9.208880616242413053e-01 8.282269463264676501e-01 1.722501513020830988e-01 3.708637184546929033e-01 6.245402351252280493e-01 7.596167094895588390e-01 8.811575229610579818e-02 4.646149765259982578e-01 2.202678707231083832e-01 6.179881858247980864e-01 7.101208303368308217e-01 2.903146759398553822e-01 6.165963696884801948e-01 5.890481894267525220e-01 3.545273746268825521e-01 2.641042647366724783e-01 2.657188447040303991e-01 5.803254614805437583e-01 4.950002935713943009e-01 4.993129282142694247e-02 6.447199526821958404e-01 8.775674055523229322e-01 9.146430955851798661e-01 7.285934246237912859e-02 1.412558670546308903e-01 5.621518128024967087e-01 3.743396233982896337e-01 6.830378177002147666e-01 3.245178311295189300e-01 9.896973063765179823e-01 6.142397110229845802e-01 2.428313795276130227e-01 7.648817724388115025e-01 5.328650864975481571e-01 5.945325125488677420e-01 4.127363710199417612e-01 5.659923266661955887e-01 4.894986691033074155e-01 4.274165666780328499e-01 2.377153784829778793e+00 1.074000137801605081e+00 1.936688935596734273e+00 9.176875774843571421e+00 3.339997620559109315e+00 7.147207840122980826e+00 2.262083778844375459e+01 7.321848461132501207e+00 1.732310967753518582e+01 5.014820928068854755e+01 1.537560712097151772e+01 3.815763154438786842e+01 1.034930614502940500e+02 3.184852054600504800e+01 7.883971919745556534e+01 2.097206342683256821e+02 6.472110706233225130e+01 1.598476089455768658e+02 4.221427577064279717e+02 1.292735474501873512e+02 3.214174882413697674e+02 8.459196873468897593e+02 2.582466643003967306e+02 6.438656636625577221e+02 3.427828911640953269e+00 1.076282565755547704e+00 2.638238577032794296e+00
7.104896714760833287e-01 9.774413338497145443e-02 5.477814129666587206e-01 2.741588155475537247e-01 3.049030667947525419e-01 9.534868555271998058e-01 1.798851444721878412e-01 2.749022200182527076e-01 9.148332756200384663e-01 6.425381846756225146e-01 1.513753294075742550e-01 5.007209031046057079e-01 3.889409990663957872e-01 2.197518207549521430e-01 6.772100984339048946e-01 5.488223376653210694e-01 9.232201202697111198e-01 5.086457121034579920e-01 2.879408111082408794e-01 4.019040321251252657e-01 9.938386143341179091e-01 2.632243332458069629e-01 6.472661556838589236e-01 8.574246648564914919e-01 4.032473207614103439e-01 2.298493463128949976e-01 9.482643890556682331e-01 2.100624765761021084e-01 7.018621683062724603e-01 3.168495917381519700e-02 8.883382211077464063e-01 4.783386860457566891e-01 6.395470100834353966e-01 5.086818901636865897e-01 1.761582421046810065e-01 5.405756679280182553e-02 5.024858802120690804e-01 1.162678287867568994e-02 8.335550349717160135e-01 3.360749171985144557e-02 6.405620331412227308e-01 7.063477234049748699e-01 1.039827337135006413e-01 6.245001251868033121e-01 8.438521598966564063e-01 6.852515244216152990e-01 5.622423644121969932e-01 5.997484129824062205e-01 9.902322040818650750e-01 2.886336341484075918e-01 6.981794073613929452e-01 8.980245023750793587e-01 6.561219164000684501e-01 5.999486042544575071e-01 8.532561305574598576e-01 1.852562158929152991e-01 3.250199408158347403e-01 4.984610277360127517e-01 1.590820245712399883e-01 4.206085214703957353e-01 2.524725243840788558e-01 4.384849128003387442e-02 2.820614810673118811e-01 8.491001784985900969e-01 3.134125531586422486e+00 1.098283206245914689e+00 2.465009367090279735e+00 1.007515923783135747e+01 3.568562216164961498e+00 7.837891266816054525e+00 2.493477208641103715e+01 8.331398561730058105e+00 1.926784727556398025e+01 5.426079880248718013e+01 1.702131133297162791e+01 4.142108477630335273e+01 1.116256945016065458e+02 3.414175964777879102e+01 8.494055218796169981e+01 2.267235853133822729e+02 6.959347480894118121e+01 1.727379629255297289e+02 4.577567789380398722e+02 1.397447642764649061e+02 3.483812499840196324e+02 9.149109095563286473e+02 2.796548584007670115e+02 6.965295185142871333e+02 2.060399238264015498e+00 1.122962436943918618e+00 1.762598399665393334e+00
6.925138000951469586e-02 7.931923332416821459e-01 5.114800202459022227e-01 1.651823052085146237e-01 8.831112145761321752e-01 9.853837889385442805e-01 7.870390307580649170e-01 3.040289928227515315e-01 8.513897677471156111e-01 7.024679393747801370e-01 4.601424758813532634e-02 9.588106529629214503e-02 8.485907093416777958e-02 3.209979540787555319e-01 6.981909804138340947e-01 5.767451322867638286e-01 5.159072689666444056e-02 7.167704252104729612e-01 6.347074924350480929e-01 9.542505855452798613e-03 8.145918721169886911e-02 4.754347285378770493e-01 2.803366263639757161e-01 9.285262315843479941e-01 5.038824197418285689e-01 2.536610233435889761e-01 6.450016873596827738e-01 2.660890218927730588e-01 6.049947216552234996e-01 6.253099313942638293e-01 7.272901711436331462e-01 7.786282063701625011e-01 7.521017324581583674e-01 4.202336883576308635e-01 9.128750358085371275e-01 9.920362779716664914e-01 9.592916007977786430e-01 3.013958380939831816e-01 9.208021857750048333e-02 3.347303864127740836e-01 8.538732487311033736e-01 8.348637999328997195e-01 5.773602642165766019e-01 1.669439970053978595e-01 7.520506854309403355e-01 9.424673101273640663e-01 8.046548534988628987e-02 8.793355673850051790e-01 4.593723765918021895e-01 4.504282398003397470e-01 6.963088267216773763e-01 1.248865240011437505e-01 5.174487558302274248e-01 2.056423283566692906e-01 1.437939664763080438e-01 7.563448280112787803e-01 9.977834587074408956e-01 4.453236256784268710e-01 8.355488720192083552e-01 7.350256905592674750e-01 7.023485835758217499e-01 7.110842498091960451e-01 5.633538993466769007e-01 1.778357485796633330e-01 3.882025274590426456e+00 1.400771574294465527e+00 3.039919893605944168e+00 1.095878850091221501e+01 3.851364681050312377e+00 8.512567805927695019e+00 2.478751234236340295e+01 8.293717640108866362e+00 1.915348786665319736e+01 5.407388049821404508e+01 1.712945489101000618e+01 4.138396107834127235e+01 1.133457951197599982e+02 3.480749195569248400e+01 8.637375882742018973e+01 2.307442001857411924e+02 7.096221208256922353e+01 1.759097722083942585e+02 4.638074084307360181e+02 1.420083502030232410e+02 3.532176736027622042e+02 9.307530114356005697e+02 2.838978721666996421e+02 7.083448622196233373e+02 3.714188610284819170e+00 1.964925091514598599e+00 3.134788199780552009e+00
1.174480490177878256e-01 5.345098275084331219e-01 2.504193435091109921e-01 6.011088630783927300e-01 3.669728743669811166e-01 6.991690827039107603e-01 3.056542698820724491e-01 3.031335799529522035e-01 1.904454598681515343e-02 5.962066848879118419e-01 8.087089301393044494e-01 1.735559051147239629e-01 2.580665868587384004e-01 4.610439903629024450e-01 7.478280527720473358e-01 6.095283820267057839e-01 1.006514541810954455e-01 4.129151992893187462e-02 5.305562004010369037e-01 3.868960434392633152e-01 3.904146053409555117e-01 9.450376514097053038e-01 8.184249075760829939e-02 1.559874709374377000e-01 3.707925877964467487e-01 3.379585511508447215e-01 8.527011936048737306e-01 2.516678794035760447e-01 2.855431087171224069e-01 5.774724754225980528e-01 9.793745964782983870e-01 8.817181632442993022e-01 9.899885512257757814e-01 8.170172550764401853e-01 7.230153860157995105e-02 7.103508071603520380e-01 3.262334233073861389e-01 3.660635782864007925e-02 9.898756332762919108e-01 5.699574393364962299e-01 7.380443855974820888e-01 4.992596713119612506e-02 9.373137699302632742e-01 2.688182666258773779e-01 8.030585519007868989e-01 2.642913428562559952e-01 7.900767465675140322e-01 9.991547270314872220e-01 7.622095631631500279e-01 8.517029991484612594e-01 6.999387171259126017e-01 2.629917842507617509e-01 2.201010838408022918e-01 1.686015363849640014e-01 9.225131457660220580e-01 5.654532328968222554e-01 3.242923233030758912e-02 4.627860480749957928e-01 4.600526574806852453e-01 4.645077296118559351e-01 2.535807585738484304e-01 8.626293369668039945e-01 6.815821653014899617e-01 1.938781508213891502e-01 2.651392140072496684e+00 1.017055284178145946e+00 2.105933974023483035e+00 8.517732292046547471e+00 3.127002204487704606e+00 6.646138392219614666e+00 2.002561196628391116e+01 6.143095095190609811e+00 1.527580775359323972e+01 4.356480113725387326e+01 1.404786560034036746e+01 3.339904653277025659e+01 9.192882891590713257e+01 2.859943268803366223e+01 7.011588298528636187e+01 1.880602347901638893e+02 5.820155633453328647e+01 1.434239911862117367e+02 3.802148619125311484e+02 1.164642726346855284e+02 2.894919773581625009e+02 7.617126247994533514e+02 2.323753707023423374e+02 5.796861783849833500e+02 3.067381571761433889e+00 1.388460622206815209e+00 2.464886790390741211e+00
7.693611541068833271e-01 4.089831017730802820e-01 5.359527314632114292e-01 6.259372365201038013e-01 8.164861676723177419e-01 7.039575679944795050e-01 3.305356734459471424e-01 6.422981747507729988e-01 1.990516803233708387e-01 9.215711186959988366e-01 8.602514498199396176e-01 8.784432566573127099e-01 4.438969522834401715e-01 7.176010813038760094e-01 8.066160331841212283e-01 6.374941137336983532e-01 9.831471072106421349e-01 3.462284248506118933e-01 1.993741243530788854e-02 7.183631281122360157e-02 7.802545841764507717e-01 7.799238945930770939e-01 8.672618658016639781e-01 6.236330920194592675e-01 2.039350134958329841e-01 8.328663086479374256e-01 5.972093483558592597e-01 5.707456443736839136e-01 4.490953830580209916e-01 1.642952370586940880e-01 6.062629798054355312e-01 3.332847714124378413e-01 1.565760485898585186e-01 2.927361065577971377e-02 8.843843269494998660e-01 5.484861995398015999e-01 4.211798483817232874e-01 4.578150061222040490e-01 6.312512686356147595e-01 4.459044668862529592e-01 8.566787431346327697e-01 8.392369433694586434e-01 3.337506871184181545e-01 5.869728440883096310e-01 1.404362136620218582e-02 4.269036028542837480e-01 6.976748740129669057e-01 4.357502586949807410e-01 4.245348553900151201e-01 7.434085493694932989e-01 6.510538092397075705e-01 5.666900757291176705e-01 6.786597251493122762e-01 4.459092586082327170e-01 5.528833752269486368e-01 3.943057108492421525e-01 5.292284822956963009e-01 8.549418310425018763e-01 3.387954805760292620e-01 3.857706702919729835e-01 4.722091070471770013e-01 4.339792522045408107e-01 3.120557276186869400e-01 3.368572943728229685e-01 4.237502042553833448e+00 1.771944211676280689e+00 3.441918814963812689e+00 1.376122122580436802e+01 4.734335332823421005e+00 1.064087440241777394e+01 3.201949542085050382e+01 1.026918422164790279e+01 2.456515344998058836e+01 6.792755490976298915e+01 2.103165032525262390e+01 5.178045983852221923e+01 1.388765409085560236e+02 4.272941428772034556e+01 1.057938513704278023e+02 2.812358824527941010e+02 8.613661744351993832e+01 2.141301035921972584e+02 5.652872933356945850e+02 1.726757308545005287e+02 4.303012117300214641e+02 1.130912309961914161e+03 3.450491303806891779e+02 8.607393619138118765e+02 2.790472081880598587e+00 8.775822436076792243e-01 2.119720121115304057e+00
2.010764351091653968e-02 9.851954985730160264e-02 5.369599874143345941e-01 2.562972210837783926e-01 2.786812966126044344e-01 4.792711046405195852e-02 4.332349205057086650e-01 3.260002690778753820e-01 1.111153610421332649e-01 8.543287822418887956e-01 2.344242452256102283e-01 2.242299703268402222e-02 1.517634258695372829e-01 1.254447251844296174e-01 1.594973689952381424e-01 6.843115626294049569e-01 3.282212355943732174e-01 5.584223906244699664e-01 8.014674629048788024e-01 4.751201379372728129e-01 5.765295664548392152e-01 3.824478329327548609e-01 5.822864419459761187e-02 8.843929085514686816e-01 5.451931857879342980e-01 6.140253311317714902e-01 9.647616369602831643e-01 3.944290070087075328e-02 5.156486672042929209e-01 8.482925260480956853e-01 3.677931187129792612e-01 1.946865978668349539e-01 2.564537544216896059e-01 5.704147068420677424e-01 4.332638908243493514e-01 7.076160153298797217e-01 4.323717576306322918e-01 5.384364062941607854e-01 3.257274824189103635e-01 2.941942340621613861e-01 5.307358733672554729e-01 8.824695217188871510e-02 3.619115068317945161e-01 8.004277463964831751e-01 7.337198655452189522e-01 2.765685779183759685e-01 2.992713814566820840e-01 1.949694938813817391e-02 9.661814972539577440e-01 4.837852014656596200e-01 1.088664348947877558e-01 1.665773855574534945e-01 6.578489427420640689e-01 2.887323347167687349e-01 5.705779364577793222e-01 8.346363616901845139e-01 8.908000020762774085e-01 3.201306046975539443e-01 1.213091257741298890e-01 4.984128284020474808e-01 1.057128491593686270e-01 3.141480485166241454e-01 8.660074285224405033e-01 1.493465607522490579e-01 1.621876102994985303e+00 8.035086231842776261e-01 1.322385048659840079e+00 5.337293479901976667e+00 2.185257446545807891e+00 4.290392895141513563e+00 1.472863232272140799e+01 5.175027028839460641e+00 1.150589036764722373e+01 3.437422623607396588e+01 1.058306595927488125e+01 2.620746197710512959e+01 7.183061390230135146e+01 2.212112263144469182e+01 5.474803977177722913e+01 1.466256196243168688e+02 4.472238824288941572e+01 1.115869280866360356e+02 2.957742571360859642e+02 9.087581230581000113e+01 2.253707498085173313e+02 5.938941020675671325e+02 1.812541623709276735e+02 4.519658240990540889e+02 4.577207758398674109e+00 1.880557883135604236e+00 3.672147381810834332e+00
1.778439669046657512e-01 8.761636644671334517e-01 8.062448445825556309e-01 7.515770044488931934e-01 8.876906885190914975e-01 2.608927760066755974e-01 3.567731798459586878e-01 8.906084907469593581e-01 7.818664278196302275e-01 7.200017580753504953e-01 7.182932944477091741e-01 6.659830357516101085e-01 6.752891749549378986e-01 2.665224849363185822e-01 1.215119492441573135e-01 9.377131201331585508e-01 1.372929499105192130e-01 2.941892848576505015e-01 3.989933405292727109e-01 5.269324731546461971e-01 3.700228938683690627e-01 2.925471604026683714e-01 5.615231087290273315e-02 9.660946392185969511e-01 2.526685595432812681e-01 2.970560694109685151e-01 1.456157151410061301e-01 9.946417804402637453e-01 8.192238432257574754e-01 9.654588264732434366e-01 1.096616602599580492e-01 7.048915304672132010e-02 4.203964870980750890e-01 1.657704019350449975e-01 4.389491064036024071e-01 8.826139238626161676e-01 2.520247958987040793e-01 7.061100568552269863e-02 3.080909945257059857e-01 6.733271356711533207e-01 2.701387082641677484e-01 1.600525415217558534e-01 4.972903938037508409e-01 9.484865318325497174e-02 5.719480041650137903e-02 5.053409226971948831e-01 9.696224862411622070e-01 5.508658583084212745e-01 6.850616540567283641e-01 9.792155715674755179e-02 1.353965616317462928e-01 4.472699425222061986e-01 7.658705583612585022e-01 9.162121161810804493e-01 6.306600597960301258e-01 1.915428948313371293e-01 5.481692332358109043e-01 6.502257222875852394e-01 2.504190887315539404e-01 6.635711597189479782e-01 6.175620630364813124e-01 9.301835863942836680e-01 8.054855839124568373e-01 8.212036666347845015e-01 4.063454740946219168e+00 1.971876175418566968e+00 3.391191149443366637e+00 1.335394561401611924e+01 4.818469944646646574e+00 1.048290379139561423e+01 2.977490338340515308e+01 9.841967307779118102e+00 2.297972037918233568e+01 6.379920082226435341e+01 1.941897977669336584e+01 4.857665964265478209e+01 1.297481148844669292e+02 4.014138749152157004e+01 9.894776487962842282e+01 2.619332777288835814e+02 8.036240127567440084e+01 1.994611135528882642e+02 5.264540020659987931e+02 1.606264499333103970e+02 4.006823179899707839e+02 1.054064329892462865e+03 3.220179117343935218e+02 8.023979556591093569e+02 3.133023606099132330e+00 1.269471338451973796e+00 2.458882321362943379e+00
2.938518026545552386e-01 4.155306494101995707e-02 9.255356754634342931e-01 3.808560996851121372e-01 3.935498935356688266e-01 9.581420275058381009e-01 5.770242524023634356e-01 6.171861154920440518e-01 7.543818861347362237e-02 4.979374456084141309e-01 3.077295381842130029e-01 2.349328866356689138e-01 5.689746340687311665e-01 9.396173339248492518e-02 8.126383827066104848e-01 9.094471272172637288e-01 7.881606117708089831e-01 8.576682287293595497e-01 7.767950591431550533e-01 9.702558030539992773e-01 4.301553955443750965e-01 2.871133602524766903e-02 1.651096807155190138e-01 4.648065621148593785e-01 8.175031103457519599e-03 4.814341735552362112e-01 5.991458481731060104e-01 7.102986391486327822e-01 3.911622969934904770e-01 9.802242456310628071e-01 5.359616808364965346e-01 9.112382929673845666e-01 9.352925395473024039e-01 9.050587609727486216e-01 9.752183004327452664e-03 1.170077552980763880e-01 9.916615013646502552e-01 2.359851949419993211e-01 1.329501610727144012e-01 4.639063129372307248e-01 3.982618719863408874e-01 3.249269261824074828e-01 6.535563843296710029e-01 7.681258579902018324e-01 4.568197304936656433e-01 9.498148829069164023e-02 3.037757387924536756e-01 1.560970409568028794e-01 7.269868417114447867e-01 6.695157352982046284e-01 5.442506918755650736e-01 5.873450507103404883e-01 1.395096024264971257e-01 3.082594645888646623e-01 1.876928426490674928e-01 4.278934695098979279e-01 3.606346193973771763e-01 1.410823540474386295e-01 5.925576687788732810e-01 6.785436869454610775e-01 6.679420377308180612e-01 6.566771556547367217e-01 6.561443413723344609e-01 1.145211286906927528e-01 3.437683343790938650e+00 1.515177313522019897e+00 2.784667138239723894e+00 9.953850410975784158e+00 3.848789486219198253e+00 7.858451599818943478e+00 2.525770024684789661e+01 8.101731661818959651e+00 1.936712719859507459e+01 5.430560041182857844e+01 1.725944748825022046e+01 4.159646835325619918e+01 1.128611529172262635e+02 3.475745665535186646e+01 8.608224439933475480e+01 2.286369370150345901e+02 6.986168445285734663e+01 1.740325670822089137e+02 4.594074530429722927e+02 1.404057024874111619e+02 3.497412583204934435e+02 9.200555449323653647e+02 2.806012336850753286e+02 7.001756832669358346e+02 4.105802070638507217e+00 1.990536143528489621e+00 3.402100571866528700e+00
2.367367208689105107e-01 7.774974520996196237e-01 3.040058567741028561e-01 7.774920622647352175e-02 4.893204049026871338e-01 5.900211444878535882e-01 3.430781131993626554e-01 5.420067947091596894e-01 2.075275392940857389e-01 7.037155973349932259e-01 3.043756521330741593e-01 1.205084594145384713e-01 6.673869587847076623e-01 3.201552506329140568e-01 6.003274730923771063e-01 8.092874806895340445e-01 9.110083751247480821e-01 5.151192200841532287e-01 3.923510090551990404e-01 6.401846400005170024e-01 1.145011621203304575e-01 5.211686299072155748e-01 5.791007558164307234e-01 5.980438003022107152e-01 4.567318744081171333e-01 8.402715374300235851e-01 9.974359787436876124e-01 6.844692752680676673e-01 3.311391425813525746e-01 3.636710217466823103e-01 9.483333651502748873e-01 9.677264358903435726e-01 6.297299997475107602e-01 1.150331949571977708e-01 2.453719472530851986e-01 7.408107278029337772e-01 6.069116580954663220e-01 8.044713701513971360e-01 8.735782883450035063e-01 9.010495146933684696e-01 7.191152185271094677e-01 9.419683448140943050e-01 3.935930597959385047e-01 3.565979033595981784e-01 1.253204997886302463e-01 7.219484901246369102e-01 2.544753231182717013e-01 5.752026873696471920e-01 1.294216465750261946e-01 4.691338014963901681e-01 7.032586957102542335e-01 2.611087696553031634e-01 2.763561570953751989e-01 8.185196077797959324e-01 4.664240280062681432e-02 8.122003234274787209e-01 4.294076492214377039e-01 9.317689636298737144e-01 8.716238100121377341e-01 1.702133663868963254e-01 3.757413930765307608e-01 3.573736590938813018e-01 6.355653538178920314e-01 2.059024304276130257e-01 2.741921541760857561e+00 1.244141673714571850e+00 2.268243059963686026e+00 8.908608209659348631e+00 3.396766342006155348e+00 7.046135101733590034e+00 2.250713043538483404e+01 7.365108850539183294e+00 1.729556933670468410e+01 5.016108899476246563e+01 1.615353697797558752e+01 3.844506801721443878e+01 1.050111183476414993e+02 3.276214606823882036e+01 8.017857970419743197e+01 2.140290989799256351e+02 6.567500577988197108e+01 1.630540881114866920e+02 4.300047595519886272e+02 1.316795361824755162e+02 3.274965362257881907e+02 8.620680267367916940e+02 2.630223810573863261e+02 6.560792478866960664e+02 4.209720331992529374e+00 1.545325512990681993e+00 3.263929025241394388e+00
5.710739686877585042e-01 1.766649267989000016e-01 1.765462538078178545e-01 5.784910089267953914e-01 9.787318014097354801e-01 1.330675038196563742e-01 2.559139837400618012e-01 1.212160686852407077e-01 4.792825768648202311e-01 5.986351535375082911e-01 5.923246643702928527e-01 7.218747305546447945e-01 3.000743135019732222e-01 7.817763494257625734e-01 4.690125575683230519e-01 1.583263293384953307e-01 1.471866388502762746e-02 6.033265974995128955e-01 6.199059030945369697e-01 7.767133298394610641e-01 3.478572518537348390e-01 2.818123027362218203e-02 4.534225395657309754e-01 1.605988608905536408e-01 3.451858672590677468e-01 1.348634694911586829e-01 5.265707781909378937e-01 6.836198688711503380e-01 2.631803166789756787e-01 3.462835075417578512e-01 5.255463234000752326e-01 9.781033887706210850e-01 8.634744888635332849e-01 6.097486451652397443e-01 4.628374311554140919e-01 8.968142632732247765e-01 8.633654869918252484e-01 6.016278538577868318e-01 1.387768264991869893e-01 7.117137267710520465e-01 5.386918127694251268e-01 7.855927795038442074e-02 8.997325192258249782e-01 1.666059275488894764e-01 2.795317639292063117e-01 2.363541494672359855e-01 5.198693863536718585e-02 9.476504150740694410e-02 3.673515060015192235e-01 4.628495621006467609e-02 5.078350752791299660e-01 3.891688471292829021e-01 5.063048144738422351e-01 9.837134550079263962e-01 7.823716266346623094e-01 9.804169056595347653e-01 5.675485322580188230e-01 5.493327760661697035e-01 6.027149333289716360e-01 5.413753309307334227e-02 9.238569426684293262e-01 1.100217370172325015e-01 8.237431609719164660e-01 5.654035941932489262e-02 2.919638500582055762e+00 9.938112127599103562e-01 2.281540200992073331e+00 9.833783695241324452e+00 3.102065974757976186e+00 7.507956336018441590e+00 2.247648191493514602e+01 7.037025266236250687e+00 1.713323320277201844e+01 4.779348684639737144e+01 1.539625455265427867e+01 3.666694979857773973e+01 1.009977089482363652e+02 3.132122588412173414e+01 7.710634985820571785e+01 2.046884806488673689e+02 6.246346525775435765e+01 1.557913519978744148e+02 4.115507121935269197e+02 1.262518772859091172e+02 3.134856061315946363e+02 8.253963446434511297e+02 2.517560142897377489e+02 6.281375590067675603e+02 4.288590361320935962e+00 2.045905331753438805e+00 3.552289290235720820e+00
5.071972271463998094e-02 4.733413001360862182e-01 7.534451478500500121e-01 5.966644780025494033e-01 1.694986000184225405e-01 1.432371131288479038e-02 4.040149160345969381e-01 6.176217485110802041e-01 6.694939276949243290e-01 7.850732570409667543e-01 1.963268789573723305e-01 8.150829057354763707e-01 6.380688449938440865e-01 7.359167667910466726e-01 5.047803117404963125e-01 4.635666707166401501e-01 9.631398728037179335e-01 9.253716420892932337e-02 1.977587247883115795e-01 3.253530597935891944e-01 2.189278061325066194e-01 6.838378507036256826e-01 4.889149338613330009e-01 1.550756325702814520e-01 9.554855575659986222e-01 2.286734998375068439e-01 9.057424697386632362e-01 8.838082907875165484e-01 8.723966138826464434e-01 9.840999669703459629e-01 3.051437424527284614e-01 4.009949458450010606e-01 9.453665712793986042e-01 1.722836516717897171e-01 1.877421631240829836e-01 6.521480588680521606e-01 3.917334714045109800e-01 3.009818461097806264e-01 6.602532679352947076e-01 6.726495211745767699e-01 7.526711310641600594e-01 5.841782252272107456e-01 2.222394811479269094e-01 6.910366844253901242e-02 1.141454839659268305e-01 9.673918417748871290e-01 1.210896125623006636e-01 6.293983936195607365e-01 8.662232139475883885e-01 9.895623987865018734e-01 5.891747172344690142e-01 5.185643034874862778e-01 5.110970117647216648e-01 3.459856778353922468e-01 5.354916564114986510e-02 3.634411851348051670e-02 5.886325992795052864e-01 6.168882011690496325e-01 5.780495021975107228e-02 4.339848980189907612e-01 9.859713696677460115e-01 4.782072490067642567e-01 3.481859585275459690e-01 6.455051729837439911e-01 2.432977928419306490e+00 1.295357176217615702e+00 2.030558104357858440e+00 9.854371206101276925e+00 3.359328926939866733e+00 7.642779993792812476e+00 2.322724263785620025e+01 7.190291687047754010e+00 1.770700829397577536e+01 5.167381634815440350e+01 1.601017771627925868e+01 3.944904310452083251e+01 1.068102621036399853e+02 3.315498266830437046e+01 8.148888323140870682e+01 2.167067974257936669e+02 6.649077022521491642e+01 1.651186857769204437e+02 4.368572590776063862e+02 1.331845448697351912e+02 3.324720838307092663e+02 8.745089872286165473e+02 2.671185180034322570e+02 6.657430029356322621e+02 2.957272527899961645e+00 1.571080030036566599e+00 2.473168514943067553e+00
1.780811882998459827e-01 6.018785249435031348e-01 9.660262179428890095e-01 8.378479165363241776e-01 2.793711052502071412e-01 9.750220068462946976e-01 8.148186171458760008e-01 3.219476417987475747e-01 6.443429482661688912e-02 4.778032830071680115e-01 3.710794943486062092e-02 7.810196864029289587e-01 4.315281174714992174e-01 8.151667712325394444e-01 9.291398150990615168e-02 5.357656687979581722e-01 1.713278493351262366e-01 4.206916009379724208e-02 2.668174265630999242e-01 7.785031535240837242e-01 1.564850346227687483e-01 2.237894368195136874e-01 8.435916369132300252e-01 9.093218855069584716e-01 1.896155201458210593e-01 2.851086314748455530e-01 2.279174749032197855e-02 1.858325513189584832e-02 6.155957847365097768e-01 1.894780692446297321e-01 2.264860523220206812e-01 4.425892711578840455e-01 8.216665075123508188e-01 2.553240969052732456e-01 5.204251821868536299e-01 8.591745172888753945e-02 5.401642089031766236e-02 6.566474622032234532e-01 3.875035269243997105e-01 3.195733233524904460e-01 5.986084936741381535e-01 8.616023290295207193e-01 5.069555923236173101e-01 4.084224597450913929e-02 2.722465113115057900e-01 1.307664836535795683e-01 4.665062810255190540e-01 9.135185393235674134e-01 4.768792569308843987e-02 6.551095890312810255e-01 6.639580364053836448e-01 9.773072163749948471e-01 3.388023935172045364e-01 7.097075400823622537e-01 5.334276466317041665e-01 4.118468921172295794e-01 4.241519157742967838e-02 1.194101945296830447e-01 7.867340956447747002e-01 2.584944152154765584e-01 8.688526215468100888e-01 5.446072626386528892e-01 1.482436991837912110e-01 4.510278438715865645e-01 4.370642188735053502e+00 1.591554673116739149e+00 3.376510069493790400e+00 1.145652065351992555e+01 3.856482699724060215e+00 8.893607254395030637e+00 2.564606343406332911e+01 8.638756153628676770e+00 1.977537843433567488e+01 5.378507761483284355e+01 1.675267910557160178e+01 4.108743029206956976e+01 1.107118472835343397e+02 3.398827194692443499e+01 8.433522860210284477e+01 2.241322419447141385e+02 6.910939110989828293e+01 1.708623538215007613e+02 4.516422356055678051e+02 1.380253489780430982e+02 3.437983503397700247e+02 9.036472240112399277e+02 2.758196533197535700e+02 6.878321743178871657e+02 2.939421303978490219e+00 1.487881516911620849e+00 2.478168807148651176e+00
2.663081758920314845e-01 6.448682927832332101e-01 5.920856359947122005e-01 1.000544265184927228e-01 3.400926874923152488e-01 9.998425870352829481e-01 9.352403996053680890e-01 1.952548169256665966e-01 3.547443982398685858e-01 4.791754981698181926e-01 2.975538548737094446e-01 9.467311775530388163e-01 8.277602224120372831e-01 2.542137205872663230e-01 3.235985782993477944e-02 2.057517020684351827e-03 3.083270994883566818e-01 5.676516425745908867e-01 8.792489491108049782e-01 2.196253579468738781e-01 7.824180079401922283e-01 2.282977935325679608e-01 7.554427873439177876e-01 5.812546144467138909e-01 7.761610667952679732e-01 3.038403550373289796e-01 6.557338567113946137e-01 3.107799991881654567e-02 6.100593477631270911e-01 7.717448627918682691e-01 8.925529359991268841e-01 8.024148710112211091e-01 3.666300907716379953e-01 2.125229382447596516e-01 1.607396088892968367e-01 6.859453705637421628e-01 9.245882116723657118e-01 8.086017331675935393e-01 1.042845598039064958e-01 5.628008246046676266e-01 6.378404305981758560e-01 8.150324475099123278e-01 8.836322685640772834e-01 9.903818969364425184e-01 4.413241770522565721e-01 7.382623798877846477e-01 5.586283181632628603e-01 9.293630817916216369e-01 4.429648606409382072e-01 9.373711363270577079e-01 1.287394113074669111e-02 5.553966607137365008e-01 3.794986910516837675e-01 1.217126097907346161e-01 6.457172999340221597e-01 8.039187724907871369e-01 4.046553339490988055e-02 7.851852670413651536e-01 8.044670832045117681e-01 2.599092521638580733e-01 4.003775249864474084e-01 1.590354317794552275e-01 1.892696064084362639e-01 6.505515765686364915e-01 3.641980385272719278e+00 1.263123312158151546e+00 2.793420552199380236e+00 1.060480556744289693e+01 3.210787662322248881e+00 8.084404229579165602e+00 2.487845886389948902e+01 8.108437349833732100e+00 1.911059337450223694e+01 5.440614011816293782e+01 1.724884098594183257e+01 4.164189273301293781e+01 1.125245437492492613e+02 3.468467600521479710e+01 8.583196795585925543e+01 2.299788489139298520e+02 7.086354565106718439e+01 1.752951760056249952e+02 4.626327594761060027e+02 1.417588210286523633e+02 3.523198314347558266e+02 9.260948694345524927e+02 2.828780923753032539e+02 7.049699809757338471e+02 4.320473435586285937e+00 1.574879935779424756e+00 3.337277595794418517e+00
3.393445694407067892e-01 2.643258037710366493e-01 8.429645103040225296e-01 5.250578179984189964e-01 4.768302797847618901e-01 3.591193046596693472e-01 5.558445364682259582e-01 5.000428967134473712e-01 7.657521802827254032e-01 1.939205883768491123e-02 2.148414505556179854e-01 6.933457474308413193e-02 2.579686593534954442e-01 2.402853181009283468e-01 3.323675528211000874e-03 9.761458270415335203e-01 2.672345852421000867e-01 6.629922190028667561e-01 3.582364391489563094e-01 7.736997016190171328e-01 9.689469564192143558e-03 3.166928207768713310e-01 1.541015005737624843e-01 6.679367297993815678e-01 6.328282987431232964e-01 9.818891571906159799e-01 7.258463264391690206e-01 6.357746905378406366e-01 5.187173169756510438e-01 2.736432239050859971e-01 6.089780104973835373e-01 2.881359033567542083e-01 9.220457955247828297e-01 5.459965887578923649e-01 5.994125708865388757e-01 9.906514499506305915e-01 8.849889215614105131e-01 8.979036156244816214e-01 5.423714181902937748e-01 6.809756796549081281e-01 9.584962154996622408e-01 1.092333250163435299e-02 6.647006903505718878e-01 7.279593465526679186e-02 3.173080558254836037e-01 7.021257516649812569e-01 9.423376779826130312e-01 8.591761371973759553e-01 7.456195083545222868e-01 3.444461884995719814e-01 2.245345779795530072e-01 8.228592803163605751e-01 9.213155488125156500e-01 6.062015770309576723e-01 1.074891307368869287e-01 3.675101787215988569e-01 3.010255075029973915e-01 7.718978438480366133e-01 7.604785939214717683e-01 5.046335961875051401e-01 9.703552552701297795e-01 4.595970456190290321e-01 2.291696251511973204e-01 8.052142934764573434e-01 3.348357796038367251e+00 1.453149418287205119e+00 2.688686412591914987e+00 9.106830251742561444e+00 3.542858905099620426e+00 7.265590333276863433e+00 2.180196057288089762e+01 7.185595454588600717e+00 1.679523863278848239e+01 4.869778978481049592e+01 1.512028786504984978e+01 3.713383263358439024e+01 1.028180990510380184e+02 3.186580729506333753e+01 7.846008881772533528e+01 2.095337057312419518e+02 6.460911152646421840e+01 1.597012517949412995e+02 4.225857356894802592e+02 1.290798672642402778e+02 3.217256840312840040e+02 8.469484594822906729e+02 2.588389735380620778e+02 6.448124811527895872e+02 3.406777525583491784e+00 1.843789983542375666e+00 2.905013131551690719e+00
2.772864943702529894e-01 6.786263306226946179e-01 3.860563625356695505e-01 7.279867118088563238e-01 3.619708661845791875e-01 5.573072650237770320e-01 7.892667764285857812e-01 8.414140223220518688e-01 5.337814956407791467e-01 4.765348171709526959e-02 6.020917551763790287e-01 3.310288074590861385e-01 5.821508745000444351e-01 2.889004677459964254e-01 2.649210356127376098e-01 4.804271145141972843e-01 7.179386859156489109e-01 1.321988709070837098e-01 5.880197869972307867e-01 7.435863341073742916e-01 3.499468217601454656e-01 8.131904857095224592e-01 6.766708031337265172e-02 9.069632626111940876e-01 1.907914596288651232e-01 5.609508537502836401e-01 2.215445643741253967e-01 1.298770339011966479e-01 2.824640577745857195e-01 6.059189472617907413e-01 3.126245732060580762e-01 7.288287023210207050e-01 2.112900974670383070e-01 4.036861730807623783e-01 5.595548673706136622e-01 7.672144366756050715e-01 6.620563749772057083e-01 6.143372873047654448e-01 5.003790465603987769e-01 1.908062134454616698e-01 7.742344048918746724e-01 1.390344139658402645e-01 9.272594162622636027e-01 3.552960261362289041e-01 8.563557001465459395e-01 7.002694159296788401e-01 5.882247288047273148e-01 5.597337532340944666e-01 5.921604573688042938e-01 8.846447674937814032e-01 5.820982958990101874e-01 2.567214364012413430e-01 9.675187915166463259e-01 3.617954497272648506e-01 9.968031561718352362e-01 5.627724154688518166e-02 5.514513978024992991e-02 4.026296518272352021e-01 6.212376280336401324e-01 2.227354790956125319e-01 6.435425183625117507e-01 9.321271036105347463e-01 1.667448036580458925e-01 8.233158200077584921e-01 3.549458472329573233e+00 1.799506827676087273e+00 2.948922614138306031e+00 1.085849348715044371e+01 3.697449897221765536e+00 8.416803656604768591e+00 2.568917848554799832e+01 8.498340081459868856e+00 1.984253257960065397e+01 5.441346800754225654e+01 1.714994559912996763e+01 4.164340854029032357e+01 1.128422844587902176e+02 3.455006605131746511e+01 8.591595327575826957e+01 2.296213154397112248e+02 7.044592205530068441e+01 1.749147620071497613e+02 4.630756340295678797e+02 1.412857344364450114e+02 3.524042113284792777e+02 9.262901572027114980e+02 2.829890322985973512e+02 7.051833158826826775e+02 3.378410379921084949e+00 1.644151987486777156e+00 2.808772487481753899e+00
